2025-09-27 06:38:30.816 [INFO] PORTX - PORTX 2.0 PowerShell Import Manager
2025-09-27 06:38:30.823 [INFO] PORTX - PowerShell Version: 7.5.3
2025-09-27 06:38:30.825 [INFO] PORTX - Platform: Win32NT
2025-09-27 06:38:30.830 [INFO] PORTX - PORTX 2.0 Package Import Starting...
2025-09-27 06:38:30.832 [INFO] PORTX - Packages directory: C:\App\PORTX\packages
2025-09-27 06:38:30.834 [INFO] PORTX - Clean mode: Removing all existing wrappers...
2025-09-27 06:38:30.872 [INFO] PORTX - Processing: 7zip
2025-09-27 06:38:30.878 [DEBUG] PORTX - Validating package: 7zip
2025-09-27 06:38:30.891 [DEBUG] PORTX - Package 7zip validation passed
2025-09-27 06:38:30.894 [INFO] PORTX -   Import type: wrap
2025-09-27 06:38:30.898 [INFO] PORTX -   WRAP: 7zip
2025-09-27 06:38:30.900 [DEBUG] PORTX - Processing tool: 7za, path: 7za.exe
2025-09-27 06:38:30.905 [DEBUG] PORTX - About to create bash wrapper with: PackageName=7zip, ToolName=7za, ExecutablePath=7za.exe, DefaultArgs=''
2025-09-27 06:38:30.908 [DEBUG] PORTX - New-UniversalBashWrapper called with PackageName='7zip', ToolName='7za'
2025-09-27 06:38:30.911 [INFO] PORTX - Building universal PORTX Go wrapper...
2025-09-27 06:38:30.915 [DEBUG] PORTX - Building universal wrapper: C:\App\PORTX\packages\go\bin\go.exe with args: build, -o, C:\App\PORTX\go\target\portx-wrap.exe, . (from directory: C:\App\PORTX\go)
2025-09-27 06:38:31.193 [DEBUG] PORTX - Copied config directory to wrapper location
2025-09-27 06:38:31.195 [INFO] PORTX - Universal Go wrapper built successfully: C:\App\PORTX\go\target\portx-wrap.exe
2025-09-27 06:38:31.199 [DEBUG] SANITIZE - Sanitizing file: C:\App\PORTX\wrappers\posix\7za
2025-09-27 06:38:31.206 [DEBUG] SANITIZE - File sanitized: C:\App\PORTX\wrappers\posix\7za
2025-09-27 06:38:31.208 [DEBUG] PORTX - Created universal bash wrapper: C:\App\PORTX\wrappers\posix\7za
2025-09-27 06:38:31.209 [DEBUG] PORTX - New-UniversalCmdWrapper called with PackageName='7zip', ToolName='7za'
2025-09-27 06:38:31.213 [DEBUG] PORTX - Created universal CMD wrapper: C:\App\PORTX\wrappers\windows\7za.cmd
2025-09-27 06:38:31.215 [DEBUG] PORTX - About to create Go wrapper with: PackageName=7zip, ToolName=7za, ExecutablePath=7za.exe, DefaultArgs=''
2025-09-27 06:38:31.217 [INFO] PORTX -   Created 1 wrappers for 7zip
2025-09-27 06:38:31.219 [DEBUG] VALIDATION - Starting wrapper validation for package: 7zip
2025-09-27 06:38:31.221 [DEBUG] VALIDATION -   Wrapper validation passed for 7zip
2025-09-27 06:38:31.223 [INFO] PORTX - Processing: act
2025-09-27 06:38:31.225 [DEBUG] PORTX - Validating package: act
2025-09-27 06:38:31.229 [DEBUG] PORTX - Package act validation passed
2025-09-27 06:38:31.231 [INFO] PORTX -   Import type: wrap
2025-09-27 06:38:31.232 [INFO] PORTX -   WRAP: act
2025-09-27 06:38:31.234 [DEBUG] PORTX - Processing tool: act, path: act.exe
2025-09-27 06:38:31.235 [DEBUG] PORTX - About to create bash wrapper with: PackageName=act, ToolName=act, ExecutablePath=act.exe, DefaultArgs=''
2025-09-27 06:38:31.236 [DEBUG] PORTX - New-UniversalBashWrapper called with PackageName='act', ToolName='act'
2025-09-27 06:38:31.238 [DEBUG] SANITIZE - Sanitizing file: C:\App\PORTX\wrappers\posix\act
2025-09-27 06:38:31.241 [DEBUG] SANITIZE - File sanitized: C:\App\PORTX\wrappers\posix\act
2025-09-27 06:38:31.242 [DEBUG] PORTX - Created universal bash wrapper: C:\App\PORTX\wrappers\posix\act
2025-09-27 06:38:31.243 [DEBUG] PORTX - New-UniversalCmdWrapper called with PackageName='act', ToolName='act'
2025-09-27 06:38:31.246 [DEBUG] PORTX - Created universal CMD wrapper: C:\App\PORTX\wrappers\windows\act.cmd
2025-09-27 06:38:31.247 [DEBUG] PORTX - About to create Go wrapper with: PackageName=act, ToolName=act, ExecutablePath=act.exe, DefaultArgs=''
2025-09-27 06:38:31.249 [INFO] PORTX -   Created 1 wrappers for act
2025-09-27 06:38:31.251 [DEBUG] VALIDATION - Starting wrapper validation for package: act
2025-09-27 06:38:31.252 [DEBUG] VALIDATION -   Wrapper validation passed for act
2025-09-27 06:38:31.253 [INFO] PORTX - Processing: adb
2025-09-27 06:38:31.255 [DEBUG] PORTX - Validating package: adb
2025-09-27 06:38:31.274 [DEBUG] PORTX - Package adb validation passed
2025-09-27 06:38:31.276 [INFO] PORTX -   Import type: wrap
2025-09-27 06:38:31.277 [INFO] PORTX -   WRAP: adb
2025-09-27 06:38:31.278 [DEBUG] PORTX - Processing tool: adb, path: adb.exe
2025-09-27 06:38:31.279 [DEBUG] PORTX - About to create bash wrapper with: PackageName=adb, ToolName=adb, ExecutablePath=adb.exe, DefaultArgs=''
2025-09-27 06:38:31.280 [DEBUG] PORTX - New-UniversalBashWrapper called with PackageName='adb', ToolName='adb'
2025-09-27 06:38:31.283 [DEBUG] SANITIZE - Sanitizing file: C:\App\PORTX\wrappers\posix\adb
2025-09-27 06:38:31.285 [DEBUG] SANITIZE - File sanitized: C:\App\PORTX\wrappers\posix\adb
2025-09-27 06:38:31.286 [DEBUG] PORTX - Created universal bash wrapper: C:\App\PORTX\wrappers\posix\adb
2025-09-27 06:38:31.287 [DEBUG] PORTX - New-UniversalCmdWrapper called with PackageName='adb', ToolName='adb'
2025-09-27 06:38:31.289 [DEBUG] PORTX - Created universal CMD wrapper: C:\App\PORTX\wrappers\windows\adb.cmd
2025-09-27 06:38:31.291 [DEBUG] PORTX - About to create Go wrapper with: PackageName=adb, ToolName=adb, ExecutablePath=adb.exe, DefaultArgs=''
2025-09-27 06:38:31.292 [INFO] PORTX -   Created 1 wrappers for adb
2025-09-27 06:38:31.293 [DEBUG] VALIDATION - Starting wrapper validation for package: adb
2025-09-27 06:38:31.295 [DEBUG] VALIDATION -   Wrapper validation passed for adb
2025-09-27 06:38:31.296 [INFO] PORTX - Processing: ag
2025-09-27 06:38:31.298 [DEBUG] PORTX - Validating package: ag
2025-09-27 06:38:31.301 [DEBUG] PORTX - Package ag validation passed
2025-09-27 06:38:31.303 [INFO] PORTX -   Import type: wrap
2025-09-27 06:38:31.304 [INFO] PORTX -   WRAP: ag
2025-09-27 06:38:31.306 [DEBUG] PORTX - Processing tool: ag, path: ag.exe
2025-09-27 06:38:31.307 [DEBUG] PORTX - About to create bash wrapper with: PackageName=ag, ToolName=ag, ExecutablePath=ag.exe, DefaultArgs=''
2025-09-27 06:38:31.308 [DEBUG] PORTX - New-UniversalBashWrapper called with PackageName='ag', ToolName='ag'
2025-09-27 06:38:31.310 [DEBUG] SANITIZE - Sanitizing file: C:\App\PORTX\wrappers\posix\ag
2025-09-27 06:38:31.312 [DEBUG] SANITIZE - File sanitized: C:\App\PORTX\wrappers\posix\ag
2025-09-27 06:38:31.313 [DEBUG] PORTX - Created universal bash wrapper: C:\App\PORTX\wrappers\posix\ag
2025-09-27 06:38:31.314 [DEBUG] PORTX - New-UniversalCmdWrapper called with PackageName='ag', ToolName='ag'
2025-09-27 06:38:31.317 [DEBUG] PORTX - Created universal CMD wrapper: C:\App\PORTX\wrappers\windows\ag.cmd
2025-09-27 06:38:31.318 [DEBUG] PORTX - About to create Go wrapper with: PackageName=ag, ToolName=ag, ExecutablePath=ag.exe, DefaultArgs=''
2025-09-27 06:38:31.319 [INFO] PORTX -   Created 1 wrappers for ag
2025-09-27 06:38:31.321 [DEBUG] VALIDATION - Starting wrapper validation for package: ag
2025-09-27 06:38:31.322 [DEBUG] VALIDATION -   Wrapper validation passed for ag
2025-09-27 06:38:31.323 [INFO] PORTX - Processing: age
2025-09-27 06:38:31.325 [DEBUG] PORTX - Validating package: age
2025-09-27 06:38:31.329 [DEBUG] PORTX - Package age validation passed
2025-09-27 06:38:31.331 [INFO] PORTX -   Import type: wrap
2025-09-27 06:38:31.332 [INFO] PORTX -   WRAP: age
2025-09-27 06:38:31.333 [DEBUG] PORTX - Processing tool: age-keygen, path: age-keygen.exe
2025-09-27 06:38:31.334 [DEBUG] PORTX - About to create bash wrapper with: PackageName=age, ToolName=age-keygen, ExecutablePath=age-keygen.exe, DefaultArgs=''
2025-09-27 06:38:31.336 [DEBUG] PORTX - New-UniversalBashWrapper called with PackageName='age', ToolName='age-keygen'
2025-09-27 06:38:31.338 [DEBUG] SANITIZE - Sanitizing file: C:\App\PORTX\wrappers\posix\age-keygen
2025-09-27 06:38:31.339 [DEBUG] SANITIZE - File sanitized: C:\App\PORTX\wrappers\posix\age-keygen
2025-09-27 06:38:31.340 [DEBUG] PORTX - Created universal bash wrapper: C:\App\PORTX\wrappers\posix\age-keygen
2025-09-27 06:38:31.342 [DEBUG] PORTX - New-UniversalCmdWrapper called with PackageName='age', ToolName='age-keygen'
2025-09-27 06:38:31.344 [DEBUG] PORTX - Created universal CMD wrapper: C:\App\PORTX\wrappers\windows\age-keygen.cmd
2025-09-27 06:38:31.346 [DEBUG] PORTX - About to create Go wrapper with: PackageName=age, ToolName=age-keygen, ExecutablePath=age-keygen.exe, DefaultArgs=''
2025-09-27 06:38:31.347 [INFO] PORTX -   Created 1 wrappers for age
2025-09-27 06:38:31.348 [DEBUG] VALIDATION - Starting wrapper validation for package: age
2025-09-27 06:38:31.350 [DEBUG] VALIDATION -   Wrapper validation passed for age
2025-09-27 06:38:31.351 [INFO] PORTX - Processing: analyze-code
2025-09-27 06:38:31.353 [DEBUG] PORTX - Validating package: analyze-code
2025-09-27 06:38:31.356 [DEBUG] PORTX - Package analyze-code validation passed
2025-09-27 06:38:31.359 [INFO] PORTX -   Import type: wrap
2025-09-27 06:38:31.360 [INFO] PORTX -   WRAP: analyze-code
2025-09-27 06:38:31.361 [DEBUG] PORTX - Processing tool: analyze-code, path: analyze-code.sh
2025-09-27 06:38:31.362 [DEBUG] PORTX - About to create bash wrapper with: PackageName=analyze-code, ToolName=analyze-code, ExecutablePath=analyze-code.sh, DefaultArgs=''
2025-09-27 06:38:31.363 [DEBUG] PORTX - New-UniversalBashWrapper called with PackageName='analyze-code', ToolName='analyze-code'
2025-09-27 06:38:31.365 [DEBUG] SANITIZE - Sanitizing file: C:\App\PORTX\wrappers\posix\analyze-code
2025-09-27 06:38:31.368 [DEBUG] SANITIZE - File sanitized: C:\App\PORTX\wrappers\posix\analyze-code
2025-09-27 06:38:31.369 [DEBUG] PORTX - Created universal bash wrapper: C:\App\PORTX\wrappers\posix\analyze-code
2025-09-27 06:38:31.370 [DEBUG] PORTX - New-UniversalCmdWrapper called with PackageName='analyze-code', ToolName='analyze-code'
2025-09-27 06:38:31.373 [DEBUG] PORTX - Created universal CMD wrapper: C:\App\PORTX\wrappers\windows\analyze-code.cmd
2025-09-27 06:38:31.374 [DEBUG] PORTX - About to create Go wrapper with: PackageName=analyze-code, ToolName=analyze-code, ExecutablePath=analyze-code.sh, DefaultArgs=''
2025-09-27 06:38:31.375 [INFO] PORTX -   Created 1 wrappers for analyze-code
2025-09-27 06:38:31.379 [DEBUG] VALIDATION - Starting wrapper validation for package: analyze-code
2025-09-27 06:38:31.380 [DEBUG] VALIDATION -   Wrapper validation passed for analyze-code
2025-09-27 06:38:31.382 [INFO] PORTX - Processing: android-filesystem-tools
2025-09-27 06:38:31.383 [DEBUG] PORTX - Validating package: android-filesystem-tools
2025-09-27 06:38:31.387 [DEBUG] PORTX - Package android-filesystem-tools validation passed
2025-09-27 06:38:31.389 [INFO] PORTX -   Import type: wrap
2025-09-27 06:38:31.390 [INFO] PORTX -   WRAP: android-filesystem-tools
2025-09-27 06:38:31.391 [DEBUG] PORTX - Processing tool: make_f2fs, path: make_f2fs.exe
2025-09-27 06:38:31.393 [DEBUG] PORTX - About to create bash wrapper with: PackageName=android-filesystem-tools, ToolName=make_f2fs, ExecutablePath=make_f2fs.exe, DefaultArgs=''
2025-09-27 06:38:31.394 [DEBUG] PORTX - New-UniversalBashWrapper called with PackageName='android-filesystem-tools', ToolName='make_f2fs'
2025-09-27 06:38:31.396 [DEBUG] SANITIZE - Sanitizing file: C:\App\PORTX\wrappers\posix\make_f2fs
2025-09-27 06:38:31.398 [DEBUG] SANITIZE - File sanitized: C:\App\PORTX\wrappers\posix\make_f2fs
2025-09-27 06:38:31.399 [DEBUG] PORTX - Created universal bash wrapper: C:\App\PORTX\wrappers\posix\make_f2fs
2025-09-27 06:38:31.400 [DEBUG] PORTX - New-UniversalCmdWrapper called with PackageName='android-filesystem-tools', ToolName='make_f2fs'
2025-09-27 06:38:31.403 [DEBUG] PORTX - Created universal CMD wrapper: C:\App\PORTX\wrappers\windows\make_f2fs.cmd
2025-09-27 06:38:31.404 [DEBUG] PORTX - About to create Go wrapper with: PackageName=android-filesystem-tools, ToolName=make_f2fs, ExecutablePath=make_f2fs.exe, DefaultArgs=''
2025-09-27 06:38:31.405 [INFO] PORTX -   Created 1 wrappers for android-filesystem-tools
2025-09-27 06:38:31.407 [DEBUG] VALIDATION - Starting wrapper validation for package: android-filesystem-tools
2025-09-27 06:38:31.408 [DEBUG] VALIDATION -   Wrapper validation passed for android-filesystem-tools
2025-09-27 06:38:31.409 [INFO] PORTX - Processing: android-utilities
2025-09-27 06:38:31.411 [DEBUG] PORTX - Validating package: android-utilities
2025-09-27 06:38:31.415 [DEBUG] PORTX - Package android-utilities validation passed
2025-09-27 06:38:31.417 [INFO] PORTX -   Import type: wrap
2025-09-27 06:38:31.418 [INFO] PORTX -   WRAP: android-utilities
2025-09-27 06:38:31.419 [DEBUG] PORTX - Processing tool: etc1tool, path: etc1tool.exe
2025-09-27 06:38:31.420 [DEBUG] PORTX - About to create bash wrapper with: PackageName=android-utilities, ToolName=etc1tool, ExecutablePath=etc1tool.exe, DefaultArgs=''
2025-09-27 06:38:31.422 [DEBUG] PORTX - New-UniversalBashWrapper called with PackageName='android-utilities', ToolName='etc1tool'
2025-09-27 06:38:31.423 [DEBUG] SANITIZE - Sanitizing file: C:\App\PORTX\wrappers\posix\etc1tool
2025-09-27 06:38:31.425 [DEBUG] SANITIZE - File sanitized: C:\App\PORTX\wrappers\posix\etc1tool
2025-09-27 06:38:31.426 [DEBUG] PORTX - Created universal bash wrapper: C:\App\PORTX\wrappers\posix\etc1tool
2025-09-27 06:38:31.428 [DEBUG] PORTX - New-UniversalCmdWrapper called with PackageName='android-utilities', ToolName='etc1tool'
2025-09-27 06:38:31.431 [DEBUG] PORTX - Created universal CMD wrapper: C:\App\PORTX\wrappers\windows\etc1tool.cmd
2025-09-27 06:38:31.432 [DEBUG] PORTX - About to create Go wrapper with: PackageName=android-utilities, ToolName=etc1tool, ExecutablePath=etc1tool.exe, DefaultArgs=''
2025-09-27 06:38:31.433 [INFO] PORTX -   Created 1 wrappers for android-utilities
2025-09-27 06:38:31.435 [DEBUG] VALIDATION - Starting wrapper validation for package: android-utilities
2025-09-27 06:38:31.436 [DEBUG] VALIDATION -   Wrapper validation passed for android-utilities
2025-09-27 06:38:31.437 [INFO] PORTX - Processing: aria2
2025-09-27 06:38:31.439 [DEBUG] PORTX - Validating package: aria2
2025-09-27 06:38:31.442 [DEBUG] PORTX - Package aria2 validation passed
2025-09-27 06:38:31.444 [INFO] PORTX -   Import type: wrap
2025-09-27 06:38:31.446 [INFO] PORTX -   WRAP: aria2
2025-09-27 06:38:31.447 [DEBUG] PORTX - Processing tool: aria2c, path: aria2c.exe
2025-09-27 06:38:31.448 [DEBUG] PORTX - About to create bash wrapper with: PackageName=aria2, ToolName=aria2c, ExecutablePath=aria2c.exe, DefaultArgs=''
2025-09-27 06:38:31.449 [DEBUG] PORTX - New-UniversalBashWrapper called with PackageName='aria2', ToolName='aria2c'
2025-09-27 06:38:31.451 [DEBUG] SANITIZE - Sanitizing file: C:\App\PORTX\wrappers\posix\aria2c
2025-09-27 06:38:31.453 [DEBUG] SANITIZE - File sanitized: C:\App\PORTX\wrappers\posix\aria2c
2025-09-27 06:38:31.454 [DEBUG] PORTX - Created universal bash wrapper: C:\App\PORTX\wrappers\posix\aria2c
2025-09-27 06:38:31.456 [DEBUG] PORTX - New-UniversalCmdWrapper called with PackageName='aria2', ToolName='aria2c'
2025-09-27 06:38:31.458 [DEBUG] PORTX - Created universal CMD wrapper: C:\App\PORTX\wrappers\windows\aria2c.cmd
2025-09-27 06:38:31.460 [DEBUG] PORTX - About to create Go wrapper with: PackageName=aria2, ToolName=aria2c, ExecutablePath=aria2c.exe, DefaultArgs=''
2025-09-27 06:38:31.461 [INFO] PORTX -   Created 1 wrappers for aria2
2025-09-27 06:38:31.463 [DEBUG] VALIDATION - Starting wrapper validation for package: aria2
2025-09-27 06:38:31.464 [DEBUG] VALIDATION -   Wrapper validation passed for aria2
2025-09-27 06:38:31.465 [INFO] PORTX - Processing: ast-grep
2025-09-27 06:38:31.467 [DEBUG] PORTX - Validating package: ast-grep
2025-09-27 06:38:31.471 [DEBUG] PORTX - Package ast-grep validation passed
2025-09-27 06:38:31.473 [INFO] PORTX -   Import type: wrap
2025-09-27 06:38:31.474 [INFO] PORTX -   WRAP: ast-grep
2025-09-27 06:38:31.475 [DEBUG] PORTX - Processing tool: ast-grep, path: ast-grep.exe
2025-09-27 06:38:31.477 [DEBUG] PORTX - About to create bash wrapper with: PackageName=ast-grep, ToolName=ast-grep, ExecutablePath=ast-grep.exe, DefaultArgs=''
2025-09-27 06:38:31.478 [DEBUG] PORTX - New-UniversalBashWrapper called with PackageName='ast-grep', ToolName='ast-grep'
2025-09-27 06:38:31.481 [DEBUG] SANITIZE - Sanitizing file: C:\App\PORTX\wrappers\posix\ast-grep
2025-09-27 06:38:31.485 [DEBUG] SANITIZE - File sanitized: C:\App\PORTX\wrappers\posix\ast-grep
2025-09-27 06:38:31.486 [DEBUG] PORTX - Created universal bash wrapper: C:\App\PORTX\wrappers\posix\ast-grep
2025-09-27 06:38:31.487 [DEBUG] PORTX - New-UniversalCmdWrapper called with PackageName='ast-grep', ToolName='ast-grep'
2025-09-27 06:38:31.490 [DEBUG] PORTX - Created universal CMD wrapper: C:\App\PORTX\wrappers\windows\ast-grep.cmd
2025-09-27 06:38:31.491 [DEBUG] PORTX - About to create Go wrapper with: PackageName=ast-grep, ToolName=ast-grep, ExecutablePath=ast-grep.exe, DefaultArgs=''
2025-09-27 06:38:31.493 [INFO] PORTX -   Created 1 wrappers for ast-grep
2025-09-27 06:38:31.494 [DEBUG] VALIDATION - Starting wrapper validation for package: ast-grep
2025-09-27 06:38:31.496 [DEBUG] VALIDATION -   Wrapper validation passed for ast-grep
2025-09-27 06:38:31.497 [INFO] PORTX - Processing: atac
2025-09-27 06:38:31.499 [DEBUG] PORTX - Validating package: atac
2025-09-27 06:38:31.502 [DEBUG] PORTX - Package atac validation passed
2025-09-27 06:38:31.504 [INFO] PORTX -   Import type: wrap
2025-09-27 06:38:31.506 [INFO] PORTX -   WRAP: atac
2025-09-27 06:38:31.507 [DEBUG] PORTX - Processing tool: atac, path: atac.exe
2025-09-27 06:38:31.508 [DEBUG] PORTX - About to create bash wrapper with: PackageName=atac, ToolName=atac, ExecutablePath=atac.exe, DefaultArgs=''
2025-09-27 06:38:31.509 [DEBUG] PORTX - New-UniversalBashWrapper called with PackageName='atac', ToolName='atac'
2025-09-27 06:38:31.511 [DEBUG] SANITIZE - Sanitizing file: C:\App\PORTX\wrappers\posix\atac
2025-09-27 06:38:31.513 [DEBUG] SANITIZE - File sanitized: C:\App\PORTX\wrappers\posix\atac
2025-09-27 06:38:31.514 [DEBUG] PORTX - Created universal bash wrapper: C:\App\PORTX\wrappers\posix\atac
2025-09-27 06:38:31.515 [DEBUG] PORTX - New-UniversalCmdWrapper called with PackageName='atac', ToolName='atac'
2025-09-27 06:38:31.518 [DEBUG] PORTX - Created universal CMD wrapper: C:\App\PORTX\wrappers\windows\atac.cmd
2025-09-27 06:38:31.519 [DEBUG] PORTX - About to create Go wrapper with: PackageName=atac, ToolName=atac, ExecutablePath=atac.exe, DefaultArgs=''
2025-09-27 06:38:31.521 [INFO] PORTX -   Created 1 wrappers for atac
2025-09-27 06:38:31.522 [DEBUG] VALIDATION - Starting wrapper validation for package: atac
2025-09-27 06:38:31.523 [DEBUG] VALIDATION -   Wrapper validation passed for atac
2025-09-27 06:38:31.525 [INFO] PORTX - Processing: aws
2025-09-27 06:38:31.526 [DEBUG] PORTX - Validating package: aws
2025-09-27 06:38:31.530 [DEBUG] PORTX - Package aws validation passed
2025-09-27 06:38:31.532 [INFO] PORTX -   Import type: wrap
2025-09-27 06:38:31.533 [INFO] PORTX -   WRAP: aws
2025-09-27 06:38:31.535 [DEBUG] PORTX - Processing tool: aws, path: aws.exe
2025-09-27 06:38:31.536 [DEBUG] PORTX - About to create bash wrapper with: PackageName=aws, ToolName=aws, ExecutablePath=aws.exe, DefaultArgs=''
2025-09-27 06:38:31.537 [DEBUG] PORTX - New-UniversalBashWrapper called with PackageName='aws', ToolName='aws'
2025-09-27 06:38:31.539 [DEBUG] SANITIZE - Sanitizing file: C:\App\PORTX\wrappers\posix\aws
2025-09-27 06:38:31.541 [DEBUG] SANITIZE - File sanitized: C:\App\PORTX\wrappers\posix\aws
2025-09-27 06:38:31.542 [DEBUG] PORTX - Created universal bash wrapper: C:\App\PORTX\wrappers\posix\aws
2025-09-27 06:38:31.548 [DEBUG] PORTX - New-UniversalCmdWrapper called with PackageName='aws', ToolName='aws'
2025-09-27 06:38:31.554 [DEBUG] PORTX - Created universal CMD wrapper: C:\App\PORTX\wrappers\windows\aws.cmd
2025-09-27 06:38:31.555 [DEBUG] PORTX - About to create Go wrapper with: PackageName=aws, ToolName=aws, ExecutablePath=aws.exe, DefaultArgs=''
2025-09-27 06:38:31.557 [INFO] PORTX -   Created 1 wrappers for aws
2025-09-27 06:38:31.559 [DEBUG] VALIDATION - Starting wrapper validation for package: aws
2025-09-27 06:38:31.560 [DEBUG] VALIDATION -   Wrapper validation passed for aws
2025-09-27 06:38:31.562 [INFO] PORTX - Processing: bandwhich
2025-09-27 06:38:31.563 [DEBUG] PORTX - Validating package: bandwhich
2025-09-27 06:38:31.568 [DEBUG] PORTX - Package bandwhich validation passed
2025-09-27 06:38:31.570 [INFO] PORTX -   Import type: wrap
2025-09-27 06:38:31.571 [INFO] PORTX -   WRAP: bandwhich
2025-09-27 06:38:31.573 [DEBUG] PORTX - Processing tool: bandwhich, path: bandwhich.exe
2025-09-27 06:38:31.574 [DEBUG] PORTX - About to create bash wrapper with: PackageName=bandwhich, ToolName=bandwhich, ExecutablePath=bandwhich.exe, DefaultArgs=''
2025-09-27 06:38:31.575 [DEBUG] PORTX - New-UniversalBashWrapper called with PackageName='bandwhich', ToolName='bandwhich'
2025-09-27 06:38:31.577 [DEBUG] SANITIZE - Sanitizing file: C:\App\PORTX\wrappers\posix\bandwhich
2025-09-27 06:38:31.580 [DEBUG] SANITIZE - File sanitized: C:\App\PORTX\wrappers\posix\bandwhich
2025-09-27 06:38:31.581 [DEBUG] PORTX - Created universal bash wrapper: C:\App\PORTX\wrappers\posix\bandwhich
2025-09-27 06:38:31.582 [DEBUG] PORTX - New-UniversalCmdWrapper called with PackageName='bandwhich', ToolName='bandwhich'
2025-09-27 06:38:31.585 [DEBUG] PORTX - Created universal CMD wrapper: C:\App\PORTX\wrappers\windows\bandwhich.cmd
2025-09-27 06:38:31.587 [DEBUG] PORTX - About to create Go wrapper with: PackageName=bandwhich, ToolName=bandwhich, ExecutablePath=bandwhich.exe, DefaultArgs=''
2025-09-27 06:38:31.588 [INFO] PORTX -   Created 1 wrappers for bandwhich
2025-09-27 06:38:31.590 [DEBUG] VALIDATION - Starting wrapper validation for package: bandwhich
2025-09-27 06:38:31.591 [DEBUG] VALIDATION -   Wrapper validation passed for bandwhich
2025-09-27 06:38:31.593 [INFO] PORTX - Processing: bat
2025-09-27 06:38:31.602 [DEBUG] PORTX - Validating package: bat
2025-09-27 06:38:31.606 [DEBUG] PORTX - Package bat validation passed
2025-09-27 06:38:31.608 [INFO] PORTX -   Import type: wrap
2025-09-27 06:38:31.610 [INFO] PORTX -   WRAP: bat
2025-09-27 06:38:31.611 [DEBUG] PORTX - Processing tool: bat, path: bat.exe
2025-09-27 06:38:31.612 [DEBUG] PORTX - About to create bash wrapper with: PackageName=bat, ToolName=bat, ExecutablePath=bat.exe, DefaultArgs=''
2025-09-27 06:38:31.614 [DEBUG] PORTX - New-UniversalBashWrapper called with PackageName='bat', ToolName='bat'
2025-09-27 06:38:31.616 [DEBUG] SANITIZE - Sanitizing file: C:\App\PORTX\wrappers\posix\bat
2025-09-27 06:38:31.618 [DEBUG] SANITIZE - File sanitized: C:\App\PORTX\wrappers\posix\bat
2025-09-27 06:38:31.619 [DEBUG] PORTX - Created universal bash wrapper: C:\App\PORTX\wrappers\posix\bat
2025-09-27 06:38:31.620 [DEBUG] PORTX - New-UniversalCmdWrapper called with PackageName='bat', ToolName='bat'
2025-09-27 06:38:31.624 [DEBUG] PORTX - Created universal CMD wrapper: C:\App\PORTX\wrappers\windows\bat.cmd
2025-09-27 06:38:31.625 [DEBUG] PORTX - About to create Go wrapper with: PackageName=bat, ToolName=bat, ExecutablePath=bat.exe, DefaultArgs=''
2025-09-27 06:38:31.626 [INFO] PORTX -   Created 1 wrappers for bat
2025-09-27 06:38:31.628 [DEBUG] VALIDATION - Starting wrapper validation for package: bat
2025-09-27 06:38:31.630 [DEBUG] VALIDATION -   Wrapper validation passed for bat
2025-09-27 06:38:31.631 [INFO] PORTX - Processing: bats
2025-09-27 06:38:31.633 [DEBUG] PORTX - Validating package: bats
2025-09-27 06:38:31.637 [DEBUG] PORTX - Package bats validation passed
2025-09-27 06:38:31.639 [INFO] PORTX -   Import type: wrap
2025-09-27 06:38:31.640 [INFO] PORTX -   WRAP: bats
2025-09-27 06:38:31.642 [DEBUG] PORTX - Processing tool: bats, path: bats.cmd
2025-09-27 06:38:31.643 [DEBUG] PORTX - About to create bash wrapper with: PackageName=bats, ToolName=bats, ExecutablePath=bats.cmd, DefaultArgs=''
2025-09-27 06:38:31.644 [DEBUG] PORTX - New-UniversalBashWrapper called with PackageName='bats', ToolName='bats'
2025-09-27 06:38:31.647 [DEBUG] SANITIZE - Sanitizing file: C:\App\PORTX\wrappers\posix\bats
2025-09-27 06:38:31.649 [DEBUG] SANITIZE - File sanitized: C:\App\PORTX\wrappers\posix\bats
2025-09-27 06:38:31.650 [DEBUG] PORTX - Created universal bash wrapper: C:\App\PORTX\wrappers\posix\bats
2025-09-27 06:38:31.651 [DEBUG] PORTX - New-UniversalCmdWrapper called with PackageName='bats', ToolName='bats'
2025-09-27 06:38:31.654 [DEBUG] PORTX - Created universal CMD wrapper: C:\App\PORTX\wrappers\windows\bats.cmd
2025-09-27 06:38:31.656 [DEBUG] PORTX - About to create Go wrapper with: PackageName=bats, ToolName=bats, ExecutablePath=bats.cmd, DefaultArgs=''
2025-09-27 06:38:31.657 [INFO] PORTX -   Created 1 wrappers for bats
2025-09-27 06:38:31.660 [DEBUG] VALIDATION - Starting wrapper validation for package: bats
2025-09-27 06:38:31.662 [DEBUG] VALIDATION -   Wrapper validation passed for bats
2025-09-27 06:38:31.663 [INFO] PORTX - Processing: bazel
2025-09-27 06:38:31.665 [DEBUG] PORTX - Validating package: bazel
2025-09-27 06:38:31.669 [DEBUG] PORTX - Package bazel validation passed
2025-09-27 06:38:31.671 [INFO] PORTX -   Import type: wrap
2025-09-27 06:38:31.672 [INFO] PORTX -   WRAP: bazel
2025-09-27 06:38:31.674 [DEBUG] PORTX - Processing tool: bazel, path: bazel.exe
2025-09-27 06:38:31.675 [DEBUG] PORTX - About to create bash wrapper with: PackageName=bazel, ToolName=bazel, ExecutablePath=bazel.exe, DefaultArgs=''
2025-09-27 06:38:31.676 [DEBUG] PORTX - New-UniversalBashWrapper called with PackageName='bazel', ToolName='bazel'
2025-09-27 06:38:31.678 [DEBUG] SANITIZE - Sanitizing file: C:\App\PORTX\wrappers\posix\bazel
2025-09-27 06:38:31.680 [DEBUG] SANITIZE - File sanitized: C:\App\PORTX\wrappers\posix\bazel
2025-09-27 06:38:31.681 [DEBUG] PORTX - Created universal bash wrapper: C:\App\PORTX\wrappers\posix\bazel
2025-09-27 06:38:31.683 [DEBUG] PORTX - New-UniversalCmdWrapper called with PackageName='bazel', ToolName='bazel'
2025-09-27 06:38:31.686 [DEBUG] PORTX - Created universal CMD wrapper: C:\App\PORTX\wrappers\windows\bazel.cmd
2025-09-27 06:38:31.687 [DEBUG] PORTX - About to create Go wrapper with: PackageName=bazel, ToolName=bazel, ExecutablePath=bazel.exe, DefaultArgs=''
2025-09-27 06:38:31.688 [INFO] PORTX -   Created 1 wrappers for bazel
2025-09-27 06:38:31.690 [DEBUG] VALIDATION - Starting wrapper validation for package: bazel
2025-09-27 06:38:31.691 [DEBUG] VALIDATION -   Wrapper validation passed for bazel
2025-09-27 06:38:31.692 [INFO] PORTX - Processing: binsider
2025-09-27 06:38:31.694 [DEBUG] PORTX - Validating package: binsider
2025-09-27 06:38:31.698 [DEBUG] PORTX - Package binsider validation passed
2025-09-27 06:38:31.700 [INFO] PORTX -   Import type: wrap
2025-09-27 06:38:31.702 [INFO] PORTX -   WRAP: binsider
2025-09-27 06:38:31.703 [DEBUG] PORTX - Processing tool: binsider, path: binsider.exe
2025-09-27 06:38:31.704 [DEBUG] PORTX - About to create bash wrapper with: PackageName=binsider, ToolName=binsider, ExecutablePath=binsider.exe, DefaultArgs=''
2025-09-27 06:38:31.706 [DEBUG] PORTX - New-UniversalBashWrapper called with PackageName='binsider', ToolName='binsider'
2025-09-27 06:38:31.708 [DEBUG] SANITIZE - Sanitizing file: C:\App\PORTX\wrappers\posix\binsider
2025-09-27 06:38:31.710 [DEBUG] SANITIZE - File sanitized: C:\App\PORTX\wrappers\posix\binsider
2025-09-27 06:38:31.713 [DEBUG] PORTX - Created universal bash wrapper: C:\App\PORTX\wrappers\posix\binsider
2025-09-27 06:38:31.714 [DEBUG] PORTX - New-UniversalCmdWrapper called with PackageName='binsider', ToolName='binsider'
2025-09-27 06:38:31.717 [DEBUG] PORTX - Created universal CMD wrapper: C:\App\PORTX\wrappers\windows\binsider.cmd
2025-09-27 06:38:31.719 [DEBUG] PORTX - About to create Go wrapper with: PackageName=binsider, ToolName=binsider, ExecutablePath=binsider.exe, DefaultArgs=''
2025-09-27 06:38:31.720 [INFO] PORTX -   Created 1 wrappers for binsider
2025-09-27 06:38:31.722 [DEBUG] VALIDATION - Starting wrapper validation for package: binsider
2025-09-27 06:38:31.723 [DEBUG] VALIDATION -   Wrapper validation passed for binsider
2025-09-27 06:38:31.724 [INFO] PORTX - Processing: binskim
2025-09-27 06:38:31.727 [DEBUG] PORTX - Validating package: binskim
2025-09-27 06:38:31.730 [DEBUG] PORTX - Package binskim validation passed
2025-09-27 06:38:31.733 [INFO] PORTX -   Import type: wrap
2025-09-27 06:38:31.734 [INFO] PORTX -   WRAP: binskim
2025-09-27 06:38:31.736 [DEBUG] PORTX - Processing tool: binskim, path: BinSkim.exe
2025-09-27 06:38:31.737 [DEBUG] PORTX - About to create bash wrapper with: PackageName=binskim, ToolName=binskim, ExecutablePath=BinSkim.exe, DefaultArgs=''
2025-09-27 06:38:31.738 [DEBUG] PORTX - New-UniversalBashWrapper called with PackageName='binskim', ToolName='binskim'
2025-09-27 06:38:31.740 [DEBUG] SANITIZE - Sanitizing file: C:\App\PORTX\wrappers\posix\binskim
2025-09-27 06:38:31.743 [DEBUG] SANITIZE - File sanitized: C:\App\PORTX\wrappers\posix\binskim
2025-09-27 06:38:31.744 [DEBUG] PORTX - Created universal bash wrapper: C:\App\PORTX\wrappers\posix\binskim
2025-09-27 06:38:31.745 [DEBUG] PORTX - New-UniversalCmdWrapper called with PackageName='binskim', ToolName='binskim'
2025-09-27 06:38:31.748 [DEBUG] PORTX - Created universal CMD wrapper: C:\App\PORTX\wrappers\windows\binskim.cmd
2025-09-27 06:38:31.749 [DEBUG] PORTX - About to create Go wrapper with: PackageName=binskim, ToolName=binskim, ExecutablePath=BinSkim.exe, DefaultArgs=''
2025-09-27 06:38:31.750 [INFO] PORTX -   Created 1 wrappers for binskim
2025-09-27 06:38:31.752 [DEBUG] VALIDATION - Starting wrapper validation for package: binskim
2025-09-27 06:38:31.754 [DEBUG] VALIDATION -   Wrapper validation passed for binskim
2025-09-27 06:38:31.755 [INFO] PORTX - Processing: bottom
2025-09-27 06:38:31.757 [DEBUG] PORTX - Validating package: bottom
2025-09-27 06:38:31.761 [DEBUG] PORTX - Package bottom validation passed
2025-09-27 06:38:31.763 [INFO] PORTX -   Import type: wrap
2025-09-27 06:38:31.764 [INFO] PORTX -   WRAP: bottom
2025-09-27 06:38:31.765 [DEBUG] PORTX - Processing tool: btm, path: btm.exe
2025-09-27 06:38:31.767 [DEBUG] PORTX - About to create bash wrapper with: PackageName=bottom, ToolName=btm, ExecutablePath=btm.exe, DefaultArgs=''
2025-09-27 06:38:31.768 [DEBUG] PORTX - New-UniversalBashWrapper called with PackageName='bottom', ToolName='btm'
2025-09-27 06:38:31.771 [DEBUG] SANITIZE - Sanitizing file: C:\App\PORTX\wrappers\posix\btm
2025-09-27 06:38:31.773 [DEBUG] SANITIZE - File sanitized: C:\App\PORTX\wrappers\posix\btm
2025-09-27 06:38:31.774 [DEBUG] PORTX - Created universal bash wrapper: C:\App\PORTX\wrappers\posix\btm
2025-09-27 06:38:31.775 [DEBUG] PORTX - New-UniversalCmdWrapper called with PackageName='bottom', ToolName='btm'
2025-09-27 06:38:31.778 [DEBUG] PORTX - Created universal CMD wrapper: C:\App\PORTX\wrappers\windows\btm.cmd
2025-09-27 06:38:31.780 [DEBUG] PORTX - About to create Go wrapper with: PackageName=bottom, ToolName=btm, ExecutablePath=btm.exe, DefaultArgs=''
2025-09-27 06:38:31.781 [INFO] PORTX -   Created 1 wrappers for bottom
2025-09-27 06:38:31.783 [DEBUG] VALIDATION - Starting wrapper validation for package: bottom
2025-09-27 06:38:31.784 [DEBUG] VALIDATION -   Wrapper validation passed for bottom
2025-09-27 06:38:31.785 [INFO] PORTX - Processing: broot
2025-09-27 06:38:31.787 [DEBUG] PORTX - Validating package: broot
2025-09-27 06:38:31.791 [DEBUG] PORTX - Package broot validation passed
2025-09-27 06:38:31.793 [INFO] PORTX -   Import type: wrap
2025-09-27 06:38:31.795 [INFO] PORTX -   WRAP: broot
2025-09-27 06:38:31.796 [DEBUG] PORTX - Processing tool: broot, path: broot.exe
2025-09-27 06:38:31.797 [DEBUG] PORTX - About to create bash wrapper with: PackageName=broot, ToolName=broot, ExecutablePath=broot.exe, DefaultArgs=''
2025-09-27 06:38:31.798 [DEBUG] PORTX - New-UniversalBashWrapper called with PackageName='broot', ToolName='broot'
2025-09-27 06:38:31.800 [DEBUG] SANITIZE - Sanitizing file: C:\App\PORTX\wrappers\posix\broot
2025-09-27 06:38:31.803 [DEBUG] SANITIZE - File sanitized: C:\App\PORTX\wrappers\posix\broot
2025-09-27 06:38:31.804 [DEBUG] PORTX - Created universal bash wrapper: C:\App\PORTX\wrappers\posix\broot
2025-09-27 06:38:31.805 [DEBUG] PORTX - New-UniversalCmdWrapper called with PackageName='broot', ToolName='broot'
2025-09-27 06:38:31.808 [DEBUG] PORTX - Created universal CMD wrapper: C:\App\PORTX\wrappers\windows\broot.cmd
2025-09-27 06:38:31.810 [DEBUG] PORTX - About to create Go wrapper with: PackageName=broot, ToolName=broot, ExecutablePath=broot.exe, DefaultArgs=''
2025-09-27 06:38:31.811 [INFO] PORTX -   Created 1 wrappers for broot
2025-09-27 06:38:31.813 [DEBUG] VALIDATION - Starting wrapper validation for package: broot
2025-09-27 06:38:31.814 [DEBUG] VALIDATION -   Wrapper validation passed for broot
2025-09-27 06:38:31.816 [INFO] PORTX - Processing: btop
2025-09-27 06:38:31.817 [DEBUG] PORTX - Validating package: btop
2025-09-27 06:38:31.821 [DEBUG] PORTX - Package btop validation passed
2025-09-27 06:38:31.823 [INFO] PORTX -   Import type: wrap
2025-09-27 06:38:31.825 [INFO] PORTX -   WRAP: btop
2025-09-27 06:38:31.826 [DEBUG] PORTX - Processing tool: btop, path: btop.exe
2025-09-27 06:38:31.828 [DEBUG] PORTX - About to create bash wrapper with: PackageName=btop, ToolName=btop, ExecutablePath=btop.exe, DefaultArgs=''
2025-09-27 06:38:31.829 [DEBUG] PORTX - New-UniversalBashWrapper called with PackageName='btop', ToolName='btop'
2025-09-27 06:38:31.831 [DEBUG] SANITIZE - Sanitizing file: C:\App\PORTX\wrappers\posix\btop
2025-09-27 06:38:31.834 [DEBUG] SANITIZE - File sanitized: C:\App\PORTX\wrappers\posix\btop
2025-09-27 06:38:31.835 [DEBUG] PORTX - Created universal bash wrapper: C:\App\PORTX\wrappers\posix\btop
2025-09-27 06:38:31.836 [DEBUG] PORTX - New-UniversalCmdWrapper called with PackageName='btop', ToolName='btop'
2025-09-27 06:38:31.839 [DEBUG] PORTX - Created universal CMD wrapper: C:\App\PORTX\wrappers\windows\btop.cmd
2025-09-27 06:38:31.840 [DEBUG] PORTX - About to create Go wrapper with: PackageName=btop, ToolName=btop, ExecutablePath=btop.exe, DefaultArgs=''
2025-09-27 06:38:31.842 [INFO] PORTX -   Created 1 wrappers for btop
2025-09-27 06:38:31.843 [DEBUG] VALIDATION - Starting wrapper validation for package: btop
2025-09-27 06:38:31.845 [DEBUG] VALIDATION -   Wrapper validation passed for btop
2025-09-27 06:38:31.846 [INFO] PORTX - Processing: bun
2025-09-27 06:38:31.848 [DEBUG] PORTX - Validating package: bun
2025-09-27 06:38:31.852 [DEBUG] PORTX - Package bun validation passed
2025-09-27 06:38:31.854 [INFO] PORTX -   Import type: wrap
2025-09-27 06:38:31.855 [INFO] PORTX -   WRAP: bun
2025-09-27 06:38:31.856 [DEBUG] PORTX - Processing tool: bun, path: bun.exe
2025-09-27 06:38:31.858 [DEBUG] PORTX - About to create bash wrapper with: PackageName=bun, ToolName=bun, ExecutablePath=bun.exe, DefaultArgs=''
2025-09-27 06:38:31.859 [DEBUG] PORTX - New-UniversalBashWrapper called with PackageName='bun', ToolName='bun'
2025-09-27 06:38:31.861 [DEBUG] SANITIZE - Sanitizing file: C:\App\PORTX\wrappers\posix\bun
2025-09-27 06:38:31.863 [DEBUG] SANITIZE - File sanitized: C:\App\PORTX\wrappers\posix\bun
2025-09-27 06:38:31.865 [DEBUG] PORTX - Created universal bash wrapper: C:\App\PORTX\wrappers\posix\bun
2025-09-27 06:38:31.866 [DEBUG] PORTX - New-UniversalCmdWrapper called with PackageName='bun', ToolName='bun'
2025-09-27 06:38:31.869 [DEBUG] PORTX - Created universal CMD wrapper: C:\App\PORTX\wrappers\windows\bun.cmd
2025-09-27 06:38:31.870 [DEBUG] PORTX - About to create Go wrapper with: PackageName=bun, ToolName=bun, ExecutablePath=bun.exe, DefaultArgs=''
2025-09-27 06:38:31.872 [INFO] PORTX -   Created 1 wrappers for bun
2025-09-27 06:38:31.873 [DEBUG] VALIDATION - Starting wrapper validation for package: bun
2025-09-27 06:38:31.875 [DEBUG] VALIDATION -   Wrapper validation passed for bun
2025-09-27 06:38:31.876 [INFO] PORTX - Processing: capture2text
2025-09-27 06:38:31.878 [DEBUG] PORTX - Validating package: capture2text
2025-09-27 06:38:31.884 [DEBUG] PORTX - Package capture2text validation passed
2025-09-27 06:38:31.886 [INFO] PORTX -   Import type: wrap
2025-09-27 06:38:31.887 [INFO] PORTX -   WRAP: capture2text
2025-09-27 06:38:31.889 [DEBUG] PORTX - Processing tool: capture2text, path: Capture2Text.exe
2025-09-27 06:38:31.890 [DEBUG] PORTX - About to create bash wrapper with: PackageName=capture2text, ToolName=capture2text, ExecutablePath=Capture2Text.exe, DefaultArgs=''
2025-09-27 06:38:31.891 [DEBUG] PORTX - New-UniversalBashWrapper called with PackageName='capture2text', ToolName='capture2text'
2025-09-27 06:38:31.894 [DEBUG] SANITIZE - Sanitizing file: C:\App\PORTX\wrappers\posix\capture2text
2025-09-27 06:38:31.896 [DEBUG] SANITIZE - File sanitized: C:\App\PORTX\wrappers\posix\capture2text
2025-09-27 06:38:31.897 [DEBUG] PORTX - Created universal bash wrapper: C:\App\PORTX\wrappers\posix\capture2text
2025-09-27 06:38:31.898 [DEBUG] PORTX - New-UniversalCmdWrapper called with PackageName='capture2text', ToolName='capture2text'
2025-09-27 06:38:31.902 [DEBUG] PORTX - Created universal CMD wrapper: C:\App\PORTX\wrappers\windows\capture2text.cmd
2025-09-27 06:38:31.903 [DEBUG] PORTX - About to create Go wrapper with: PackageName=capture2text, ToolName=capture2text, ExecutablePath=Capture2Text.exe, DefaultArgs=''
2025-09-27 06:38:31.904 [DEBUG] PORTX - Processing tool: capture2text-cli, path: Capture2Text_CLI.exe
2025-09-27 06:38:31.906 [DEBUG] PORTX - About to create bash wrapper with: PackageName=capture2text, ToolName=capture2text-cli, ExecutablePath=Capture2Text_CLI.exe, DefaultArgs=''
2025-09-27 06:38:31.908 [DEBUG] PORTX - New-UniversalBashWrapper called with PackageName='capture2text', ToolName='capture2text-cli'
2025-09-27 06:38:31.910 [DEBUG] SANITIZE - Sanitizing file: C:\App\PORTX\wrappers\posix\capture2text-cli
2025-09-27 06:38:31.912 [DEBUG] SANITIZE - File sanitized: C:\App\PORTX\wrappers\posix\capture2text-cli
2025-09-27 06:38:31.913 [DEBUG] PORTX - Created universal bash wrapper: C:\App\PORTX\wrappers\posix\capture2text-cli
2025-09-27 06:38:31.914 [DEBUG] PORTX - New-UniversalCmdWrapper called with PackageName='capture2text', ToolName='capture2text-cli'
2025-09-27 06:38:31.917 [DEBUG] PORTX - Created universal CMD wrapper: C:\App\PORTX\wrappers\windows\capture2text-cli.cmd
2025-09-27 06:38:31.918 [DEBUG] PORTX - About to create Go wrapper with: PackageName=capture2text, ToolName=capture2text-cli, ExecutablePath=Capture2Text_CLI.exe, DefaultArgs=''
2025-09-27 06:38:31.920 [INFO] PORTX -   Created 2 wrappers for capture2text
2025-09-27 06:38:31.922 [DEBUG] VALIDATION - Starting wrapper validation for package: capture2text
2025-09-27 06:38:31.923 [DEBUG] VALIDATION -   Wrapper validation passed for capture2text
2025-09-27 06:38:31.924 [INFO] PORTX - Processing: chdig
2025-09-27 06:38:31.926 [DEBUG] PORTX - Validating package: chdig
2025-09-27 06:38:31.930 [DEBUG] PORTX - Package chdig validation passed
2025-09-27 06:38:31.932 [INFO] PORTX -   Import type: wrap
2025-09-27 06:38:31.934 [INFO] PORTX -   WRAP: chdig
2025-09-27 06:38:31.935 [DEBUG] PORTX - Processing tool: chdig, path: chdig.exe
2025-09-27 06:38:31.936 [DEBUG] PORTX - About to create bash wrapper with: PackageName=chdig, ToolName=chdig, ExecutablePath=chdig.exe, DefaultArgs=''
2025-09-27 06:38:31.938 [DEBUG] PORTX - New-UniversalBashWrapper called with PackageName='chdig', ToolName='chdig'
2025-09-27 06:38:31.940 [DEBUG] SANITIZE - Sanitizing file: C:\App\PORTX\wrappers\posix\chdig
2025-09-27 06:38:31.943 [DEBUG] SANITIZE - File sanitized: C:\App\PORTX\wrappers\posix\chdig
2025-09-27 06:38:31.944 [DEBUG] PORTX - Created universal bash wrapper: C:\App\PORTX\wrappers\posix\chdig
2025-09-27 06:38:31.945 [DEBUG] PORTX - New-UniversalCmdWrapper called with PackageName='chdig', ToolName='chdig'
2025-09-27 06:38:31.948 [DEBUG] PORTX - Created universal CMD wrapper: C:\App\PORTX\wrappers\windows\chdig.cmd
2025-09-27 06:38:31.950 [DEBUG] PORTX - About to create Go wrapper with: PackageName=chdig, ToolName=chdig, ExecutablePath=chdig.exe, DefaultArgs=''
2025-09-27 06:38:31.951 [INFO] PORTX -   Created 1 wrappers for chdig
2025-09-27 06:38:31.953 [DEBUG] VALIDATION - Starting wrapper validation for package: chdig
2025-09-27 06:38:31.954 [DEBUG] VALIDATION -   Wrapper validation passed for chdig
2025-09-27 06:38:31.956 [INFO] PORTX - Processing: chocolatey
2025-09-27 06:38:31.957 [DEBUG] PORTX - Validating package: chocolatey
2025-09-27 06:38:31.961 [DEBUG] PORTX - Package chocolatey validation passed
2025-09-27 06:38:31.963 [INFO] PORTX -   Import type: wrap
2025-09-27 06:38:31.965 [INFO] PORTX -   WRAP: chocolatey
2025-09-27 06:38:31.966 [DEBUG] PORTX - Processing tool: choco, path: choco.exe
2025-09-27 06:38:31.967 [DEBUG] PORTX - About to create bash wrapper with: PackageName=chocolatey, ToolName=choco, ExecutablePath=choco.exe, DefaultArgs=''
2025-09-27 06:38:31.969 [DEBUG] PORTX - New-UniversalBashWrapper called with PackageName='chocolatey', ToolName='choco'
2025-09-27 06:38:31.971 [DEBUG] SANITIZE - Sanitizing file: C:\App\PORTX\wrappers\posix\choco
2025-09-27 06:38:31.973 [DEBUG] SANITIZE - File sanitized: C:\App\PORTX\wrappers\posix\choco
2025-09-27 06:38:31.974 [DEBUG] PORTX - Created universal bash wrapper: C:\App\PORTX\wrappers\posix\choco
2025-09-27 06:38:31.976 [DEBUG] PORTX - New-UniversalCmdWrapper called with PackageName='chocolatey', ToolName='choco'
2025-09-27 06:38:31.979 [DEBUG] PORTX - Created universal CMD wrapper: C:\App\PORTX\wrappers\windows\choco.cmd
2025-09-27 06:38:31.980 [DEBUG] PORTX - About to create Go wrapper with: PackageName=chocolatey, ToolName=choco, ExecutablePath=choco.exe, DefaultArgs=''
2025-09-27 06:38:31.981 [INFO] PORTX -   Created 1 wrappers for chocolatey
2025-09-27 06:38:31.983 [DEBUG] VALIDATION - Starting wrapper validation for package: chocolatey
2025-09-27 06:38:31.985 [DEBUG] VALIDATION -   Wrapper validation passed for chocolatey
2025-09-27 06:38:31.986 [INFO] PORTX - Processing: choose
2025-09-27 06:38:31.988 [DEBUG] PORTX - Validating package: choose
2025-09-27 06:38:31.992 [DEBUG] PORTX - Package choose validation passed
2025-09-27 06:38:31.994 [INFO] PORTX -   Import type: wrap
2025-09-27 06:38:31.995 [INFO] PORTX -   WRAP: choose
2025-09-27 06:38:31.997 [DEBUG] PORTX - Processing tool: choose, path: choose.exe
2025-09-27 06:38:31.998 [DEBUG] PORTX - About to create bash wrapper with: PackageName=choose, ToolName=choose, ExecutablePath=choose.exe, DefaultArgs=''
2025-09-27 06:38:31.999 [DEBUG] PORTX - New-UniversalBashWrapper called with PackageName='choose', ToolName='choose'
2025-09-27 06:38:32.001 [DEBUG] SANITIZE - Sanitizing file: C:\App\PORTX\wrappers\posix\choose
2025-09-27 06:38:32.004 [DEBUG] SANITIZE - File sanitized: C:\App\PORTX\wrappers\posix\choose
2025-09-27 06:38:32.005 [DEBUG] PORTX - Created universal bash wrapper: C:\App\PORTX\wrappers\posix\choose
2025-09-27 06:38:32.006 [DEBUG] PORTX - New-UniversalCmdWrapper called with PackageName='choose', ToolName='choose'
2025-09-27 06:38:32.009 [DEBUG] PORTX - Created universal CMD wrapper: C:\App\PORTX\wrappers\windows\choose.cmd
2025-09-27 06:38:32.010 [DEBUG] PORTX - About to create Go wrapper with: PackageName=choose, ToolName=choose, ExecutablePath=choose.exe, DefaultArgs=''
2025-09-27 06:38:32.012 [INFO] PORTX -   Created 1 wrappers for choose
2025-09-27 06:38:32.013 [DEBUG] VALIDATION - Starting wrapper validation for package: choose
2025-09-27 06:38:32.015 [DEBUG] VALIDATION -   Wrapper validation passed for choose
2025-09-27 06:38:32.016 [INFO] PORTX - Processing: cloc
2025-09-27 06:38:32.018 [DEBUG] PORTX - Validating package: cloc
2025-09-27 06:38:32.022 [DEBUG] PORTX - Package cloc validation passed
2025-09-27 06:38:32.024 [INFO] PORTX -   Import type: wrap
2025-09-27 06:38:32.025 [INFO] PORTX -   WRAP: cloc
2025-09-27 06:38:32.026 [DEBUG] PORTX - Processing tool: cloc, path: cloc.exe
2025-09-27 06:38:32.028 [DEBUG] PORTX - About to create bash wrapper with: PackageName=cloc, ToolName=cloc, ExecutablePath=cloc.exe, DefaultArgs=''
2025-09-27 06:38:32.029 [DEBUG] PORTX - New-UniversalBashWrapper called with PackageName='cloc', ToolName='cloc'
2025-09-27 06:38:32.031 [DEBUG] SANITIZE - Sanitizing file: C:\App\PORTX\wrappers\posix\cloc
2025-09-27 06:38:32.033 [DEBUG] SANITIZE - File sanitized: C:\App\PORTX\wrappers\posix\cloc
2025-09-27 06:38:32.035 [DEBUG] PORTX - Created universal bash wrapper: C:\App\PORTX\wrappers\posix\cloc
2025-09-27 06:38:32.036 [DEBUG] PORTX - New-UniversalCmdWrapper called with PackageName='cloc', ToolName='cloc'
2025-09-27 06:38:32.039 [DEBUG] PORTX - Created universal CMD wrapper: C:\App\PORTX\wrappers\windows\cloc.cmd
2025-09-27 06:38:32.040 [DEBUG] PORTX - About to create Go wrapper with: PackageName=cloc, ToolName=cloc, ExecutablePath=cloc.exe, DefaultArgs=''
2025-09-27 06:38:32.041 [INFO] PORTX -   Created 1 wrappers for cloc
2025-09-27 06:38:32.043 [DEBUG] VALIDATION - Starting wrapper validation for package: cloc
2025-09-27 06:38:32.044 [DEBUG] VALIDATION -   Wrapper validation passed for cloc
2025-09-27 06:38:32.046 [INFO] PORTX - Processing: conftest
2025-09-27 06:38:32.048 [DEBUG] PORTX - Validating package: conftest
2025-09-27 06:38:32.051 [DEBUG] PORTX - Package conftest validation passed
2025-09-27 06:38:32.054 [INFO] PORTX -   Import type: wrap
2025-09-27 06:38:32.056 [INFO] PORTX -   WRAP: conftest
2025-09-27 06:38:32.057 [DEBUG] PORTX - Processing tool: conftest, path: conftest.exe
2025-09-27 06:38:32.058 [DEBUG] PORTX - About to create bash wrapper with: PackageName=conftest, ToolName=conftest, ExecutablePath=conftest.exe, DefaultArgs=''
2025-09-27 06:38:32.060 [DEBUG] PORTX - New-UniversalBashWrapper called with PackageName='conftest', ToolName='conftest'
2025-09-27 06:38:32.062 [DEBUG] SANITIZE - Sanitizing file: C:\App\PORTX\wrappers\posix\conftest
2025-09-27 06:38:32.064 [DEBUG] SANITIZE - File sanitized: C:\App\PORTX\wrappers\posix\conftest
2025-09-27 06:38:32.065 [DEBUG] PORTX - Created universal bash wrapper: C:\App\PORTX\wrappers\posix\conftest
2025-09-27 06:38:32.067 [DEBUG] PORTX - New-UniversalCmdWrapper called with PackageName='conftest', ToolName='conftest'
2025-09-27 06:38:32.070 [DEBUG] PORTX - Created universal CMD wrapper: C:\App\PORTX\wrappers\windows\conftest.cmd
2025-09-27 06:38:32.071 [DEBUG] PORTX - About to create Go wrapper with: PackageName=conftest, ToolName=conftest, ExecutablePath=conftest.exe, DefaultArgs=''
2025-09-27 06:38:32.073 [INFO] PORTX -   Created 1 wrappers for conftest
2025-09-27 06:38:32.074 [DEBUG] VALIDATION - Starting wrapper validation for package: conftest
2025-09-27 06:38:32.076 [DEBUG] VALIDATION -   Wrapper validation passed for conftest
2025-09-27 06:38:32.077 [INFO] PORTX - Processing: cosign
2025-09-27 06:38:32.079 [DEBUG] PORTX - Validating package: cosign
2025-09-27 06:38:32.083 [DEBUG] PORTX - Package cosign validation passed
2025-09-27 06:38:32.085 [INFO] PORTX -   Import type: wrap
2025-09-27 06:38:32.086 [INFO] PORTX -   WRAP: cosign
2025-09-27 06:38:32.088 [DEBUG] PORTX - Processing tool: cosign, path: cosign.exe
2025-09-27 06:38:32.089 [DEBUG] PORTX - About to create bash wrapper with: PackageName=cosign, ToolName=cosign, ExecutablePath=cosign.exe, DefaultArgs=''
2025-09-27 06:38:32.090 [DEBUG] PORTX - New-UniversalBashWrapper called with PackageName='cosign', ToolName='cosign'
2025-09-27 06:38:32.092 [DEBUG] SANITIZE - Sanitizing file: C:\App\PORTX\wrappers\posix\cosign
2025-09-27 06:38:32.095 [DEBUG] SANITIZE - File sanitized: C:\App\PORTX\wrappers\posix\cosign
2025-09-27 06:38:32.096 [DEBUG] PORTX - Created universal bash wrapper: C:\App\PORTX\wrappers\posix\cosign
2025-09-27 06:38:32.097 [DEBUG] PORTX - New-UniversalCmdWrapper called with PackageName='cosign', ToolName='cosign'
2025-09-27 06:38:32.100 [DEBUG] PORTX - Created universal CMD wrapper: C:\App\PORTX\wrappers\windows\cosign.cmd
2025-09-27 06:38:32.102 [DEBUG] PORTX - About to create Go wrapper with: PackageName=cosign, ToolName=cosign, ExecutablePath=cosign.exe, DefaultArgs=''
2025-09-27 06:38:32.103 [INFO] PORTX -   Created 1 wrappers for cosign
2025-09-27 06:38:32.105 [DEBUG] VALIDATION - Starting wrapper validation for package: cosign
2025-09-27 06:38:32.106 [DEBUG] VALIDATION -   Wrapper validation passed for cosign
2025-09-27 06:38:32.108 [INFO] PORTX - Processing: crane
2025-09-27 06:38:32.110 [DEBUG] PORTX - Validating package: crane
2025-09-27 06:38:32.116 [DEBUG] PORTX - Package crane validation passed
2025-09-27 06:38:32.118 [INFO] PORTX -   Import type: wrap
2025-09-27 06:38:32.120 [INFO] PORTX -   WRAP: crane
2025-09-27 06:38:32.121 [DEBUG] PORTX - Processing tool: crane, path: crane.exe
2025-09-27 06:38:32.122 [DEBUG] PORTX - About to create bash wrapper with: PackageName=crane, ToolName=crane, ExecutablePath=crane.exe, DefaultArgs=''
2025-09-27 06:38:32.124 [DEBUG] PORTX - New-UniversalBashWrapper called with PackageName='crane', ToolName='crane'
2025-09-27 06:38:32.126 [DEBUG] SANITIZE - Sanitizing file: C:\App\PORTX\wrappers\posix\crane
2025-09-27 06:38:32.128 [DEBUG] SANITIZE - File sanitized: C:\App\PORTX\wrappers\posix\crane
2025-09-27 06:38:32.129 [DEBUG] PORTX - Created universal bash wrapper: C:\App\PORTX\wrappers\posix\crane
2025-09-27 06:38:32.130 [DEBUG] PORTX - New-UniversalCmdWrapper called with PackageName='crane', ToolName='crane'
2025-09-27 06:38:32.133 [DEBUG] PORTX - Created universal CMD wrapper: C:\App\PORTX\wrappers\windows\crane.cmd
2025-09-27 06:38:32.135 [DEBUG] PORTX - About to create Go wrapper with: PackageName=crane, ToolName=crane, ExecutablePath=crane.exe, DefaultArgs=''
2025-09-27 06:38:32.136 [DEBUG] PORTX - Processing tool: gcrane, path: gcrane.exe
2025-09-27 06:38:32.138 [DEBUG] PORTX - About to create bash wrapper with: PackageName=crane, ToolName=gcrane, ExecutablePath=gcrane.exe, DefaultArgs=''
2025-09-27 06:38:32.139 [DEBUG] PORTX - New-UniversalBashWrapper called with PackageName='crane', ToolName='gcrane'
2025-09-27 06:38:32.141 [DEBUG] SANITIZE - Sanitizing file: C:\App\PORTX\wrappers\posix\gcrane
2025-09-27 06:38:32.143 [DEBUG] SANITIZE - File sanitized: C:\App\PORTX\wrappers\posix\gcrane
2025-09-27 06:38:32.144 [DEBUG] PORTX - Created universal bash wrapper: C:\App\PORTX\wrappers\posix\gcrane
2025-09-27 06:38:32.146 [DEBUG] PORTX - New-UniversalCmdWrapper called with PackageName='crane', ToolName='gcrane'
2025-09-27 06:38:32.149 [DEBUG] PORTX - Created universal CMD wrapper: C:\App\PORTX\wrappers\windows\gcrane.cmd
2025-09-27 06:38:32.151 [DEBUG] PORTX - About to create Go wrapper with: PackageName=crane, ToolName=gcrane, ExecutablePath=gcrane.exe, DefaultArgs=''
2025-09-27 06:38:32.152 [DEBUG] PORTX - Processing tool: krane, path: krane.exe
2025-09-27 06:38:32.153 [DEBUG] PORTX - About to create bash wrapper with: PackageName=crane, ToolName=krane, ExecutablePath=krane.exe, DefaultArgs=''
2025-09-27 06:38:32.154 [DEBUG] PORTX - New-UniversalBashWrapper called with PackageName='crane', ToolName='krane'
2025-09-27 06:38:32.157 [DEBUG] SANITIZE - Sanitizing file: C:\App\PORTX\wrappers\posix\krane
2025-09-27 06:38:32.159 [DEBUG] SANITIZE - File sanitized: C:\App\PORTX\wrappers\posix\krane
2025-09-27 06:38:32.160 [DEBUG] PORTX - Created universal bash wrapper: C:\App\PORTX\wrappers\posix\krane
2025-09-27 06:38:32.162 [DEBUG] PORTX - New-UniversalCmdWrapper called with PackageName='crane', ToolName='krane'
2025-09-27 06:38:32.165 [DEBUG] PORTX - Created universal CMD wrapper: C:\App\PORTX\wrappers\windows\krane.cmd
2025-09-27 06:38:32.166 [DEBUG] PORTX - About to create Go wrapper with: PackageName=crane, ToolName=krane, ExecutablePath=krane.exe, DefaultArgs=''
2025-09-27 06:38:32.168 [INFO] PORTX -   Created 3 wrappers for crane
2025-09-27 06:38:32.170 [DEBUG] VALIDATION - Starting wrapper validation for package: crane
2025-09-27 06:38:32.172 [DEBUG] VALIDATION -   Wrapper validation passed for crane
2025-09-27 06:38:32.173 [INFO] PORTX - Processing: csvtk
2025-09-27 06:38:32.175 [DEBUG] PORTX - Validating package: csvtk
2025-09-27 06:38:32.179 [DEBUG] PORTX - Package csvtk validation passed
2025-09-27 06:38:32.181 [INFO] PORTX -   Import type: wrap
2025-09-27 06:38:32.182 [INFO] PORTX -   WRAP: csvtk
2025-09-27 06:38:32.184 [DEBUG] PORTX - Processing tool: csvtk, path: csvtk.exe
2025-09-27 06:38:32.185 [DEBUG] PORTX - About to create bash wrapper with: PackageName=csvtk, ToolName=csvtk, ExecutablePath=csvtk.exe, DefaultArgs=''
2025-09-27 06:38:32.186 [DEBUG] PORTX - New-UniversalBashWrapper called with PackageName='csvtk', ToolName='csvtk'
2025-09-27 06:38:32.188 [DEBUG] SANITIZE - Sanitizing file: C:\App\PORTX\wrappers\posix\csvtk
2025-09-27 06:38:32.190 [DEBUG] SANITIZE - File sanitized: C:\App\PORTX\wrappers\posix\csvtk
2025-09-27 06:38:32.191 [DEBUG] PORTX - Created universal bash wrapper: C:\App\PORTX\wrappers\posix\csvtk
2025-09-27 06:38:32.193 [DEBUG] PORTX - New-UniversalCmdWrapper called with PackageName='csvtk', ToolName='csvtk'
2025-09-27 06:38:32.195 [DEBUG] PORTX - Created universal CMD wrapper: C:\App\PORTX\wrappers\windows\csvtk.cmd
2025-09-27 06:38:32.197 [DEBUG] PORTX - About to create Go wrapper with: PackageName=csvtk, ToolName=csvtk, ExecutablePath=csvtk.exe, DefaultArgs=''
2025-09-27 06:38:32.198 [INFO] PORTX -   Created 1 wrappers for csvtk
2025-09-27 06:38:32.200 [DEBUG] VALIDATION - Starting wrapper validation for package: csvtk
2025-09-27 06:38:32.201 [DEBUG] VALIDATION -   Wrapper validation passed for csvtk
2025-09-27 06:38:32.202 [INFO] PORTX - Processing: ctags
2025-09-27 06:38:32.204 [DEBUG] PORTX - Validating package: ctags
2025-09-27 06:38:32.209 [DEBUG] PORTX - Package ctags validation passed
2025-09-27 06:38:32.211 [INFO] PORTX -   Import type: wrap
2025-09-27 06:38:32.213 [INFO] PORTX -   WRAP: ctags
2025-09-27 06:38:32.214 [DEBUG] PORTX - Processing tool: ctags, path: ctags.exe
2025-09-27 06:38:32.215 [DEBUG] PORTX - About to create bash wrapper with: PackageName=ctags, ToolName=ctags, ExecutablePath=ctags.exe, DefaultArgs=''
2025-09-27 06:38:32.216 [DEBUG] PORTX - New-UniversalBashWrapper called with PackageName='ctags', ToolName='ctags'
2025-09-27 06:38:32.218 [DEBUG] SANITIZE - Sanitizing file: C:\App\PORTX\wrappers\posix\ctags
2025-09-27 06:38:32.220 [DEBUG] SANITIZE - File sanitized: C:\App\PORTX\wrappers\posix\ctags
2025-09-27 06:38:32.222 [DEBUG] PORTX - Created universal bash wrapper: C:\App\PORTX\wrappers\posix\ctags
2025-09-27 06:38:32.223 [DEBUG] PORTX - New-UniversalCmdWrapper called with PackageName='ctags', ToolName='ctags'
2025-09-27 06:38:32.226 [DEBUG] PORTX - Created universal CMD wrapper: C:\App\PORTX\wrappers\windows\ctags.cmd
2025-09-27 06:38:32.227 [DEBUG] PORTX - About to create Go wrapper with: PackageName=ctags, ToolName=ctags, ExecutablePath=ctags.exe, DefaultArgs=''
2025-09-27 06:38:32.228 [DEBUG] PORTX - Processing tool: readtags, path: readtags.exe
2025-09-27 06:38:32.229 [DEBUG] PORTX - About to create bash wrapper with: PackageName=ctags, ToolName=readtags, ExecutablePath=readtags.exe, DefaultArgs=''
2025-09-27 06:38:32.231 [DEBUG] PORTX - New-UniversalBashWrapper called with PackageName='ctags', ToolName='readtags'
2025-09-27 06:38:32.233 [DEBUG] SANITIZE - Sanitizing file: C:\App\PORTX\wrappers\posix\readtags
2025-09-27 06:38:32.235 [DEBUG] SANITIZE - File sanitized: C:\App\PORTX\wrappers\posix\readtags
2025-09-27 06:38:32.236 [DEBUG] PORTX - Created universal bash wrapper: C:\App\PORTX\wrappers\posix\readtags
2025-09-27 06:38:32.237 [DEBUG] PORTX - New-UniversalCmdWrapper called with PackageName='ctags', ToolName='readtags'
2025-09-27 06:38:32.240 [DEBUG] PORTX - Created universal CMD wrapper: C:\App\PORTX\wrappers\windows\readtags.cmd
2025-09-27 06:38:32.241 [DEBUG] PORTX - About to create Go wrapper with: PackageName=ctags, ToolName=readtags, ExecutablePath=readtags.exe, DefaultArgs=''
2025-09-27 06:38:32.243 [INFO] PORTX -   Created 2 wrappers for ctags
2025-09-27 06:38:32.245 [DEBUG] VALIDATION - Starting wrapper validation for package: ctags
2025-09-27 06:38:32.246 [DEBUG] VALIDATION -   Wrapper validation passed for ctags
2025-09-27 06:38:32.247 [INFO] PORTX - Processing: ctop
2025-09-27 06:38:32.249 [DEBUG] PORTX - Validating package: ctop
2025-09-27 06:38:32.253 [DEBUG] PORTX - Package ctop validation passed
2025-09-27 06:38:32.255 [INFO] PORTX -   Import type: wrap
2025-09-27 06:38:32.257 [INFO] PORTX -   WRAP: ctop
2025-09-27 06:38:32.258 [DEBUG] PORTX - Processing tool: ctop, path: ctop.exe
2025-09-27 06:38:32.260 [DEBUG] PORTX - About to create bash wrapper with: PackageName=ctop, ToolName=ctop, ExecutablePath=ctop.exe, DefaultArgs=''
2025-09-27 06:38:32.261 [DEBUG] PORTX - New-UniversalBashWrapper called with PackageName='ctop', ToolName='ctop'
2025-09-27 06:38:32.264 [DEBUG] SANITIZE - Sanitizing file: C:\App\PORTX\wrappers\posix\ctop
2025-09-27 06:38:32.266 [DEBUG] SANITIZE - File sanitized: C:\App\PORTX\wrappers\posix\ctop
2025-09-27 06:38:32.267 [DEBUG] PORTX - Created universal bash wrapper: C:\App\PORTX\wrappers\posix\ctop
2025-09-27 06:38:32.269 [DEBUG] PORTX - New-UniversalCmdWrapper called with PackageName='ctop', ToolName='ctop'
2025-09-27 06:38:32.273 [DEBUG] PORTX - Created universal CMD wrapper: C:\App\PORTX\wrappers\windows\ctop.cmd
2025-09-27 06:38:32.275 [DEBUG] PORTX - About to create Go wrapper with: PackageName=ctop, ToolName=ctop, ExecutablePath=ctop.exe, DefaultArgs=''
2025-09-27 06:38:32.276 [INFO] PORTX -   Created 1 wrappers for ctop
2025-09-27 06:38:32.278 [DEBUG] VALIDATION - Starting wrapper validation for package: ctop
2025-09-27 06:38:32.279 [DEBUG] VALIDATION -   Wrapper validation passed for ctop
2025-09-27 06:38:32.281 [INFO] PORTX - Processing: curlie
2025-09-27 06:38:32.283 [DEBUG] PORTX - Validating package: curlie
2025-09-27 06:38:32.286 [DEBUG] PORTX - Package curlie validation passed
2025-09-27 06:38:32.289 [INFO] PORTX -   Import type: wrap
2025-09-27 06:38:32.290 [INFO] PORTX -   WRAP: curlie
2025-09-27 06:38:32.292 [DEBUG] PORTX - Processing tool: curlie, path: curlie.exe
2025-09-27 06:38:32.293 [DEBUG] PORTX - About to create bash wrapper with: PackageName=curlie, ToolName=curlie, ExecutablePath=curlie.exe, DefaultArgs=''
2025-09-27 06:38:32.294 [DEBUG] PORTX - New-UniversalBashWrapper called with PackageName='curlie', ToolName='curlie'
2025-09-27 06:38:32.297 [DEBUG] SANITIZE - Sanitizing file: C:\App\PORTX\wrappers\posix\curlie
2025-09-27 06:38:32.299 [DEBUG] SANITIZE - File sanitized: C:\App\PORTX\wrappers\posix\curlie
2025-09-27 06:38:32.300 [DEBUG] PORTX - Created universal bash wrapper: C:\App\PORTX\wrappers\posix\curlie
2025-09-27 06:38:32.302 [DEBUG] PORTX - New-UniversalCmdWrapper called with PackageName='curlie', ToolName='curlie'
2025-09-27 06:38:32.305 [DEBUG] PORTX - Created universal CMD wrapper: C:\App\PORTX\wrappers\windows\curlie.cmd
2025-09-27 06:38:32.306 [DEBUG] PORTX - About to create Go wrapper with: PackageName=curlie, ToolName=curlie, ExecutablePath=curlie.exe, DefaultArgs=''
2025-09-27 06:38:32.307 [INFO] PORTX -   Created 1 wrappers for curlie
2025-09-27 06:38:32.309 [DEBUG] VALIDATION - Starting wrapper validation for package: curlie
2025-09-27 06:38:32.311 [DEBUG] VALIDATION -   Wrapper validation passed for curlie
2025-09-27 06:38:32.312 [INFO] PORTX - Processing: dasel
2025-09-27 06:38:32.314 [DEBUG] PORTX - Validating package: dasel
2025-09-27 06:38:32.317 [DEBUG] PORTX - Package dasel validation passed
2025-09-27 06:38:32.319 [INFO] PORTX -   Import type: wrap
2025-09-27 06:38:32.321 [INFO] PORTX -   WRAP: dasel
2025-09-27 06:38:32.322 [DEBUG] PORTX - Processing tool: dasel, path: dasel.exe
2025-09-27 06:38:32.323 [DEBUG] PORTX - About to create bash wrapper with: PackageName=dasel, ToolName=dasel, ExecutablePath=dasel.exe, DefaultArgs=''
2025-09-27 06:38:32.325 [DEBUG] PORTX - New-UniversalBashWrapper called with PackageName='dasel', ToolName='dasel'
2025-09-27 06:38:32.327 [DEBUG] SANITIZE - Sanitizing file: C:\App\PORTX\wrappers\posix\dasel
2025-09-27 06:38:32.329 [DEBUG] SANITIZE - File sanitized: C:\App\PORTX\wrappers\posix\dasel
2025-09-27 06:38:32.330 [DEBUG] PORTX - Created universal bash wrapper: C:\App\PORTX\wrappers\posix\dasel
2025-09-27 06:38:32.331 [DEBUG] PORTX - New-UniversalCmdWrapper called with PackageName='dasel', ToolName='dasel'
2025-09-27 06:38:32.334 [DEBUG] PORTX - Created universal CMD wrapper: C:\App\PORTX\wrappers\windows\dasel.cmd
2025-09-27 06:38:32.335 [DEBUG] PORTX - About to create Go wrapper with: PackageName=dasel, ToolName=dasel, ExecutablePath=dasel.exe, DefaultArgs=''
2025-09-27 06:38:32.337 [INFO] PORTX -   Created 1 wrappers for dasel
2025-09-27 06:38:32.339 [DEBUG] VALIDATION - Starting wrapper validation for package: dasel
2025-09-27 06:38:32.340 [DEBUG] VALIDATION -   Wrapper validation passed for dasel
2025-09-27 06:38:32.341 [INFO] PORTX - Processing: dblab
2025-09-27 06:38:32.343 [DEBUG] PORTX - Validating package: dblab
2025-09-27 06:38:32.347 [DEBUG] PORTX - Package dblab validation passed
2025-09-27 06:38:32.349 [INFO] PORTX -   Import type: wrap
2025-09-27 06:38:32.350 [INFO] PORTX -   WRAP: dblab
2025-09-27 06:38:32.352 [DEBUG] PORTX - Processing tool: dblab, path: dblab.exe
2025-09-27 06:38:32.353 [DEBUG] PORTX - About to create bash wrapper with: PackageName=dblab, ToolName=dblab, ExecutablePath=dblab.exe, DefaultArgs=''
2025-09-27 06:38:32.354 [DEBUG] PORTX - New-UniversalBashWrapper called with PackageName='dblab', ToolName='dblab'
2025-09-27 06:38:32.356 [DEBUG] SANITIZE - Sanitizing file: C:\App\PORTX\wrappers\posix\dblab
2025-09-27 06:38:32.359 [DEBUG] SANITIZE - File sanitized: C:\App\PORTX\wrappers\posix\dblab
2025-09-27 06:38:32.360 [DEBUG] PORTX - Created universal bash wrapper: C:\App\PORTX\wrappers\posix\dblab
2025-09-27 06:38:32.361 [DEBUG] PORTX - New-UniversalCmdWrapper called with PackageName='dblab', ToolName='dblab'
2025-09-27 06:38:32.365 [DEBUG] PORTX - Created universal CMD wrapper: C:\App\PORTX\wrappers\windows\dblab.cmd
2025-09-27 06:38:32.366 [DEBUG] PORTX - About to create Go wrapper with: PackageName=dblab, ToolName=dblab, ExecutablePath=dblab.exe, DefaultArgs=''
2025-09-27 06:38:32.368 [INFO] PORTX -   Created 1 wrappers for dblab
2025-09-27 06:38:32.369 [DEBUG] VALIDATION - Starting wrapper validation for package: dblab
2025-09-27 06:38:32.371 [DEBUG] VALIDATION -   Wrapper validation passed for dblab
2025-09-27 06:38:32.372 [INFO] PORTX - Processing: detectiteasy
2025-09-27 06:38:32.374 [DEBUG] PORTX - Validating package: detectiteasy
2025-09-27 06:38:32.381 [DEBUG] PORTX - Package detectiteasy validation passed
2025-09-27 06:38:32.383 [INFO] PORTX -   Import type: wrap
2025-09-27 06:38:32.384 [INFO] PORTX -   WRAP: detectiteasy
2025-09-27 06:38:32.385 [DEBUG] PORTX - Processing tool: die, path: die.exe
2025-09-27 06:38:32.388 [DEBUG] PORTX - About to create bash wrapper with: PackageName=detectiteasy, ToolName=die, ExecutablePath=die.exe, DefaultArgs=''
2025-09-27 06:38:32.389 [DEBUG] PORTX - New-UniversalBashWrapper called with PackageName='detectiteasy', ToolName='die'
2025-09-27 06:38:32.391 [DEBUG] SANITIZE - Sanitizing file: C:\App\PORTX\wrappers\posix\die
2025-09-27 06:38:32.393 [DEBUG] SANITIZE - File sanitized: C:\App\PORTX\wrappers\posix\die
2025-09-27 06:38:32.395 [DEBUG] PORTX - Created universal bash wrapper: C:\App\PORTX\wrappers\posix\die
2025-09-27 06:38:32.396 [DEBUG] PORTX - New-UniversalCmdWrapper called with PackageName='detectiteasy', ToolName='die'
2025-09-27 06:38:32.398 [DEBUG] PORTX - Created universal CMD wrapper: C:\App\PORTX\wrappers\windows\die.cmd
2025-09-27 06:38:32.400 [DEBUG] PORTX - About to create Go wrapper with: PackageName=detectiteasy, ToolName=die, ExecutablePath=die.exe, DefaultArgs=''
2025-09-27 06:38:32.401 [DEBUG] PORTX - Processing tool: diec, path: diec.exe
2025-09-27 06:38:32.402 [DEBUG] PORTX - About to create bash wrapper with: PackageName=detectiteasy, ToolName=diec, ExecutablePath=diec.exe, DefaultArgs=''
2025-09-27 06:38:32.403 [DEBUG] PORTX - New-UniversalBashWrapper called with PackageName='detectiteasy', ToolName='diec'
2025-09-27 06:38:32.405 [DEBUG] SANITIZE - Sanitizing file: C:\App\PORTX\wrappers\posix\diec
2025-09-27 06:38:32.407 [DEBUG] SANITIZE - File sanitized: C:\App\PORTX\wrappers\posix\diec
2025-09-27 06:38:32.409 [DEBUG] PORTX - Created universal bash wrapper: C:\App\PORTX\wrappers\posix\diec
2025-09-27 06:38:32.410 [DEBUG] PORTX - New-UniversalCmdWrapper called with PackageName='detectiteasy', ToolName='diec'
2025-09-27 06:38:32.413 [DEBUG] PORTX - Created universal CMD wrapper: C:\App\PORTX\wrappers\windows\diec.cmd
2025-09-27 06:38:32.414 [DEBUG] PORTX - About to create Go wrapper with: PackageName=detectiteasy, ToolName=diec, ExecutablePath=diec.exe, DefaultArgs=''
2025-09-27 06:38:32.415 [DEBUG] PORTX - Processing tool: diel, path: diel.exe
2025-09-27 06:38:32.417 [DEBUG] PORTX - About to create bash wrapper with: PackageName=detectiteasy, ToolName=diel, ExecutablePath=diel.exe, DefaultArgs=''
2025-09-27 06:38:32.418 [DEBUG] PORTX - New-UniversalBashWrapper called with PackageName='detectiteasy', ToolName='diel'
2025-09-27 06:38:32.420 [DEBUG] SANITIZE - Sanitizing file: C:\App\PORTX\wrappers\posix\diel
2025-09-27 06:38:32.423 [DEBUG] SANITIZE - File sanitized: C:\App\PORTX\wrappers\posix\diel
2025-09-27 06:38:32.424 [DEBUG] PORTX - Created universal bash wrapper: C:\App\PORTX\wrappers\posix\diel
2025-09-27 06:38:32.425 [DEBUG] PORTX - New-UniversalCmdWrapper called with PackageName='detectiteasy', ToolName='diel'
2025-09-27 06:38:32.428 [DEBUG] PORTX - Created universal CMD wrapper: C:\App\PORTX\wrappers\windows\diel.cmd
2025-09-27 06:38:32.430 [DEBUG] PORTX - About to create Go wrapper with: PackageName=detectiteasy, ToolName=diel, ExecutablePath=diel.exe, DefaultArgs=''
2025-09-27 06:38:32.431 [INFO] PORTX -   Created 3 wrappers for detectiteasy
2025-09-27 06:38:32.433 [DEBUG] VALIDATION - Starting wrapper validation for package: detectiteasy
2025-09-27 06:38:32.434 [DEBUG] VALIDATION -   Wrapper validation passed for detectiteasy
2025-09-27 06:38:32.435 [INFO] PORTX - Processing: difftastic
2025-09-27 06:38:32.437 [DEBUG] PORTX - Validating package: difftastic
2025-09-27 06:38:32.441 [DEBUG] PORTX - Package difftastic validation passed
2025-09-27 06:38:32.443 [INFO] PORTX -   Import type: wrap
2025-09-27 06:38:32.444 [INFO] PORTX -   WRAP: difftastic
2025-09-27 06:38:32.446 [DEBUG] PORTX - Processing tool: difft, path: difft.exe
2025-09-27 06:38:32.447 [DEBUG] PORTX - About to create bash wrapper with: PackageName=difftastic, ToolName=difft, ExecutablePath=difft.exe, DefaultArgs=''
2025-09-27 06:38:32.448 [DEBUG] PORTX - New-UniversalBashWrapper called with PackageName='difftastic', ToolName='difft'
2025-09-27 06:38:32.450 [DEBUG] SANITIZE - Sanitizing file: C:\App\PORTX\wrappers\posix\difft
2025-09-27 06:38:32.452 [DEBUG] SANITIZE - File sanitized: C:\App\PORTX\wrappers\posix\difft
2025-09-27 06:38:32.453 [DEBUG] PORTX - Created universal bash wrapper: C:\App\PORTX\wrappers\posix\difft
2025-09-27 06:38:32.455 [DEBUG] PORTX - New-UniversalCmdWrapper called with PackageName='difftastic', ToolName='difft'
2025-09-27 06:38:32.458 [DEBUG] PORTX - Created universal CMD wrapper: C:\App\PORTX\wrappers\windows\difft.cmd
2025-09-27 06:38:32.459 [DEBUG] PORTX - About to create Go wrapper with: PackageName=difftastic, ToolName=difft, ExecutablePath=difft.exe, DefaultArgs=''
2025-09-27 06:38:32.461 [INFO] PORTX -   Created 1 wrappers for difftastic
2025-09-27 06:38:32.462 [DEBUG] VALIDATION - Starting wrapper validation for package: difftastic
2025-09-27 06:38:32.464 [DEBUG] VALIDATION -   Wrapper validation passed for difftastic
2025-09-27 06:38:32.465 [INFO] PORTX - Processing: direnv
2025-09-27 06:38:32.467 [DEBUG] PORTX - Validating package: direnv
2025-09-27 06:38:32.470 [DEBUG] PORTX - Package direnv validation passed
2025-09-27 06:38:32.472 [INFO] PORTX -   Import type: wrap
2025-09-27 06:38:32.474 [INFO] PORTX -   WRAP: direnv
2025-09-27 06:38:32.475 [DEBUG] PORTX - Processing tool: direnv, path: direnv.exe
2025-09-27 06:38:32.476 [DEBUG] PORTX - About to create bash wrapper with: PackageName=direnv, ToolName=direnv, ExecutablePath=direnv.exe, DefaultArgs=''
2025-09-27 06:38:32.478 [DEBUG] PORTX - New-UniversalBashWrapper called with PackageName='direnv', ToolName='direnv'
2025-09-27 06:38:32.480 [DEBUG] SANITIZE - Sanitizing file: C:\App\PORTX\wrappers\posix\direnv
2025-09-27 06:38:32.482 [DEBUG] SANITIZE - File sanitized: C:\App\PORTX\wrappers\posix\direnv
2025-09-27 06:38:32.483 [DEBUG] PORTX - Created universal bash wrapper: C:\App\PORTX\wrappers\posix\direnv
2025-09-27 06:38:32.484 [DEBUG] PORTX - New-UniversalCmdWrapper called with PackageName='direnv', ToolName='direnv'
2025-09-27 06:38:32.487 [DEBUG] PORTX - Created universal CMD wrapper: C:\App\PORTX\wrappers\windows\direnv.cmd
2025-09-27 06:38:32.489 [DEBUG] PORTX - About to create Go wrapper with: PackageName=direnv, ToolName=direnv, ExecutablePath=direnv.exe, DefaultArgs=''
2025-09-27 06:38:32.490 [INFO] PORTX -   Created 1 wrappers for direnv
2025-09-27 06:38:32.492 [DEBUG] VALIDATION - Starting wrapper validation for package: direnv
2025-09-27 06:38:32.493 [DEBUG] VALIDATION -   Wrapper validation passed for direnv
2025-09-27 06:38:32.494 [INFO] PORTX - Processing: dive
2025-09-27 06:38:32.496 [DEBUG] PORTX - Validating package: dive
2025-09-27 06:38:32.501 [DEBUG] PORTX - Package dive validation passed
2025-09-27 06:38:32.503 [INFO] PORTX -   Import type: wrap
2025-09-27 06:38:32.505 [INFO] PORTX -   WRAP: dive
2025-09-27 06:38:32.506 [DEBUG] PORTX - Processing tool: dive, path: dive.exe
2025-09-27 06:38:32.507 [DEBUG] PORTX - About to create bash wrapper with: PackageName=dive, ToolName=dive, ExecutablePath=dive.exe, DefaultArgs=''
2025-09-27 06:38:32.508 [DEBUG] PORTX - New-UniversalBashWrapper called with PackageName='dive', ToolName='dive'
2025-09-27 06:38:32.511 [DEBUG] SANITIZE - Sanitizing file: C:\App\PORTX\wrappers\posix\dive
2025-09-27 06:38:32.513 [DEBUG] SANITIZE - File sanitized: C:\App\PORTX\wrappers\posix\dive
2025-09-27 06:38:32.514 [DEBUG] PORTX - Created universal bash wrapper: C:\App\PORTX\wrappers\posix\dive
2025-09-27 06:38:32.515 [DEBUG] PORTX - New-UniversalCmdWrapper called with PackageName='dive', ToolName='dive'
2025-09-27 06:38:32.518 [DEBUG] PORTX - Created universal CMD wrapper: C:\App\PORTX\wrappers\windows\dive.cmd
2025-09-27 06:38:32.520 [DEBUG] PORTX - About to create Go wrapper with: PackageName=dive, ToolName=dive, ExecutablePath=dive.exe, DefaultArgs=''
2025-09-27 06:38:32.521 [INFO] PORTX -   Created 1 wrappers for dive
2025-09-27 06:38:32.523 [DEBUG] VALIDATION - Starting wrapper validation for package: dive
2025-09-27 06:38:32.524 [DEBUG] VALIDATION -   Wrapper validation passed for dive
2025-09-27 06:38:32.525 [INFO] PORTX - Processing: docker-compose
2025-09-27 06:38:32.527 [DEBUG] PORTX - Validating package: docker-compose
2025-09-27 06:38:32.531 [DEBUG] PORTX - Package docker-compose validation passed
2025-09-27 06:38:32.533 [INFO] PORTX -   Import type: wrap
2025-09-27 06:38:32.535 [INFO] PORTX -   WRAP: docker-compose
2025-09-27 06:38:32.536 [DEBUG] PORTX - Processing tool: docker-compose, path: docker-compose.exe
2025-09-27 06:38:32.537 [DEBUG] PORTX - About to create bash wrapper with: PackageName=docker-compose, ToolName=docker-compose, ExecutablePath=docker-compose.exe, DefaultArgs=''
2025-09-27 06:38:32.538 [DEBUG] PORTX - New-UniversalBashWrapper called with PackageName='docker-compose', ToolName='docker-compose'
2025-09-27 06:38:32.541 [DEBUG] SANITIZE - Sanitizing file: C:\App\PORTX\wrappers\posix\docker-compose
2025-09-27 06:38:32.543 [DEBUG] SANITIZE - File sanitized: C:\App\PORTX\wrappers\posix\docker-compose
2025-09-27 06:38:32.544 [DEBUG] PORTX - Created universal bash wrapper: C:\App\PORTX\wrappers\posix\docker-compose
2025-09-27 06:38:32.545 [DEBUG] PORTX - New-UniversalCmdWrapper called with PackageName='docker-compose', ToolName='docker-compose'
2025-09-27 06:38:32.548 [DEBUG] PORTX - Created universal CMD wrapper: C:\App\PORTX\wrappers\windows\docker-compose.cmd
2025-09-27 06:38:32.549 [DEBUG] PORTX - About to create Go wrapper with: PackageName=docker-compose, ToolName=docker-compose, ExecutablePath=docker-compose.exe, DefaultArgs=''
2025-09-27 06:38:32.551 [INFO] PORTX -   Created 1 wrappers for docker-compose
2025-09-27 06:38:32.552 [DEBUG] VALIDATION - Starting wrapper validation for package: docker-compose
2025-09-27 06:38:32.554 [DEBUG] VALIDATION -   Wrapper validation passed for docker-compose
2025-09-27 06:38:32.555 [INFO] PORTX - Processing: dog
2025-09-27 06:38:32.557 [DEBUG] PORTX - Validating package: dog
2025-09-27 06:38:32.561 [DEBUG] PORTX - Package dog validation passed
2025-09-27 06:38:32.563 [INFO] PORTX -   Import type: wrap
2025-09-27 06:38:32.564 [INFO] PORTX -   WRAP: dog
2025-09-27 06:38:32.566 [DEBUG] PORTX - Processing tool: dog, path: bin/dog.exe
2025-09-27 06:38:32.567 [DEBUG] PORTX - About to create bash wrapper with: PackageName=dog, ToolName=dog, ExecutablePath=bin/dog.exe, DefaultArgs=''
2025-09-27 06:38:32.568 [DEBUG] PORTX - New-UniversalBashWrapper called with PackageName='dog', ToolName='dog'
2025-09-27 06:38:32.570 [DEBUG] SANITIZE - Sanitizing file: C:\App\PORTX\wrappers\posix\dog
2025-09-27 06:38:32.572 [DEBUG] SANITIZE - File sanitized: C:\App\PORTX\wrappers\posix\dog
2025-09-27 06:38:32.574 [DEBUG] PORTX - Created universal bash wrapper: C:\App\PORTX\wrappers\posix\dog
2025-09-27 06:38:32.575 [DEBUG] PORTX - New-UniversalCmdWrapper called with PackageName='dog', ToolName='dog'
2025-09-27 06:38:32.578 [DEBUG] PORTX - Created universal CMD wrapper: C:\App\PORTX\wrappers\windows\dog.cmd
2025-09-27 06:38:32.579 [DEBUG] PORTX - About to create Go wrapper with: PackageName=dog, ToolName=dog, ExecutablePath=bin/dog.exe, DefaultArgs=''
2025-09-27 06:38:32.581 [INFO] PORTX -   Created 1 wrappers for dog
2025-09-27 06:38:32.582 [DEBUG] VALIDATION - Starting wrapper validation for package: dog
2025-09-27 06:38:32.584 [DEBUG] VALIDATION -   Wrapper validation passed for dog
2025-09-27 06:38:32.585 [INFO] PORTX - Processing: dprint
2025-09-27 06:38:32.587 [DEBUG] PORTX - Validating package: dprint
2025-09-27 06:38:32.590 [DEBUG] PORTX - Package dprint validation passed
2025-09-27 06:38:32.593 [INFO] PORTX -   Import type: wrap
2025-09-27 06:38:32.594 [INFO] PORTX -   WRAP: dprint
2025-09-27 06:38:32.596 [DEBUG] PORTX - Processing tool: dprint, path: dprint.exe
2025-09-27 06:38:32.597 [DEBUG] PORTX - About to create bash wrapper with: PackageName=dprint, ToolName=dprint, ExecutablePath=dprint.exe, DefaultArgs=''
2025-09-27 06:38:32.598 [DEBUG] PORTX - New-UniversalBashWrapper called with PackageName='dprint', ToolName='dprint'
2025-09-27 06:38:32.600 [DEBUG] SANITIZE - Sanitizing file: C:\App\PORTX\wrappers\posix\dprint
2025-09-27 06:38:32.602 [DEBUG] SANITIZE - File sanitized: C:\App\PORTX\wrappers\posix\dprint
2025-09-27 06:38:32.603 [DEBUG] PORTX - Created universal bash wrapper: C:\App\PORTX\wrappers\posix\dprint
2025-09-27 06:38:32.605 [DEBUG] PORTX - New-UniversalCmdWrapper called with PackageName='dprint', ToolName='dprint'
2025-09-27 06:38:32.608 [DEBUG] PORTX - Created universal CMD wrapper: C:\App\PORTX\wrappers\windows\dprint.cmd
2025-09-27 06:38:32.609 [DEBUG] PORTX - About to create Go wrapper with: PackageName=dprint, ToolName=dprint, ExecutablePath=dprint.exe, DefaultArgs=''
2025-09-27 06:38:32.611 [INFO] PORTX -   Created 1 wrappers for dprint
2025-09-27 06:38:32.614 [DEBUG] VALIDATION - Starting wrapper validation for package: dprint
2025-09-27 06:38:32.615 [DEBUG] VALIDATION -   Wrapper validation passed for dprint
2025-09-27 06:38:32.616 [INFO] PORTX - Processing: dsq
2025-09-27 06:38:32.618 [DEBUG] PORTX - Validating package: dsq
2025-09-27 06:38:32.622 [DEBUG] PORTX - Package dsq validation passed
2025-09-27 06:38:32.624 [INFO] PORTX -   Import type: wrap
2025-09-27 06:38:32.625 [INFO] PORTX -   WRAP: dsq
2025-09-27 06:38:32.627 [DEBUG] PORTX - Processing tool: dsq, path: dsq.exe
2025-09-27 06:38:32.628 [DEBUG] PORTX - About to create bash wrapper with: PackageName=dsq, ToolName=dsq, ExecutablePath=dsq.exe, DefaultArgs=''
2025-09-27 06:38:32.630 [DEBUG] PORTX - New-UniversalBashWrapper called with PackageName='dsq', ToolName='dsq'
2025-09-27 06:38:32.632 [DEBUG] SANITIZE - Sanitizing file: C:\App\PORTX\wrappers\posix\dsq
2025-09-27 06:38:32.634 [DEBUG] SANITIZE - File sanitized: C:\App\PORTX\wrappers\posix\dsq
2025-09-27 06:38:32.636 [DEBUG] PORTX - Created universal bash wrapper: C:\App\PORTX\wrappers\posix\dsq
2025-09-27 06:38:32.637 [DEBUG] PORTX - New-UniversalCmdWrapper called with PackageName='dsq', ToolName='dsq'
2025-09-27 06:38:32.640 [DEBUG] PORTX - Created universal CMD wrapper: C:\App\PORTX\wrappers\windows\dsq.cmd
2025-09-27 06:38:32.642 [DEBUG] PORTX - About to create Go wrapper with: PackageName=dsq, ToolName=dsq, ExecutablePath=dsq.exe, DefaultArgs=''
2025-09-27 06:38:32.643 [INFO] PORTX -   Created 1 wrappers for dsq
2025-09-27 06:38:32.645 [DEBUG] VALIDATION - Starting wrapper validation for package: dsq
2025-09-27 06:38:32.646 [DEBUG] VALIDATION -   Wrapper validation passed for dsq
2025-09-27 06:38:32.648 [INFO] PORTX - Processing: duckdb
2025-09-27 06:38:32.650 [DEBUG] PORTX - Validating package: duckdb
2025-09-27 06:38:32.653 [DEBUG] PORTX - Package duckdb validation passed
2025-09-27 06:38:32.655 [INFO] PORTX -   Import type: wrap
2025-09-27 06:38:32.657 [INFO] PORTX -   WRAP: duckdb
2025-09-27 06:38:32.658 [DEBUG] PORTX - Processing tool: duckdb, path: duckdb.exe
2025-09-27 06:38:32.659 [DEBUG] PORTX - About to create bash wrapper with: PackageName=duckdb, ToolName=duckdb, ExecutablePath=duckdb.exe, DefaultArgs=''
2025-09-27 06:38:32.661 [DEBUG] PORTX - New-UniversalBashWrapper called with PackageName='duckdb', ToolName='duckdb'
2025-09-27 06:38:32.663 [DEBUG] SANITIZE - Sanitizing file: C:\App\PORTX\wrappers\posix\duckdb
2025-09-27 06:38:32.665 [DEBUG] SANITIZE - File sanitized: C:\App\PORTX\wrappers\posix\duckdb
2025-09-27 06:38:32.666 [DEBUG] PORTX - Created universal bash wrapper: C:\App\PORTX\wrappers\posix\duckdb
2025-09-27 06:38:32.667 [DEBUG] PORTX - New-UniversalCmdWrapper called with PackageName='duckdb', ToolName='duckdb'
2025-09-27 06:38:32.671 [DEBUG] PORTX - Created universal CMD wrapper: C:\App\PORTX\wrappers\windows\duckdb.cmd
2025-09-27 06:38:32.672 [DEBUG] PORTX - About to create Go wrapper with: PackageName=duckdb, ToolName=duckdb, ExecutablePath=duckdb.exe, DefaultArgs=''
2025-09-27 06:38:32.673 [INFO] PORTX -   Created 1 wrappers for duckdb
2025-09-27 06:38:32.675 [DEBUG] VALIDATION - Starting wrapper validation for package: duckdb
2025-09-27 06:38:32.676 [DEBUG] VALIDATION -   Wrapper validation passed for duckdb
2025-09-27 06:38:32.678 [INFO] PORTX - Processing: duf
2025-09-27 06:38:32.679 [DEBUG] PORTX - Validating package: duf
2025-09-27 06:38:32.683 [DEBUG] PORTX - Package duf validation passed
2025-09-27 06:38:32.685 [INFO] PORTX -   Import type: wrap
2025-09-27 06:38:32.686 [INFO] PORTX -   WRAP: duf
2025-09-27 06:38:32.688 [DEBUG] PORTX - Processing tool: duf, path: duf.exe
2025-09-27 06:38:32.689 [DEBUG] PORTX - About to create bash wrapper with: PackageName=duf, ToolName=duf, ExecutablePath=duf.exe, DefaultArgs=''
2025-09-27 06:38:32.690 [DEBUG] PORTX - New-UniversalBashWrapper called with PackageName='duf', ToolName='duf'
2025-09-27 06:38:32.692 [DEBUG] SANITIZE - Sanitizing file: C:\App\PORTX\wrappers\posix\duf
2025-09-27 06:38:32.694 [DEBUG] SANITIZE - File sanitized: C:\App\PORTX\wrappers\posix\duf
2025-09-27 06:38:32.696 [DEBUG] PORTX - Created universal bash wrapper: C:\App\PORTX\wrappers\posix\duf
2025-09-27 06:38:32.697 [DEBUG] PORTX - New-UniversalCmdWrapper called with PackageName='duf', ToolName='duf'
2025-09-27 06:38:32.700 [DEBUG] PORTX - Created universal CMD wrapper: C:\App\PORTX\wrappers\windows\duf.cmd
2025-09-27 06:38:32.701 [DEBUG] PORTX - About to create Go wrapper with: PackageName=duf, ToolName=duf, ExecutablePath=duf.exe, DefaultArgs=''
2025-09-27 06:38:32.702 [INFO] PORTX -   Created 1 wrappers for duf
2025-09-27 06:38:32.704 [DEBUG] VALIDATION - Starting wrapper validation for package: duf
2025-09-27 06:38:32.705 [DEBUG] VALIDATION -   Wrapper validation passed for duf
2025-09-27 06:38:32.707 [INFO] PORTX - Processing: dust
2025-09-27 06:38:32.708 [DEBUG] PORTX - Validating package: dust
2025-09-27 06:38:32.712 [DEBUG] PORTX - Package dust validation passed
2025-09-27 06:38:32.714 [INFO] PORTX -   Import type: wrap
2025-09-27 06:38:32.715 [INFO] PORTX -   WRAP: dust
2025-09-27 06:38:32.717 [DEBUG] PORTX - Processing tool: dust, path: dust.exe
2025-09-27 06:38:32.718 [DEBUG] PORTX - About to create bash wrapper with: PackageName=dust, ToolName=dust, ExecutablePath=dust.exe, DefaultArgs=''
2025-09-27 06:38:32.719 [DEBUG] PORTX - New-UniversalBashWrapper called with PackageName='dust', ToolName='dust'
2025-09-27 06:38:32.721 [DEBUG] SANITIZE - Sanitizing file: C:\App\PORTX\wrappers\posix\dust
2025-09-27 06:38:32.723 [DEBUG] SANITIZE - File sanitized: C:\App\PORTX\wrappers\posix\dust
2025-09-27 06:38:32.724 [DEBUG] PORTX - Created universal bash wrapper: C:\App\PORTX\wrappers\posix\dust
2025-09-27 06:38:32.727 [DEBUG] PORTX - New-UniversalCmdWrapper called with PackageName='dust', ToolName='dust'
2025-09-27 06:38:32.730 [DEBUG] PORTX - Created universal CMD wrapper: C:\App\PORTX\wrappers\windows\dust.cmd
2025-09-27 06:38:32.731 [DEBUG] PORTX - About to create Go wrapper with: PackageName=dust, ToolName=dust, ExecutablePath=dust.exe, DefaultArgs=''
2025-09-27 06:38:32.733 [INFO] PORTX -   Created 1 wrappers for dust
2025-09-27 06:38:32.734 [DEBUG] VALIDATION - Starting wrapper validation for package: dust
2025-09-27 06:38:32.736 [DEBUG] VALIDATION -   Wrapper validation passed for dust
2025-09-27 06:38:32.737 [INFO] PORTX - Processing: everything
2025-09-27 06:38:32.739 [DEBUG] PORTX - Validating package: everything
2025-09-27 06:38:32.743 [DEBUG] PORTX - Package everything validation passed
2025-09-27 06:38:32.745 [INFO] PORTX -   Import type: wrap
2025-09-27 06:38:32.746 [INFO] PORTX -   WRAP: everything
2025-09-27 06:38:32.747 [DEBUG] PORTX - Processing tool: es, path: es.exe
2025-09-27 06:38:32.749 [DEBUG] PORTX - About to create bash wrapper with: PackageName=everything, ToolName=es, ExecutablePath=es.exe, DefaultArgs=''
2025-09-27 06:38:32.750 [DEBUG] PORTX - New-UniversalBashWrapper called with PackageName='everything', ToolName='es'
2025-09-27 06:38:32.752 [DEBUG] SANITIZE - Sanitizing file: C:\App\PORTX\wrappers\posix\es
2025-09-27 06:38:32.754 [DEBUG] SANITIZE - File sanitized: C:\App\PORTX\wrappers\posix\es
2025-09-27 06:38:32.755 [DEBUG] PORTX - Created universal bash wrapper: C:\App\PORTX\wrappers\posix\es
2025-09-27 06:38:32.757 [DEBUG] PORTX - New-UniversalCmdWrapper called with PackageName='everything', ToolName='es'
2025-09-27 06:38:32.760 [DEBUG] PORTX - Created universal CMD wrapper: C:\App\PORTX\wrappers\windows\es.cmd
2025-09-27 06:38:32.761 [DEBUG] PORTX - About to create Go wrapper with: PackageName=everything, ToolName=es, ExecutablePath=es.exe, DefaultArgs=''
2025-09-27 06:38:32.762 [INFO] PORTX -   Created 1 wrappers for everything
2025-09-27 06:38:32.764 [DEBUG] VALIDATION - Starting wrapper validation for package: everything
2025-09-27 06:38:32.765 [DEBUG] VALIDATION -   Wrapper validation passed for everything
2025-09-27 06:38:32.767 [INFO] PORTX - Processing: exiftool
2025-09-27 06:38:32.768 [DEBUG] PORTX - Validating package: exiftool
2025-09-27 06:38:32.773 [DEBUG] PORTX - Package exiftool validation passed
2025-09-27 06:38:32.775 [INFO] PORTX -   Import type: wrap
2025-09-27 06:38:32.777 [INFO] PORTX -   WRAP: exiftool
2025-09-27 06:38:32.778 [DEBUG] PORTX - Processing tool: exiftool, path: exiftool.exe
2025-09-27 06:38:32.779 [DEBUG] PORTX - About to create bash wrapper with: PackageName=exiftool, ToolName=exiftool, ExecutablePath=exiftool.exe, DefaultArgs=''
2025-09-27 06:38:32.780 [DEBUG] PORTX - New-UniversalBashWrapper called with PackageName='exiftool', ToolName='exiftool'
2025-09-27 06:38:32.783 [DEBUG] SANITIZE - Sanitizing file: C:\App\PORTX\wrappers\posix\exiftool
2025-09-27 06:38:32.785 [DEBUG] SANITIZE - File sanitized: C:\App\PORTX\wrappers\posix\exiftool
2025-09-27 06:38:32.786 [DEBUG] PORTX - Created universal bash wrapper: C:\App\PORTX\wrappers\posix\exiftool
2025-09-27 06:38:32.787 [DEBUG] PORTX - New-UniversalCmdWrapper called with PackageName='exiftool', ToolName='exiftool'
2025-09-27 06:38:32.790 [DEBUG] PORTX - Created universal CMD wrapper: C:\App\PORTX\wrappers\windows\exiftool.cmd
2025-09-27 06:38:32.791 [DEBUG] PORTX - About to create Go wrapper with: PackageName=exiftool, ToolName=exiftool, ExecutablePath=exiftool.exe, DefaultArgs=''
2025-09-27 06:38:32.793 [DEBUG] PORTX - Processing tool: exiftool-k, path: exiftool(-k).exe
2025-09-27 06:38:32.794 [DEBUG] PORTX - About to create bash wrapper with: PackageName=exiftool, ToolName=exiftool-k, ExecutablePath=exiftool(-k).exe, DefaultArgs=''
2025-09-27 06:38:32.795 [DEBUG] PORTX - New-UniversalBashWrapper called with PackageName='exiftool', ToolName='exiftool-k'
2025-09-27 06:38:32.797 [DEBUG] SANITIZE - Sanitizing file: C:\App\PORTX\wrappers\posix\exiftool-k
2025-09-27 06:38:32.799 [DEBUG] SANITIZE - File sanitized: C:\App\PORTX\wrappers\posix\exiftool-k
2025-09-27 06:38:32.801 [DEBUG] PORTX - Created universal bash wrapper: C:\App\PORTX\wrappers\posix\exiftool-k
2025-09-27 06:38:32.802 [DEBUG] PORTX - New-UniversalCmdWrapper called with PackageName='exiftool', ToolName='exiftool-k'
2025-09-27 06:38:32.805 [DEBUG] PORTX - Created universal CMD wrapper: C:\App\PORTX\wrappers\windows\exiftool-k.cmd
2025-09-27 06:38:32.806 [DEBUG] PORTX - About to create Go wrapper with: PackageName=exiftool, ToolName=exiftool-k, ExecutablePath=exiftool(-k).exe, DefaultArgs=''
2025-09-27 06:38:32.807 [INFO] PORTX -   Created 2 wrappers for exiftool
2025-09-27 06:38:32.809 [DEBUG] VALIDATION - Starting wrapper validation for package: exiftool
2025-09-27 06:38:32.810 [DEBUG] VALIDATION -   Wrapper validation passed for exiftool
2025-09-27 06:38:32.812 [INFO] PORTX - Processing: eza
2025-09-27 06:38:32.814 [DEBUG] PORTX - Validating package: eza
2025-09-27 06:38:32.817 [DEBUG] PORTX - Package eza validation passed
2025-09-27 06:38:32.820 [INFO] PORTX -   Import type: wrap
2025-09-27 06:38:32.821 [INFO] PORTX -   WRAP: eza
2025-09-27 06:38:32.822 [DEBUG] PORTX - Processing tool: eza, path: eza.exe
2025-09-27 06:38:32.824 [DEBUG] PORTX - About to create bash wrapper with: PackageName=eza, ToolName=eza, ExecutablePath=eza.exe, DefaultArgs=''
2025-09-27 06:38:32.825 [DEBUG] PORTX - New-UniversalBashWrapper called with PackageName='eza', ToolName='eza'
2025-09-27 06:38:32.827 [DEBUG] SANITIZE - Sanitizing file: C:\App\PORTX\wrappers\posix\eza
2025-09-27 06:38:32.829 [DEBUG] SANITIZE - File sanitized: C:\App\PORTX\wrappers\posix\eza
2025-09-27 06:38:32.830 [DEBUG] PORTX - Created universal bash wrapper: C:\App\PORTX\wrappers\posix\eza
2025-09-27 06:38:32.832 [DEBUG] PORTX - New-UniversalCmdWrapper called with PackageName='eza', ToolName='eza'
2025-09-27 06:38:32.834 [DEBUG] PORTX - Created universal CMD wrapper: C:\App\PORTX\wrappers\windows\eza.cmd
2025-09-27 06:38:32.836 [DEBUG] PORTX - About to create Go wrapper with: PackageName=eza, ToolName=eza, ExecutablePath=eza.exe, DefaultArgs=''
2025-09-27 06:38:32.837 [INFO] PORTX -   Created 1 wrappers for eza
2025-09-27 06:38:32.840 [DEBUG] VALIDATION - Starting wrapper validation for package: eza
2025-09-27 06:38:32.841 [DEBUG] VALIDATION -   Wrapper validation passed for eza
2025-09-27 06:38:32.843 [INFO] PORTX - Processing: far
2025-09-27 06:38:32.845 [DEBUG] PORTX - Validating package: far
2025-09-27 06:38:32.848 [DEBUG] PORTX - Package far validation passed
2025-09-27 06:38:32.850 [INFO] PORTX -   Import type: wrap
2025-09-27 06:38:32.852 [INFO] PORTX -   WRAP: far
2025-09-27 06:38:32.853 [DEBUG] PORTX - Processing tool: far, path: Far.exe
2025-09-27 06:38:32.854 [DEBUG] PORTX - About to create bash wrapper with: PackageName=far, ToolName=far, ExecutablePath=Far.exe, DefaultArgs=''
2025-09-27 06:38:32.856 [DEBUG] PORTX - New-UniversalBashWrapper called with PackageName='far', ToolName='far'
2025-09-27 06:38:32.858 [DEBUG] SANITIZE - Sanitizing file: C:\App\PORTX\wrappers\posix\far
2025-09-27 06:38:32.860 [DEBUG] SANITIZE - File sanitized: C:\App\PORTX\wrappers\posix\far
2025-09-27 06:38:32.862 [DEBUG] PORTX - Created universal bash wrapper: C:\App\PORTX\wrappers\posix\far
2025-09-27 06:38:32.863 [DEBUG] PORTX - New-UniversalCmdWrapper called with PackageName='far', ToolName='far'
2025-09-27 06:38:32.866 [DEBUG] PORTX - Created universal CMD wrapper: C:\App\PORTX\wrappers\windows\far.cmd
2025-09-27 06:38:32.867 [DEBUG] PORTX - About to create Go wrapper with: PackageName=far, ToolName=far, ExecutablePath=Far.exe, DefaultArgs=''
2025-09-27 06:38:32.869 [INFO] PORTX -   Created 1 wrappers for far
2025-09-27 06:38:32.871 [DEBUG] VALIDATION - Starting wrapper validation for package: far
2025-09-27 06:38:32.872 [DEBUG] VALIDATION -   Wrapper validation passed for far
2025-09-27 06:38:32.874 [INFO] PORTX - Processing: fastboot
2025-09-27 06:38:32.876 [DEBUG] PORTX - Validating package: fastboot
2025-09-27 06:38:32.880 [DEBUG] PORTX - Package fastboot validation passed
2025-09-27 06:38:32.882 [INFO] PORTX -   Import type: wrap
2025-09-27 06:38:32.884 [INFO] PORTX -   WRAP: fastboot
2025-09-27 06:38:32.885 [DEBUG] PORTX - Processing tool: fastboot, path: fastboot.exe
2025-09-27 06:38:32.886 [DEBUG] PORTX - About to create bash wrapper with: PackageName=fastboot, ToolName=fastboot, ExecutablePath=fastboot.exe, DefaultArgs=''
2025-09-27 06:38:32.888 [DEBUG] PORTX - New-UniversalBashWrapper called with PackageName='fastboot', ToolName='fastboot'
2025-09-27 06:38:32.890 [DEBUG] SANITIZE - Sanitizing file: C:\App\PORTX\wrappers\posix\fastboot
2025-09-27 06:38:32.892 [DEBUG] SANITIZE - File sanitized: C:\App\PORTX\wrappers\posix\fastboot
2025-09-27 06:38:32.894 [DEBUG] PORTX - Created universal bash wrapper: C:\App\PORTX\wrappers\posix\fastboot
2025-09-27 06:38:32.895 [DEBUG] PORTX - New-UniversalCmdWrapper called with PackageName='fastboot', ToolName='fastboot'
2025-09-27 06:38:32.898 [DEBUG] PORTX - Created universal CMD wrapper: C:\App\PORTX\wrappers\windows\fastboot.cmd
2025-09-27 06:38:32.899 [DEBUG] PORTX - About to create Go wrapper with: PackageName=fastboot, ToolName=fastboot, ExecutablePath=fastboot.exe, DefaultArgs=''
2025-09-27 06:38:32.901 [INFO] PORTX -   Created 1 wrappers for fastboot
2025-09-27 06:38:32.902 [DEBUG] VALIDATION - Starting wrapper validation for package: fastboot
2025-09-27 06:38:32.904 [DEBUG] VALIDATION -   Wrapper validation passed for fastboot
2025-09-27 06:38:32.905 [INFO] PORTX - Processing: fd
2025-09-27 06:38:32.907 [DEBUG] PORTX - Validating package: fd
2025-09-27 06:38:32.910 [DEBUG] PORTX - Package fd validation passed
2025-09-27 06:38:32.912 [INFO] PORTX -   Import type: wrap
2025-09-27 06:38:32.914 [INFO] PORTX -   WRAP: fd
2025-09-27 06:38:32.915 [DEBUG] PORTX - Processing tool: fd, path: fd.exe
2025-09-27 06:38:32.916 [DEBUG] PORTX - About to create bash wrapper with: PackageName=fd, ToolName=fd, ExecutablePath=fd.exe, DefaultArgs=''
2025-09-27 06:38:32.917 [DEBUG] PORTX - New-UniversalBashWrapper called with PackageName='fd', ToolName='fd'
2025-09-27 06:38:32.919 [DEBUG] SANITIZE - Sanitizing file: C:\App\PORTX\wrappers\posix\fd
2025-09-27 06:38:32.922 [DEBUG] SANITIZE - File sanitized: C:\App\PORTX\wrappers\posix\fd
2025-09-27 06:38:32.923 [DEBUG] PORTX - Created universal bash wrapper: C:\App\PORTX\wrappers\posix\fd
2025-09-27 06:38:32.924 [DEBUG] PORTX - New-UniversalCmdWrapper called with PackageName='fd', ToolName='fd'
2025-09-27 06:38:32.927 [DEBUG] PORTX - Created universal CMD wrapper: C:\App\PORTX\wrappers\windows\fd.cmd
2025-09-27 06:38:32.928 [DEBUG] PORTX - About to create Go wrapper with: PackageName=fd, ToolName=fd, ExecutablePath=fd.exe, DefaultArgs=''
2025-09-27 06:38:32.929 [INFO] PORTX -   Created 1 wrappers for fd
2025-09-27 06:38:32.931 [DEBUG] VALIDATION - Starting wrapper validation for package: fd
2025-09-27 06:38:32.932 [DEBUG] VALIDATION -   Wrapper validation passed for fd
2025-09-27 06:38:32.934 [INFO] PORTX - Processing: figlet
2025-09-27 06:38:32.935 [DEBUG] PORTX - Validating package: figlet
2025-09-27 06:38:32.940 [DEBUG] PORTX - Package figlet validation passed
2025-09-27 06:38:32.942 [INFO] PORTX -   Import type: wrap
2025-09-27 06:38:32.944 [INFO] PORTX -   WRAP: figlet
2025-09-27 06:38:32.945 [DEBUG] PORTX - Processing tool: figlet, path: figlet.exe
2025-09-27 06:38:32.946 [DEBUG] PORTX - About to create bash wrapper with: PackageName=figlet, ToolName=figlet, ExecutablePath=figlet.exe, DefaultArgs=''
2025-09-27 06:38:32.948 [DEBUG] PORTX - New-UniversalBashWrapper called with PackageName='figlet', ToolName='figlet'
2025-09-27 06:38:32.950 [DEBUG] SANITIZE - Sanitizing file: C:\App\PORTX\wrappers\posix\figlet
2025-09-27 06:38:32.952 [DEBUG] SANITIZE - File sanitized: C:\App\PORTX\wrappers\posix\figlet
2025-09-27 06:38:32.954 [DEBUG] PORTX - Created universal bash wrapper: C:\App\PORTX\wrappers\posix\figlet
2025-09-27 06:38:32.956 [DEBUG] PORTX - New-UniversalCmdWrapper called with PackageName='figlet', ToolName='figlet'
2025-09-27 06:38:32.959 [DEBUG] PORTX - Created universal CMD wrapper: C:\App\PORTX\wrappers\windows\figlet.cmd
2025-09-27 06:38:32.960 [DEBUG] PORTX - About to create Go wrapper with: PackageName=figlet, ToolName=figlet, ExecutablePath=figlet.exe, DefaultArgs=''
2025-09-27 06:38:32.961 [DEBUG] PORTX - Processing tool: chkfont, path: chkfont.exe
2025-09-27 06:38:32.963 [DEBUG] PORTX - About to create bash wrapper with: PackageName=figlet, ToolName=chkfont, ExecutablePath=chkfont.exe, DefaultArgs=''
2025-09-27 06:38:32.964 [DEBUG] PORTX - New-UniversalBashWrapper called with PackageName='figlet', ToolName='chkfont'
2025-09-27 06:38:32.966 [DEBUG] SANITIZE - Sanitizing file: C:\App\PORTX\wrappers\posix\chkfont
2025-09-27 06:38:32.968 [DEBUG] SANITIZE - File sanitized: C:\App\PORTX\wrappers\posix\chkfont
2025-09-27 06:38:32.970 [DEBUG] PORTX - Created universal bash wrapper: C:\App\PORTX\wrappers\posix\chkfont
2025-09-27 06:38:32.971 [DEBUG] PORTX - New-UniversalCmdWrapper called with PackageName='figlet', ToolName='chkfont'
2025-09-27 06:38:32.974 [DEBUG] PORTX - Created universal CMD wrapper: C:\App\PORTX\wrappers\windows\chkfont.cmd
2025-09-27 06:38:32.975 [DEBUG] PORTX - About to create Go wrapper with: PackageName=figlet, ToolName=chkfont, ExecutablePath=chkfont.exe, DefaultArgs=''
2025-09-27 06:38:32.976 [INFO] PORTX -   Created 2 wrappers for figlet
2025-09-27 06:38:32.978 [DEBUG] VALIDATION - Starting wrapper validation for package: figlet
2025-09-27 06:38:32.979 [DEBUG] VALIDATION -   Wrapper validation passed for figlet
2025-09-27 06:38:32.980 [INFO] PORTX - Processing: fx
2025-09-27 06:38:32.982 [DEBUG] PORTX - Validating package: fx
2025-09-27 06:38:32.987 [DEBUG] PORTX - Package fx validation passed
2025-09-27 06:38:32.989 [INFO] PORTX -   Import type: wrap
2025-09-27 06:38:32.990 [INFO] PORTX -   WRAP: fx
2025-09-27 06:38:32.991 [DEBUG] PORTX - Processing tool: fx, path: fx.exe
2025-09-27 06:38:32.993 [DEBUG] PORTX - About to create bash wrapper with: PackageName=fx, ToolName=fx, ExecutablePath=fx.exe, DefaultArgs=''
2025-09-27 06:38:32.994 [DEBUG] PORTX - New-UniversalBashWrapper called with PackageName='fx', ToolName='fx'
2025-09-27 06:38:32.996 [DEBUG] SANITIZE - Sanitizing file: C:\App\PORTX\wrappers\posix\fx
2025-09-27 06:38:32.998 [DEBUG] SANITIZE - File sanitized: C:\App\PORTX\wrappers\posix\fx
2025-09-27 06:38:32.999 [DEBUG] PORTX - Created universal bash wrapper: C:\App\PORTX\wrappers\posix\fx
2025-09-27 06:38:33.001 [DEBUG] PORTX - New-UniversalCmdWrapper called with PackageName='fx', ToolName='fx'
2025-09-27 06:38:33.004 [DEBUG] PORTX - Created universal CMD wrapper: C:\App\PORTX\wrappers\windows\fx.cmd
2025-09-27 06:38:33.005 [DEBUG] PORTX - About to create Go wrapper with: PackageName=fx, ToolName=fx, ExecutablePath=fx.exe, DefaultArgs=''
2025-09-27 06:38:33.006 [INFO] PORTX -   Created 1 wrappers for fx
2025-09-27 06:38:33.008 [DEBUG] VALIDATION - Starting wrapper validation for package: fx
2025-09-27 06:38:33.009 [DEBUG] VALIDATION -   Wrapper validation passed for fx
2025-09-27 06:38:33.011 [INFO] PORTX - Processing: fzf
2025-09-27 06:38:33.012 [DEBUG] PORTX - Validating package: fzf
2025-09-27 06:38:33.016 [DEBUG] PORTX - Package fzf validation passed
2025-09-27 06:38:33.018 [INFO] PORTX -   Import type: wrap
2025-09-27 06:38:33.019 [INFO] PORTX -   WRAP: fzf
2025-09-27 06:38:33.021 [DEBUG] PORTX - Processing tool: fzf, path: fzf.exe
2025-09-27 06:38:33.022 [DEBUG] PORTX - About to create bash wrapper with: PackageName=fzf, ToolName=fzf, ExecutablePath=fzf.exe, DefaultArgs=''
2025-09-27 06:38:33.023 [DEBUG] PORTX - New-UniversalBashWrapper called with PackageName='fzf', ToolName='fzf'
2025-09-27 06:38:33.025 [DEBUG] SANITIZE - Sanitizing file: C:\App\PORTX\wrappers\posix\fzf
2025-09-27 06:38:33.027 [DEBUG] SANITIZE - File sanitized: C:\App\PORTX\wrappers\posix\fzf
2025-09-27 06:38:33.029 [DEBUG] PORTX - Created universal bash wrapper: C:\App\PORTX\wrappers\posix\fzf
2025-09-27 06:38:33.030 [DEBUG] PORTX - New-UniversalCmdWrapper called with PackageName='fzf', ToolName='fzf'
2025-09-27 06:38:33.033 [DEBUG] PORTX - Created universal CMD wrapper: C:\App\PORTX\wrappers\windows\fzf.cmd
2025-09-27 06:38:33.034 [DEBUG] PORTX - About to create Go wrapper with: PackageName=fzf, ToolName=fzf, ExecutablePath=fzf.exe, DefaultArgs=''
2025-09-27 06:38:33.035 [INFO] PORTX -   Created 1 wrappers for fzf
2025-09-27 06:38:33.037 [DEBUG] VALIDATION - Starting wrapper validation for package: fzf
2025-09-27 06:38:33.038 [DEBUG] VALIDATION -   Wrapper validation passed for fzf
2025-09-27 06:38:33.040 [INFO] PORTX - Processing: gdu
2025-09-27 06:38:33.042 [DEBUG] PORTX - Validating package: gdu
2025-09-27 06:38:33.045 [DEBUG] PORTX - Package gdu validation passed
2025-09-27 06:38:33.048 [INFO] PORTX -   Import type: wrap
2025-09-27 06:38:33.049 [INFO] PORTX -   WRAP: gdu
2025-09-27 06:38:33.050 [DEBUG] PORTX - Processing tool: gdu, path: gdu.exe
2025-09-27 06:38:33.051 [DEBUG] PORTX - About to create bash wrapper with: PackageName=gdu, ToolName=gdu, ExecutablePath=gdu.exe, DefaultArgs=''
2025-09-27 06:38:33.053 [DEBUG] PORTX - New-UniversalBashWrapper called with PackageName='gdu', ToolName='gdu'
2025-09-27 06:38:33.055 [DEBUG] SANITIZE - Sanitizing file: C:\App\PORTX\wrappers\posix\gdu
2025-09-27 06:38:33.057 [DEBUG] SANITIZE - File sanitized: C:\App\PORTX\wrappers\posix\gdu
2025-09-27 06:38:33.058 [DEBUG] PORTX - Created universal bash wrapper: C:\App\PORTX\wrappers\posix\gdu
2025-09-27 06:38:33.059 [DEBUG] PORTX - New-UniversalCmdWrapper called with PackageName='gdu', ToolName='gdu'
2025-09-27 06:38:33.062 [DEBUG] PORTX - Created universal CMD wrapper: C:\App\PORTX\wrappers\windows\gdu.cmd
2025-09-27 06:38:33.064 [DEBUG] PORTX - About to create Go wrapper with: PackageName=gdu, ToolName=gdu, ExecutablePath=gdu.exe, DefaultArgs=''
2025-09-27 06:38:33.065 [INFO] PORTX -   Created 1 wrappers for gdu
2025-09-27 06:38:33.068 [DEBUG] VALIDATION - Starting wrapper validation for package: gdu
2025-09-27 06:38:33.070 [DEBUG] VALIDATION -   Wrapper validation passed for gdu
2025-09-27 06:38:33.071 [INFO] PORTX - Processing: gh-dash
2025-09-27 06:38:33.073 [DEBUG] PORTX - Validating package: gh-dash
2025-09-27 06:38:33.076 [DEBUG] PORTX - Package gh-dash validation passed
2025-09-27 06:38:33.078 [INFO] PORTX -   Import type: wrap
2025-09-27 06:38:33.080 [INFO] PORTX -   WRAP: gh-dash
2025-09-27 06:38:33.081 [DEBUG] PORTX - Processing tool: gh-dash, path: gh-dash.exe
2025-09-27 06:38:33.082 [DEBUG] PORTX - About to create bash wrapper with: PackageName=gh-dash, ToolName=gh-dash, ExecutablePath=gh-dash.exe, DefaultArgs=''
2025-09-27 06:38:33.083 [DEBUG] PORTX - New-UniversalBashWrapper called with PackageName='gh-dash', ToolName='gh-dash'
2025-09-27 06:38:33.085 [DEBUG] SANITIZE - Sanitizing file: C:\App\PORTX\wrappers\posix\gh-dash
2025-09-27 06:38:33.088 [DEBUG] SANITIZE - File sanitized: C:\App\PORTX\wrappers\posix\gh-dash
2025-09-27 06:38:33.089 [DEBUG] PORTX - Created universal bash wrapper: C:\App\PORTX\wrappers\posix\gh-dash
2025-09-27 06:38:33.090 [DEBUG] PORTX - New-UniversalCmdWrapper called with PackageName='gh-dash', ToolName='gh-dash'
2025-09-27 06:38:33.093 [DEBUG] PORTX - Created universal CMD wrapper: C:\App\PORTX\wrappers\windows\gh-dash.cmd
2025-09-27 06:38:33.094 [DEBUG] PORTX - About to create Go wrapper with: PackageName=gh-dash, ToolName=gh-dash, ExecutablePath=gh-dash.exe, DefaultArgs=''
2025-09-27 06:38:33.096 [INFO] PORTX -   Created 1 wrappers for gh-dash
2025-09-27 06:38:33.097 [DEBUG] VALIDATION - Starting wrapper validation for package: gh-dash
2025-09-27 06:38:33.099 [DEBUG] VALIDATION -   Wrapper validation passed for gh-dash
2025-09-27 06:38:33.100 [INFO] PORTX - Processing: git
2025-09-27 06:38:33.102 [DEBUG] PORTX - Validating package: git
2025-09-27 06:38:33.126 [DEBUG] PORTX - Package git validation passed
2025-09-27 06:38:33.128 [INFO] PORTX -   Import type: wrap
2025-09-27 06:38:33.129 [INFO] PORTX -   WRAP: git
2025-09-27 06:38:33.131 [DEBUG] PORTX - Processing tool: delta, path: delta.exe
2025-09-27 06:38:33.132 [DEBUG] PORTX - About to create bash wrapper with: PackageName=git, ToolName=delta, ExecutablePath=delta.exe, DefaultArgs=''
2025-09-27 06:38:33.133 [DEBUG] PORTX - New-UniversalBashWrapper called with PackageName='git', ToolName='delta'
2025-09-27 06:38:33.135 [DEBUG] SANITIZE - Sanitizing file: C:\App\PORTX\wrappers\posix\delta
2025-09-27 06:38:33.138 [DEBUG] SANITIZE - File sanitized: C:\App\PORTX\wrappers\posix\delta
2025-09-27 06:38:33.139 [DEBUG] PORTX - Created universal bash wrapper: C:\App\PORTX\wrappers\posix\delta
2025-09-27 06:38:33.140 [DEBUG] PORTX - New-UniversalCmdWrapper called with PackageName='git', ToolName='delta'
2025-09-27 06:38:33.144 [DEBUG] PORTX - Created universal CMD wrapper: C:\App\PORTX\wrappers\windows\delta.cmd
2025-09-27 06:38:33.145 [DEBUG] PORTX - About to create Go wrapper with: PackageName=git, ToolName=delta, ExecutablePath=delta.exe, DefaultArgs=''
2025-09-27 06:38:33.146 [DEBUG] PORTX - Processing tool: difft, path: difft.exe
2025-09-27 06:38:33.148 [DEBUG] PORTX - About to create bash wrapper with: PackageName=git, ToolName=difft, ExecutablePath=difft.exe, DefaultArgs=''
2025-09-27 06:38:33.149 [DEBUG] PORTX - New-UniversalBashWrapper called with PackageName='git', ToolName='difft'
2025-09-27 06:38:33.151 [DEBUG] SANITIZE - Sanitizing file: C:\App\PORTX\wrappers\posix\difft
2025-09-27 06:38:33.153 [DEBUG] SANITIZE - File sanitized: C:\App\PORTX\wrappers\posix\difft
2025-09-27 06:38:33.154 [DEBUG] PORTX - Created universal bash wrapper: C:\App\PORTX\wrappers\posix\difft
2025-09-27 06:38:33.156 [DEBUG] PORTX - New-UniversalCmdWrapper called with PackageName='git', ToolName='difft'
2025-09-27 06:38:33.159 [DEBUG] PORTX - Created universal CMD wrapper: C:\App\PORTX\wrappers\windows\difft.cmd
2025-09-27 06:38:33.160 [DEBUG] PORTX - About to create Go wrapper with: PackageName=git, ToolName=difft, ExecutablePath=difft.exe, DefaultArgs=''
2025-09-27 06:38:33.162 [DEBUG] PORTX - Processing tool: gh, path: gh.exe
2025-09-27 06:38:33.163 [DEBUG] PORTX - About to create bash wrapper with: PackageName=git, ToolName=gh, ExecutablePath=gh.exe, DefaultArgs=''
2025-09-27 06:38:33.165 [DEBUG] PORTX - New-UniversalBashWrapper called with PackageName='git', ToolName='gh'
2025-09-27 06:38:33.167 [DEBUG] SANITIZE - Sanitizing file: C:\App\PORTX\wrappers\posix\gh
2025-09-27 06:38:33.169 [DEBUG] SANITIZE - File sanitized: C:\App\PORTX\wrappers\posix\gh
2025-09-27 06:38:33.170 [DEBUG] PORTX - Created universal bash wrapper: C:\App\PORTX\wrappers\posix\gh
2025-09-27 06:38:33.171 [DEBUG] PORTX - New-UniversalCmdWrapper called with PackageName='git', ToolName='gh'
2025-09-27 06:38:33.174 [DEBUG] PORTX - Created universal CMD wrapper: C:\App\PORTX\wrappers\windows\gh.cmd
2025-09-27 06:38:33.175 [DEBUG] PORTX - About to create Go wrapper with: PackageName=git, ToolName=gh, ExecutablePath=gh.exe, DefaultArgs=''
2025-09-27 06:38:33.177 [DEBUG] PORTX - Processing tool: gitstatusd, path: gitstatusd.exe
2025-09-27 06:38:33.178 [DEBUG] PORTX - About to create bash wrapper with: PackageName=git, ToolName=gitstatusd, ExecutablePath=gitstatusd.exe, DefaultArgs=''
2025-09-27 06:38:33.179 [DEBUG] PORTX - New-UniversalBashWrapper called with PackageName='git', ToolName='gitstatusd'
2025-09-27 06:38:33.181 [DEBUG] SANITIZE - Sanitizing file: C:\App\PORTX\wrappers\posix\gitstatusd
2025-09-27 06:38:33.183 [DEBUG] SANITIZE - File sanitized: C:\App\PORTX\wrappers\posix\gitstatusd
2025-09-27 06:38:33.186 [DEBUG] PORTX - Created universal bash wrapper: C:\App\PORTX\wrappers\posix\gitstatusd
2025-09-27 06:38:33.187 [DEBUG] PORTX - New-UniversalCmdWrapper called with PackageName='git', ToolName='gitstatusd'
2025-09-27 06:38:33.191 [DEBUG] PORTX - Created universal CMD wrapper: C:\App\PORTX\wrappers\windows\gitstatusd.cmd
2025-09-27 06:38:33.192 [DEBUG] PORTX - About to create Go wrapper with: PackageName=git, ToolName=gitstatusd, ExecutablePath=gitstatusd.exe, DefaultArgs=''
2025-09-27 06:38:33.194 [DEBUG] PORTX - Processing tool: tig, path: tig.exe
2025-09-27 06:38:33.195 [DEBUG] PORTX - About to create bash wrapper with: PackageName=git, ToolName=tig, ExecutablePath=tig.exe, DefaultArgs=''
2025-09-27 06:38:33.196 [DEBUG] PORTX - New-UniversalBashWrapper called with PackageName='git', ToolName='tig'
2025-09-27 06:38:33.198 [DEBUG] SANITIZE - Sanitizing file: C:\App\PORTX\wrappers\posix\tig
2025-09-27 06:38:33.200 [DEBUG] SANITIZE - File sanitized: C:\App\PORTX\wrappers\posix\tig
2025-09-27 06:38:33.201 [DEBUG] PORTX - Created universal bash wrapper: C:\App\PORTX\wrappers\posix\tig
2025-09-27 06:38:33.202 [DEBUG] PORTX - New-UniversalCmdWrapper called with PackageName='git', ToolName='tig'
2025-09-27 06:38:33.205 [DEBUG] PORTX - Created universal CMD wrapper: C:\App\PORTX\wrappers\windows\tig.cmd
2025-09-27 06:38:33.207 [DEBUG] PORTX - About to create Go wrapper with: PackageName=git, ToolName=tig, ExecutablePath=tig.exe, DefaultArgs=''
2025-09-27 06:38:33.208 [DEBUG] PORTX - Processing tool: git-lfs, path: git-lfs.exe
2025-09-27 06:38:33.209 [DEBUG] PORTX - About to create bash wrapper with: PackageName=git, ToolName=git-lfs, ExecutablePath=git-lfs.exe, DefaultArgs=''
2025-09-27 06:38:33.210 [DEBUG] PORTX - New-UniversalBashWrapper called with PackageName='git', ToolName='git-lfs'
2025-09-27 06:38:33.212 [DEBUG] SANITIZE - Sanitizing file: C:\App\PORTX\wrappers\posix\git-lfs
2025-09-27 06:38:33.214 [DEBUG] SANITIZE - File sanitized: C:\App\PORTX\wrappers\posix\git-lfs
2025-09-27 06:38:33.215 [DEBUG] PORTX - Created universal bash wrapper: C:\App\PORTX\wrappers\posix\git-lfs
2025-09-27 06:38:33.217 [DEBUG] PORTX - New-UniversalCmdWrapper called with PackageName='git', ToolName='git-lfs'
2025-09-27 06:38:33.220 [DEBUG] PORTX - Created universal CMD wrapper: C:\App\PORTX\wrappers\windows\git-lfs.cmd
2025-09-27 06:38:33.221 [DEBUG] PORTX - About to create Go wrapper with: PackageName=git, ToolName=git-lfs, ExecutablePath=git-lfs.exe, DefaultArgs=''
2025-09-27 06:38:33.222 [DEBUG] PORTX - Processing tool: git, path: git.exe
2025-09-27 06:38:33.223 [DEBUG] PORTX - About to create bash wrapper with: PackageName=git, ToolName=git, ExecutablePath=git.exe, DefaultArgs=''
2025-09-27 06:38:33.225 [DEBUG] PORTX - New-UniversalBashWrapper called with PackageName='git', ToolName='git'
2025-09-27 06:38:33.227 [DEBUG] SANITIZE - Sanitizing file: C:\App\PORTX\wrappers\posix\git
2025-09-27 06:38:33.229 [DEBUG] SANITIZE - File sanitized: C:\App\PORTX\wrappers\posix\git
2025-09-27 06:38:33.230 [DEBUG] PORTX - Created universal bash wrapper: C:\App\PORTX\wrappers\posix\git
2025-09-27 06:38:33.232 [DEBUG] PORTX - New-UniversalCmdWrapper called with PackageName='git', ToolName='git'
2025-09-27 06:38:33.234 [DEBUG] PORTX - Created universal CMD wrapper: C:\App\PORTX\wrappers\windows\git.cmd
2025-09-27 06:38:33.236 [DEBUG] PORTX - About to create Go wrapper with: PackageName=git, ToolName=git, ExecutablePath=git.exe, DefaultArgs=''
2025-09-27 06:38:33.237 [DEBUG] PORTX - Processing tool: git-credential-wincred, path: git-credential-wincred.exe
2025-09-27 06:38:33.238 [DEBUG] PORTX - About to create bash wrapper with: PackageName=git, ToolName=git-credential-wincred, ExecutablePath=git-credential-wincred.exe, DefaultArgs=''
2025-09-27 06:38:33.239 [DEBUG] PORTX - New-UniversalBashWrapper called with PackageName='git', ToolName='git-credential-wincred'
2025-09-27 06:38:33.241 [DEBUG] SANITIZE - Sanitizing file: C:\App\PORTX\wrappers\posix\git-credential-wincred
2025-09-27 06:38:33.243 [DEBUG] SANITIZE - File sanitized: C:\App\PORTX\wrappers\posix\git-credential-wincred
2025-09-27 06:38:33.244 [DEBUG] PORTX - Created universal bash wrapper: C:\App\PORTX\wrappers\posix\git-credential-wincred
2025-09-27 06:38:33.246 [DEBUG] PORTX - New-UniversalCmdWrapper called with PackageName='git', ToolName='git-credential-wincred'
2025-09-27 06:38:33.249 [DEBUG] PORTX - Created universal CMD wrapper: C:\App\PORTX\wrappers\windows\git-credential-wincred.cmd
2025-09-27 06:38:33.250 [DEBUG] PORTX - About to create Go wrapper with: PackageName=git, ToolName=git-credential-wincred, ExecutablePath=git-credential-wincred.exe, DefaultArgs=''
2025-09-27 06:38:33.251 [DEBUG] PORTX - Processing tool: git-remote-http, path: git-remote-http.exe
2025-09-27 06:38:33.252 [DEBUG] PORTX - About to create bash wrapper with: PackageName=git, ToolName=git-remote-http, ExecutablePath=git-remote-http.exe, DefaultArgs=''
2025-09-27 06:38:33.254 [DEBUG] PORTX - New-UniversalBashWrapper called with PackageName='git', ToolName='git-remote-http'
2025-09-27 06:38:33.256 [DEBUG] SANITIZE - Sanitizing file: C:\App\PORTX\wrappers\posix\git-remote-http
2025-09-27 06:38:33.258 [DEBUG] SANITIZE - File sanitized: C:\App\PORTX\wrappers\posix\git-remote-http
2025-09-27 06:38:33.259 [DEBUG] PORTX - Created universal bash wrapper: C:\App\PORTX\wrappers\posix\git-remote-http
2025-09-27 06:38:33.260 [DEBUG] PORTX - New-UniversalCmdWrapper called with PackageName='git', ToolName='git-remote-http'
2025-09-27 06:38:33.263 [DEBUG] PORTX - Created universal CMD wrapper: C:\App\PORTX\wrappers\windows\git-remote-http.cmd
2025-09-27 06:38:33.265 [DEBUG] PORTX - About to create Go wrapper with: PackageName=git, ToolName=git-remote-http, ExecutablePath=git-remote-http.exe, DefaultArgs=''
2025-09-27 06:38:33.266 [DEBUG] PORTX - Processing tool: git-remote-https, path: git-remote-https.exe
2025-09-27 06:38:33.267 [DEBUG] PORTX - About to create bash wrapper with: PackageName=git, ToolName=git-remote-https, ExecutablePath=git-remote-https.exe, DefaultArgs=''
2025-09-27 06:38:33.269 [DEBUG] PORTX - New-UniversalBashWrapper called with PackageName='git', ToolName='git-remote-https'
2025-09-27 06:38:33.271 [DEBUG] SANITIZE - Sanitizing file: C:\App\PORTX\wrappers\posix\git-remote-https
2025-09-27 06:38:33.273 [DEBUG] SANITIZE - File sanitized: C:\App\PORTX\wrappers\posix\git-remote-https
2025-09-27 06:38:33.274 [DEBUG] PORTX - Created universal bash wrapper: C:\App\PORTX\wrappers\posix\git-remote-https
2025-09-27 06:38:33.275 [DEBUG] PORTX - New-UniversalCmdWrapper called with PackageName='git', ToolName='git-remote-https'
2025-09-27 06:38:33.278 [DEBUG] PORTX - Created universal CMD wrapper: C:\App\PORTX\wrappers\windows\git-remote-https.cmd
2025-09-27 06:38:33.279 [DEBUG] PORTX - About to create Go wrapper with: PackageName=git, ToolName=git-remote-https, ExecutablePath=git-remote-https.exe, DefaultArgs=''
2025-09-27 06:38:33.281 [DEBUG] PORTX - Processing tool: gpg, path: gpg.exe
2025-09-27 06:38:33.282 [DEBUG] PORTX - About to create bash wrapper with: PackageName=git, ToolName=gpg, ExecutablePath=gpg.exe, DefaultArgs=''
2025-09-27 06:38:33.283 [DEBUG] PORTX - New-UniversalBashWrapper called with PackageName='git', ToolName='gpg'
2025-09-27 06:38:33.285 [DEBUG] SANITIZE - Sanitizing file: C:\App\PORTX\wrappers\posix\gpg
2025-09-27 06:38:33.287 [DEBUG] SANITIZE - File sanitized: C:\App\PORTX\wrappers\posix\gpg
2025-09-27 06:38:33.288 [DEBUG] PORTX - Created universal bash wrapper: C:\App\PORTX\wrappers\posix\gpg
2025-09-27 06:38:33.289 [DEBUG] PORTX - New-UniversalCmdWrapper called with PackageName='git', ToolName='gpg'
2025-09-27 06:38:33.292 [DEBUG] PORTX - Created universal CMD wrapper: C:\App\PORTX\wrappers\windows\gpg.cmd
2025-09-27 06:38:33.294 [DEBUG] PORTX - About to create Go wrapper with: PackageName=git, ToolName=gpg, ExecutablePath=gpg.exe, DefaultArgs=''
2025-09-27 06:38:33.295 [DEBUG] PORTX - Processing tool: gzip, path: gzip.exe
2025-09-27 06:38:33.297 [DEBUG] PORTX - About to create bash wrapper with: PackageName=git, ToolName=gzip, ExecutablePath=gzip.exe, DefaultArgs=''
2025-09-27 06:38:33.298 [DEBUG] PORTX - New-UniversalBashWrapper called with PackageName='git', ToolName='gzip'
2025-09-27 06:38:33.300 [DEBUG] SANITIZE - Sanitizing file: C:\App\PORTX\wrappers\posix\gzip
2025-09-27 06:38:33.302 [DEBUG] SANITIZE - File sanitized: C:\App\PORTX\wrappers\posix\gzip
2025-09-27 06:38:33.303 [DEBUG] PORTX - Created universal bash wrapper: C:\App\PORTX\wrappers\posix\gzip
2025-09-27 06:38:33.304 [DEBUG] PORTX - New-UniversalCmdWrapper called with PackageName='git', ToolName='gzip'
2025-09-27 06:38:33.307 [DEBUG] PORTX - Created universal CMD wrapper: C:\App\PORTX\wrappers\windows\gzip.cmd
2025-09-27 06:38:33.308 [DEBUG] PORTX - About to create Go wrapper with: PackageName=git, ToolName=gzip, ExecutablePath=gzip.exe, DefaultArgs=''
2025-09-27 06:38:33.310 [DEBUG] PORTX - Processing tool: scp, path: scp.exe
2025-09-27 06:38:33.311 [DEBUG] PORTX - About to create bash wrapper with: PackageName=git, ToolName=scp, ExecutablePath=scp.exe, DefaultArgs=''
2025-09-27 06:38:33.312 [DEBUG] PORTX - New-UniversalBashWrapper called with PackageName='git', ToolName='scp'
2025-09-27 06:38:33.314 [DEBUG] SANITIZE - Sanitizing file: C:\App\PORTX\wrappers\posix\scp
2025-09-27 06:38:33.316 [DEBUG] SANITIZE - File sanitized: C:\App\PORTX\wrappers\posix\scp
2025-09-27 06:38:33.317 [DEBUG] PORTX - Created universal bash wrapper: C:\App\PORTX\wrappers\posix\scp
2025-09-27 06:38:33.319 [DEBUG] PORTX - New-UniversalCmdWrapper called with PackageName='git', ToolName='scp'
2025-09-27 06:38:33.321 [DEBUG] PORTX - Created universal CMD wrapper: C:\App\PORTX\wrappers\windows\scp.cmd
2025-09-27 06:38:33.323 [DEBUG] PORTX - About to create Go wrapper with: PackageName=git, ToolName=scp, ExecutablePath=scp.exe, DefaultArgs=''
2025-09-27 06:38:33.324 [DEBUG] PORTX - Processing tool: ssh, path: ssh.exe
2025-09-27 06:38:33.325 [DEBUG] PORTX - About to create bash wrapper with: PackageName=git, ToolName=ssh, ExecutablePath=ssh.exe, DefaultArgs=''
2025-09-27 06:38:33.327 [DEBUG] PORTX - New-UniversalBashWrapper called with PackageName='git', ToolName='ssh'
2025-09-27 06:38:33.328 [DEBUG] SANITIZE - Sanitizing file: C:\App\PORTX\wrappers\posix\ssh
2025-09-27 06:38:33.331 [DEBUG] SANITIZE - File sanitized: C:\App\PORTX\wrappers\posix\ssh
2025-09-27 06:38:33.332 [DEBUG] PORTX - Created universal bash wrapper: C:\App\PORTX\wrappers\posix\ssh
2025-09-27 06:38:33.333 [DEBUG] PORTX - New-UniversalCmdWrapper called with PackageName='git', ToolName='ssh'
2025-09-27 06:38:33.336 [DEBUG] PORTX - Created universal CMD wrapper: C:\App\PORTX\wrappers\windows\ssh.cmd
2025-09-27 06:38:33.337 [DEBUG] PORTX - About to create Go wrapper with: PackageName=git, ToolName=ssh, ExecutablePath=ssh.exe, DefaultArgs=''
2025-09-27 06:38:33.339 [DEBUG] PORTX - Processing tool: ssh-add, path: ssh-add.exe
2025-09-27 06:38:33.340 [DEBUG] PORTX - About to create bash wrapper with: PackageName=git, ToolName=ssh-add, ExecutablePath=ssh-add.exe, DefaultArgs=''
2025-09-27 06:38:33.341 [DEBUG] PORTX - New-UniversalBashWrapper called with PackageName='git', ToolName='ssh-add'
2025-09-27 06:38:33.344 [DEBUG] SANITIZE - Sanitizing file: C:\App\PORTX\wrappers\posix\ssh-add
2025-09-27 06:38:33.346 [DEBUG] SANITIZE - File sanitized: C:\App\PORTX\wrappers\posix\ssh-add
2025-09-27 06:38:33.347 [DEBUG] PORTX - Created universal bash wrapper: C:\App\PORTX\wrappers\posix\ssh-add
2025-09-27 06:38:33.348 [DEBUG] PORTX - New-UniversalCmdWrapper called with PackageName='git', ToolName='ssh-add'
2025-09-27 06:38:33.351 [DEBUG] PORTX - Created universal CMD wrapper: C:\App\PORTX\wrappers\windows\ssh-add.cmd
2025-09-27 06:38:33.353 [DEBUG] PORTX - About to create Go wrapper with: PackageName=git, ToolName=ssh-add, ExecutablePath=ssh-add.exe, DefaultArgs=''
2025-09-27 06:38:33.354 [DEBUG] PORTX - Processing tool: ssh-agent, path: ssh-agent.exe
2025-09-27 06:38:33.355 [DEBUG] PORTX - About to create bash wrapper with: PackageName=git, ToolName=ssh-agent, ExecutablePath=ssh-agent.exe, DefaultArgs=''
2025-09-27 06:38:33.356 [DEBUG] PORTX - New-UniversalBashWrapper called with PackageName='git', ToolName='ssh-agent'
2025-09-27 06:38:33.359 [DEBUG] SANITIZE - Sanitizing file: C:\App\PORTX\wrappers\posix\ssh-agent
2025-09-27 06:38:33.361 [DEBUG] SANITIZE - File sanitized: C:\App\PORTX\wrappers\posix\ssh-agent
2025-09-27 06:38:33.362 [DEBUG] PORTX - Created universal bash wrapper: C:\App\PORTX\wrappers\posix\ssh-agent
2025-09-27 06:38:33.364 [DEBUG] PORTX - New-UniversalCmdWrapper called with PackageName='git', ToolName='ssh-agent'
2025-09-27 06:38:33.367 [DEBUG] PORTX - Created universal CMD wrapper: C:\App\PORTX\wrappers\windows\ssh-agent.cmd
2025-09-27 06:38:33.368 [DEBUG] PORTX - About to create Go wrapper with: PackageName=git, ToolName=ssh-agent, ExecutablePath=ssh-agent.exe, DefaultArgs=''
2025-09-27 06:38:33.369 [DEBUG] PORTX - Processing tool: ssh-keygen, path: ssh-keygen.exe
2025-09-27 06:38:33.371 [DEBUG] PORTX - About to create bash wrapper with: PackageName=git, ToolName=ssh-keygen, ExecutablePath=ssh-keygen.exe, DefaultArgs=''
2025-09-27 06:38:33.372 [DEBUG] PORTX - New-UniversalBashWrapper called with PackageName='git', ToolName='ssh-keygen'
2025-09-27 06:38:33.374 [DEBUG] SANITIZE - Sanitizing file: C:\App\PORTX\wrappers\posix\ssh-keygen
2025-09-27 06:38:33.376 [DEBUG] SANITIZE - File sanitized: C:\App\PORTX\wrappers\posix\ssh-keygen
2025-09-27 06:38:33.377 [DEBUG] PORTX - Created universal bash wrapper: C:\App\PORTX\wrappers\posix\ssh-keygen
2025-09-27 06:38:33.379 [DEBUG] PORTX - New-UniversalCmdWrapper called with PackageName='git', ToolName='ssh-keygen'
2025-09-27 06:38:33.382 [DEBUG] PORTX - Created universal CMD wrapper: C:\App\PORTX\wrappers\windows\ssh-keygen.cmd
2025-09-27 06:38:33.383 [DEBUG] PORTX - About to create Go wrapper with: PackageName=git, ToolName=ssh-keygen, ExecutablePath=ssh-keygen.exe, DefaultArgs=''
2025-09-27 06:38:33.384 [DEBUG] PORTX - Processing tool: ssh-keyscan, path: ssh-keyscan.exe
2025-09-27 06:38:33.386 [DEBUG] PORTX - About to create bash wrapper with: PackageName=git, ToolName=ssh-keyscan, ExecutablePath=ssh-keyscan.exe, DefaultArgs=''
2025-09-27 06:38:33.387 [DEBUG] PORTX - New-UniversalBashWrapper called with PackageName='git', ToolName='ssh-keyscan'
2025-09-27 06:38:33.389 [DEBUG] SANITIZE - Sanitizing file: C:\App\PORTX\wrappers\posix\ssh-keyscan
2025-09-27 06:38:33.391 [DEBUG] SANITIZE - File sanitized: C:\App\PORTX\wrappers\posix\ssh-keyscan
2025-09-27 06:38:33.392 [DEBUG] PORTX - Created universal bash wrapper: C:\App\PORTX\wrappers\posix\ssh-keyscan
2025-09-27 06:38:33.394 [DEBUG] PORTX - New-UniversalCmdWrapper called with PackageName='git', ToolName='ssh-keyscan'
2025-09-27 06:38:33.397 [DEBUG] PORTX - Created universal CMD wrapper: C:\App\PORTX\wrappers\windows\ssh-keyscan.cmd
2025-09-27 06:38:33.399 [DEBUG] PORTX - About to create Go wrapper with: PackageName=git, ToolName=ssh-keyscan, ExecutablePath=ssh-keyscan.exe, DefaultArgs=''
2025-09-27 06:38:33.400 [DEBUG] PORTX - Processing tool: ssh-pageant, path: ssh-pageant.exe
2025-09-27 06:38:33.401 [DEBUG] PORTX - About to create bash wrapper with: PackageName=git, ToolName=ssh-pageant, ExecutablePath=ssh-pageant.exe, DefaultArgs=''
2025-09-27 06:38:33.403 [DEBUG] PORTX - New-UniversalBashWrapper called with PackageName='git', ToolName='ssh-pageant'
2025-09-27 06:38:33.405 [DEBUG] SANITIZE - Sanitizing file: C:\App\PORTX\wrappers\posix\ssh-pageant
2025-09-27 06:38:33.407 [DEBUG] SANITIZE - File sanitized: C:\App\PORTX\wrappers\posix\ssh-pageant
2025-09-27 06:38:33.409 [DEBUG] PORTX - Created universal bash wrapper: C:\App\PORTX\wrappers\posix\ssh-pageant
2025-09-27 06:38:33.410 [DEBUG] PORTX - New-UniversalCmdWrapper called with PackageName='git', ToolName='ssh-pageant'
2025-09-27 06:38:33.413 [DEBUG] PORTX - Created universal CMD wrapper: C:\App\PORTX\wrappers\windows\ssh-pageant.cmd
2025-09-27 06:38:33.414 [DEBUG] PORTX - About to create Go wrapper with: PackageName=git, ToolName=ssh-pageant, ExecutablePath=ssh-pageant.exe, DefaultArgs=''
2025-09-27 06:38:33.415 [DEBUG] PORTX - Processing tool: tar, path: tar.exe
2025-09-27 06:38:33.417 [DEBUG] PORTX - About to create bash wrapper with: PackageName=git, ToolName=tar, ExecutablePath=tar.exe, DefaultArgs=''
2025-09-27 06:38:33.418 [DEBUG] PORTX - New-UniversalBashWrapper called with PackageName='git', ToolName='tar'
2025-09-27 06:38:33.420 [DEBUG] SANITIZE - Sanitizing file: C:\App\PORTX\wrappers\posix\tar
2025-09-27 06:38:33.422 [DEBUG] SANITIZE - File sanitized: C:\App\PORTX\wrappers\posix\tar
2025-09-27 06:38:33.423 [DEBUG] PORTX - Created universal bash wrapper: C:\App\PORTX\wrappers\posix\tar
2025-09-27 06:38:33.425 [DEBUG] PORTX - New-UniversalCmdWrapper called with PackageName='git', ToolName='tar'
2025-09-27 06:38:33.428 [DEBUG] PORTX - Created universal CMD wrapper: C:\App\PORTX\wrappers\windows\tar.cmd
2025-09-27 06:38:33.429 [DEBUG] PORTX - About to create Go wrapper with: PackageName=git, ToolName=tar, ExecutablePath=tar.exe, DefaultArgs=''
2025-09-27 06:38:33.430 [INFO] PORTX -   Created 20 wrappers for git
2025-09-27 06:38:33.432 [DEBUG] VALIDATION - Starting wrapper validation for package: git
2025-09-27 06:38:33.434 [DEBUG] VALIDATION -   Wrapper validation passed for git
2025-09-27 06:38:33.435 [INFO] PORTX - Processing: git-cliff
2025-09-27 06:38:33.437 [DEBUG] PORTX - Validating package: git-cliff
2025-09-27 06:38:33.441 [DEBUG] PORTX - Package git-cliff validation passed
2025-09-27 06:38:33.443 [INFO] PORTX -   Import type: wrap
2025-09-27 06:38:33.444 [INFO] PORTX -   WRAP: git-cliff
2025-09-27 06:38:33.445 [DEBUG] PORTX - Processing tool: git-cliff, path: git-cliff.exe
2025-09-27 06:38:33.446 [DEBUG] PORTX - About to create bash wrapper with: PackageName=git-cliff, ToolName=git-cliff, ExecutablePath=git-cliff.exe, DefaultArgs=''
2025-09-27 06:38:33.447 [DEBUG] PORTX - New-UniversalBashWrapper called with PackageName='git-cliff', ToolName='git-cliff'
2025-09-27 06:38:33.449 [DEBUG] SANITIZE - Sanitizing file: C:\App\PORTX\wrappers\posix\git-cliff
2025-09-27 06:38:33.451 [DEBUG] SANITIZE - File sanitized: C:\App\PORTX\wrappers\posix\git-cliff
2025-09-27 06:38:33.452 [DEBUG] PORTX - Created universal bash wrapper: C:\App\PORTX\wrappers\posix\git-cliff
2025-09-27 06:38:33.454 [DEBUG] PORTX - New-UniversalCmdWrapper called with PackageName='git-cliff', ToolName='git-cliff'
2025-09-27 06:38:33.457 [DEBUG] PORTX - Created universal CMD wrapper: C:\App\PORTX\wrappers\windows\git-cliff.cmd
2025-09-27 06:38:33.458 [DEBUG] PORTX - About to create Go wrapper with: PackageName=git-cliff, ToolName=git-cliff, ExecutablePath=git-cliff.exe, DefaultArgs=''
2025-09-27 06:38:33.459 [INFO] PORTX -   Created 1 wrappers for git-cliff
2025-09-27 06:38:33.461 [DEBUG] VALIDATION - Starting wrapper validation for package: git-cliff
2025-09-27 06:38:33.462 [DEBUG] VALIDATION -   Wrapper validation passed for git-cliff
2025-09-27 06:38:33.464 [INFO] PORTX - Processing: gitleaks
2025-09-27 06:38:33.465 [DEBUG] PORTX - Validating package: gitleaks
2025-09-27 06:38:33.469 [DEBUG] PORTX - Package gitleaks validation passed
2025-09-27 06:38:33.471 [INFO] PORTX -   Import type: wrap
2025-09-27 06:38:33.472 [INFO] PORTX -   WRAP: gitleaks
2025-09-27 06:38:33.474 [DEBUG] PORTX - Processing tool: gitleaks, path: gitleaks.exe
2025-09-27 06:38:33.475 [DEBUG] PORTX - About to create bash wrapper with: PackageName=gitleaks, ToolName=gitleaks, ExecutablePath=gitleaks.exe, DefaultArgs=''
2025-09-27 06:38:33.476 [DEBUG] PORTX - New-UniversalBashWrapper called with PackageName='gitleaks', ToolName='gitleaks'
2025-09-27 06:38:33.478 [DEBUG] SANITIZE - Sanitizing file: C:\App\PORTX\wrappers\posix\gitleaks
2025-09-27 06:38:33.480 [DEBUG] SANITIZE - File sanitized: C:\App\PORTX\wrappers\posix\gitleaks
2025-09-27 06:38:33.481 [DEBUG] PORTX - Created universal bash wrapper: C:\App\PORTX\wrappers\posix\gitleaks
2025-09-27 06:38:33.483 [DEBUG] PORTX - New-UniversalCmdWrapper called with PackageName='gitleaks', ToolName='gitleaks'
2025-09-27 06:38:33.485 [DEBUG] PORTX - Created universal CMD wrapper: C:\App\PORTX\wrappers\windows\gitleaks.cmd
2025-09-27 06:38:33.487 [DEBUG] PORTX - About to create Go wrapper with: PackageName=gitleaks, ToolName=gitleaks, ExecutablePath=gitleaks.exe, DefaultArgs=''
2025-09-27 06:38:33.488 [INFO] PORTX -   Created 1 wrappers for gitleaks
2025-09-27 06:38:33.490 [DEBUG] VALIDATION - Starting wrapper validation for package: gitleaks
2025-09-27 06:38:33.491 [DEBUG] VALIDATION -   Wrapper validation passed for gitleaks
2025-09-27 06:38:33.492 [INFO] PORTX - Processing: gitsdk-mingw64-bin
2025-09-27 06:38:33.494 [DEBUG] PORTX - Validating package: gitsdk-mingw64-bin
2025-09-27 06:38:33.500 [INFO] PORTX -   Import type: path
2025-09-27 06:38:33.502 [INFO] PORTX -   PATH: gitsdk-mingw64-bin
2025-09-27 06:38:33.504 [INFO] PORTX - Processing: gitui
2025-09-27 06:38:33.505 [DEBUG] PORTX - Validating package: gitui
2025-09-27 06:38:33.509 [DEBUG] PORTX - Package gitui validation passed
2025-09-27 06:38:33.511 [INFO] PORTX -   Import type: wrap
2025-09-27 06:38:33.512 [INFO] PORTX -   WRAP: gitui
2025-09-27 06:38:33.513 [DEBUG] PORTX - Processing tool: gitui, path: gitui.exe
2025-09-27 06:38:33.515 [DEBUG] PORTX - About to create bash wrapper with: PackageName=gitui, ToolName=gitui, ExecutablePath=gitui.exe, DefaultArgs=''
2025-09-27 06:38:33.517 [DEBUG] PORTX - New-UniversalBashWrapper called with PackageName='gitui', ToolName='gitui'
2025-09-27 06:38:33.519 [DEBUG] SANITIZE - Sanitizing file: C:\App\PORTX\wrappers\posix\gitui
2025-09-27 06:38:33.521 [DEBUG] SANITIZE - File sanitized: C:\App\PORTX\wrappers\posix\gitui
2025-09-27 06:38:33.522 [DEBUG] PORTX - Created universal bash wrapper: C:\App\PORTX\wrappers\posix\gitui
2025-09-27 06:38:33.523 [DEBUG] PORTX - New-UniversalCmdWrapper called with PackageName='gitui', ToolName='gitui'
2025-09-27 06:38:33.526 [DEBUG] PORTX - Created universal CMD wrapper: C:\App\PORTX\wrappers\windows\gitui.cmd
2025-09-27 06:38:33.527 [DEBUG] PORTX - About to create Go wrapper with: PackageName=gitui, ToolName=gitui, ExecutablePath=gitui.exe, DefaultArgs=''
2025-09-27 06:38:33.528 [INFO] PORTX -   Created 1 wrappers for gitui
2025-09-27 06:38:33.530 [DEBUG] VALIDATION - Starting wrapper validation for package: gitui
2025-09-27 06:38:33.532 [DEBUG] VALIDATION -   Wrapper validation passed for gitui
2025-09-27 06:38:33.533 [INFO] PORTX - Processing: glow
2025-09-27 06:38:33.535 [DEBUG] PORTX - Validating package: glow
2025-09-27 06:38:33.538 [DEBUG] PORTX - Package glow validation passed
2025-09-27 06:38:33.540 [INFO] PORTX -   Import type: wrap
2025-09-27 06:38:33.541 [INFO] PORTX -   WRAP: glow
2025-09-27 06:38:33.543 [DEBUG] PORTX - Processing tool: glow, path: glow.exe
2025-09-27 06:38:33.544 [DEBUG] PORTX - About to create bash wrapper with: PackageName=glow, ToolName=glow, ExecutablePath=glow.exe, DefaultArgs=''
2025-09-27 06:38:33.546 [DEBUG] PORTX - New-UniversalBashWrapper called with PackageName='glow', ToolName='glow'
2025-09-27 06:38:33.547 [DEBUG] SANITIZE - Sanitizing file: C:\App\PORTX\wrappers\posix\glow
2025-09-27 06:38:33.550 [DEBUG] SANITIZE - File sanitized: C:\App\PORTX\wrappers\posix\glow
2025-09-27 06:38:33.551 [DEBUG] PORTX - Created universal bash wrapper: C:\App\PORTX\wrappers\posix\glow
2025-09-27 06:38:33.552 [DEBUG] PORTX - New-UniversalCmdWrapper called with PackageName='glow', ToolName='glow'
2025-09-27 06:38:33.555 [DEBUG] PORTX - Created universal CMD wrapper: C:\App\PORTX\wrappers\windows\glow.cmd
2025-09-27 06:38:33.556 [DEBUG] PORTX - About to create Go wrapper with: PackageName=glow, ToolName=glow, ExecutablePath=glow.exe, DefaultArgs=''
2025-09-27 06:38:33.557 [INFO] PORTX -   Created 1 wrappers for glow
2025-09-27 06:38:33.559 [DEBUG] VALIDATION - Starting wrapper validation for package: glow
2025-09-27 06:38:33.560 [DEBUG] VALIDATION -   Wrapper validation passed for glow
2025-09-27 06:38:33.562 [INFO] PORTX - Processing: go
2025-09-27 06:38:33.563 [DEBUG] PORTX - Validating package: go
2025-09-27 06:38:33.568 [DEBUG] PORTX - Package go validation passed
2025-09-27 06:38:33.570 [INFO] PORTX -   Import type: wrap
2025-09-27 06:38:33.572 [INFO] PORTX -   WRAP: go
2025-09-27 06:38:33.573 [DEBUG] PORTX - Processing tool: go, path: bin/go.exe
2025-09-27 06:38:33.574 [DEBUG] PORTX - About to create bash wrapper with: PackageName=go, ToolName=go, ExecutablePath=bin/go.exe, DefaultArgs=''
2025-09-27 06:38:33.576 [DEBUG] PORTX - New-UniversalBashWrapper called with PackageName='go', ToolName='go'
2025-09-27 06:38:33.578 [DEBUG] SANITIZE - Sanitizing file: C:\App\PORTX\wrappers\posix\go
2025-09-27 06:38:33.580 [DEBUG] SANITIZE - File sanitized: C:\App\PORTX\wrappers\posix\go
2025-09-27 06:38:33.581 [DEBUG] PORTX - Created universal bash wrapper: C:\App\PORTX\wrappers\posix\go
2025-09-27 06:38:33.582 [DEBUG] PORTX - New-UniversalCmdWrapper called with PackageName='go', ToolName='go'
2025-09-27 06:38:33.585 [DEBUG] PORTX - Created universal CMD wrapper: C:\App\PORTX\wrappers\windows\go.cmd
2025-09-27 06:38:33.586 [DEBUG] PORTX - About to create Go wrapper with: PackageName=go, ToolName=go, ExecutablePath=bin/go.exe, DefaultArgs=''
2025-09-27 06:38:33.587 [DEBUG] PORTX - Processing tool: gofmt, path: bin/gofmt.exe
2025-09-27 06:38:33.589 [DEBUG] PORTX - About to create bash wrapper with: PackageName=go, ToolName=gofmt, ExecutablePath=bin/gofmt.exe, DefaultArgs=''
2025-09-27 06:38:33.590 [DEBUG] PORTX - New-UniversalBashWrapper called with PackageName='go', ToolName='gofmt'
2025-09-27 06:38:33.592 [DEBUG] SANITIZE - Sanitizing file: C:\App\PORTX\wrappers\posix\gofmt
2025-09-27 06:38:33.594 [DEBUG] SANITIZE - File sanitized: C:\App\PORTX\wrappers\posix\gofmt
2025-09-27 06:38:33.595 [DEBUG] PORTX - Created universal bash wrapper: C:\App\PORTX\wrappers\posix\gofmt
2025-09-27 06:38:33.597 [DEBUG] PORTX - New-UniversalCmdWrapper called with PackageName='go', ToolName='gofmt'
2025-09-27 06:38:33.599 [DEBUG] PORTX - Created universal CMD wrapper: C:\App\PORTX\wrappers\windows\gofmt.cmd
2025-09-27 06:38:33.600 [DEBUG] PORTX - About to create Go wrapper with: PackageName=go, ToolName=gofmt, ExecutablePath=bin/gofmt.exe, DefaultArgs=''
2025-09-27 06:38:33.602 [INFO] PORTX -   Created 2 wrappers for go
2025-09-27 06:38:33.603 [DEBUG] VALIDATION - Starting wrapper validation for package: go
2025-09-27 06:38:33.605 [DEBUG] VALIDATION -   Wrapper validation passed for go
2025-09-27 06:38:33.606 [INFO] PORTX - Processing: gojq
2025-09-27 06:38:33.608 [DEBUG] PORTX - Validating package: gojq
2025-09-27 06:38:33.611 [DEBUG] PORTX - Package gojq validation passed
2025-09-27 06:38:33.613 [INFO] PORTX -   Import type: wrap
2025-09-27 06:38:33.615 [INFO] PORTX -   WRAP: gojq
2025-09-27 06:38:33.616 [DEBUG] PORTX - Processing tool: gojq, path: gojq.exe
2025-09-27 06:38:33.617 [DEBUG] PORTX - About to create bash wrapper with: PackageName=gojq, ToolName=gojq, ExecutablePath=gojq.exe, DefaultArgs=''
2025-09-27 06:38:33.619 [DEBUG] PORTX - New-UniversalBashWrapper called with PackageName='gojq', ToolName='gojq'
2025-09-27 06:38:33.620 [DEBUG] SANITIZE - Sanitizing file: C:\App\PORTX\wrappers\posix\gojq
2025-09-27 06:38:33.623 [DEBUG] SANITIZE - File sanitized: C:\App\PORTX\wrappers\posix\gojq
2025-09-27 06:38:33.624 [DEBUG] PORTX - Created universal bash wrapper: C:\App\PORTX\wrappers\posix\gojq
2025-09-27 06:38:33.626 [DEBUG] PORTX - New-UniversalCmdWrapper called with PackageName='gojq', ToolName='gojq'
2025-09-27 06:38:33.629 [DEBUG] PORTX - Created universal CMD wrapper: C:\App\PORTX\wrappers\windows\gojq.cmd
2025-09-27 06:38:33.630 [DEBUG] PORTX - About to create Go wrapper with: PackageName=gojq, ToolName=gojq, ExecutablePath=gojq.exe, DefaultArgs=''
2025-09-27 06:38:33.631 [INFO] PORTX -   Created 1 wrappers for gojq
2025-09-27 06:38:33.633 [DEBUG] VALIDATION - Starting wrapper validation for package: gojq
2025-09-27 06:38:33.634 [DEBUG] VALIDATION -   Wrapper validation passed for gojq
2025-09-27 06:38:33.636 [INFO] PORTX - Processing: gosec
2025-09-27 06:38:33.637 [DEBUG] PORTX - Validating package: gosec
2025-09-27 06:38:33.641 [DEBUG] PORTX - Package gosec validation passed
2025-09-27 06:38:33.643 [INFO] PORTX -   Import type: wrap
2025-09-27 06:38:33.644 [INFO] PORTX -   WRAP: gosec
2025-09-27 06:38:33.646 [DEBUG] PORTX - Processing tool: gosec, path: gosec.exe
2025-09-27 06:38:33.647 [DEBUG] PORTX - About to create bash wrapper with: PackageName=gosec, ToolName=gosec, ExecutablePath=gosec.exe, DefaultArgs=''
2025-09-27 06:38:33.648 [DEBUG] PORTX - New-UniversalBashWrapper called with PackageName='gosec', ToolName='gosec'
2025-09-27 06:38:33.650 [DEBUG] SANITIZE - Sanitizing file: C:\App\PORTX\wrappers\posix\gosec
2025-09-27 06:38:33.652 [DEBUG] SANITIZE - File sanitized: C:\App\PORTX\wrappers\posix\gosec
2025-09-27 06:38:33.653 [DEBUG] PORTX - Created universal bash wrapper: C:\App\PORTX\wrappers\posix\gosec
2025-09-27 06:38:33.654 [DEBUG] PORTX - New-UniversalCmdWrapper called with PackageName='gosec', ToolName='gosec'
2025-09-27 06:38:33.658 [DEBUG] PORTX - Created universal CMD wrapper: C:\App\PORTX\wrappers\windows\gosec.cmd
2025-09-27 06:38:33.659 [DEBUG] PORTX - About to create Go wrapper with: PackageName=gosec, ToolName=gosec, ExecutablePath=gosec.exe, DefaultArgs=''
2025-09-27 06:38:33.660 [INFO] PORTX -   Created 1 wrappers for gosec
2025-09-27 06:38:33.662 [DEBUG] VALIDATION - Starting wrapper validation for package: gosec
2025-09-27 06:38:33.663 [DEBUG] VALIDATION -   Wrapper validation passed for gosec
2025-09-27 06:38:33.664 [INFO] PORTX - Processing: gpg
2025-09-27 06:38:33.666 [DEBUG] PORTX - Validating package: gpg
2025-09-27 06:38:33.674 [DEBUG] PORTX - Package gpg validation passed
2025-09-27 06:38:33.676 [INFO] PORTX -   Import type: wrap
2025-09-27 06:38:33.677 [INFO] PORTX -   WRAP: gpg
2025-09-27 06:38:33.678 [DEBUG] PORTX - Processing tool: gpg, path: gpg.exe
2025-09-27 06:38:33.680 [DEBUG] PORTX - About to create bash wrapper with: PackageName=gpg, ToolName=gpg, ExecutablePath=gpg.exe, DefaultArgs=''
2025-09-27 06:38:33.681 [DEBUG] PORTX - New-UniversalBashWrapper called with PackageName='gpg', ToolName='gpg'
2025-09-27 06:38:33.683 [DEBUG] SANITIZE - Sanitizing file: C:\App\PORTX\wrappers\posix\gpg
2025-09-27 06:38:33.685 [DEBUG] SANITIZE - File sanitized: C:\App\PORTX\wrappers\posix\gpg
2025-09-27 06:38:33.686 [DEBUG] PORTX - Created universal bash wrapper: C:\App\PORTX\wrappers\posix\gpg
2025-09-27 06:38:33.687 [DEBUG] PORTX - New-UniversalCmdWrapper called with PackageName='gpg', ToolName='gpg'
2025-09-27 06:38:33.690 [DEBUG] PORTX - Created universal CMD wrapper: C:\App\PORTX\wrappers\windows\gpg.cmd
2025-09-27 06:38:33.692 [DEBUG] PORTX - About to create Go wrapper with: PackageName=gpg, ToolName=gpg, ExecutablePath=gpg.exe, DefaultArgs=''
2025-09-27 06:38:33.693 [DEBUG] PORTX - Processing tool: gpg-agent, path: gpg-agent.exe
2025-09-27 06:38:33.694 [DEBUG] PORTX - About to create bash wrapper with: PackageName=gpg, ToolName=gpg-agent, ExecutablePath=gpg-agent.exe, DefaultArgs=''
2025-09-27 06:38:33.695 [DEBUG] PORTX - New-UniversalBashWrapper called with PackageName='gpg', ToolName='gpg-agent'
2025-09-27 06:38:33.697 [DEBUG] SANITIZE - Sanitizing file: C:\App\PORTX\wrappers\posix\gpg-agent
2025-09-27 06:38:33.699 [DEBUG] SANITIZE - File sanitized: C:\App\PORTX\wrappers\posix\gpg-agent
2025-09-27 06:38:33.701 [DEBUG] PORTX - Created universal bash wrapper: C:\App\PORTX\wrappers\posix\gpg-agent
2025-09-27 06:38:33.702 [DEBUG] PORTX - New-UniversalCmdWrapper called with PackageName='gpg', ToolName='gpg-agent'
2025-09-27 06:38:33.705 [DEBUG] PORTX - Created universal CMD wrapper: C:\App\PORTX\wrappers\windows\gpg-agent.cmd
2025-09-27 06:38:33.706 [DEBUG] PORTX - About to create Go wrapper with: PackageName=gpg, ToolName=gpg-agent, ExecutablePath=gpg-agent.exe, DefaultArgs=''
2025-09-27 06:38:33.707 [DEBUG] PORTX - Processing tool: dirmngr, path: dirmngr.exe
2025-09-27 06:38:33.708 [DEBUG] PORTX - About to create bash wrapper with: PackageName=gpg, ToolName=dirmngr, ExecutablePath=dirmngr.exe, DefaultArgs=''
2025-09-27 06:38:33.709 [DEBUG] PORTX - New-UniversalBashWrapper called with PackageName='gpg', ToolName='dirmngr'
2025-09-27 06:38:33.711 [DEBUG] SANITIZE - Sanitizing file: C:\App\PORTX\wrappers\posix\dirmngr
2025-09-27 06:38:33.713 [DEBUG] SANITIZE - File sanitized: C:\App\PORTX\wrappers\posix\dirmngr
2025-09-27 06:38:33.714 [DEBUG] PORTX - Created universal bash wrapper: C:\App\PORTX\wrappers\posix\dirmngr
2025-09-27 06:38:33.716 [DEBUG] PORTX - New-UniversalCmdWrapper called with PackageName='gpg', ToolName='dirmngr'
2025-09-27 06:38:33.718 [DEBUG] PORTX - Created universal CMD wrapper: C:\App\PORTX\wrappers\windows\dirmngr.cmd
2025-09-27 06:38:33.720 [DEBUG] PORTX - About to create Go wrapper with: PackageName=gpg, ToolName=dirmngr, ExecutablePath=dirmngr.exe, DefaultArgs=''
2025-09-27 06:38:33.721 [DEBUG] PORTX - Processing tool: gpg-connect-agent, path: gpg-connect-agent.exe
2025-09-27 06:38:33.722 [DEBUG] PORTX - About to create bash wrapper with: PackageName=gpg, ToolName=gpg-connect-agent, ExecutablePath=gpg-connect-agent.exe, DefaultArgs=''
2025-09-27 06:38:33.723 [DEBUG] PORTX - New-UniversalBashWrapper called with PackageName='gpg', ToolName='gpg-connect-agent'
2025-09-27 06:38:33.725 [DEBUG] SANITIZE - Sanitizing file: C:\App\PORTX\wrappers\posix\gpg-connect-agent
2025-09-27 06:38:33.727 [DEBUG] SANITIZE - File sanitized: C:\App\PORTX\wrappers\posix\gpg-connect-agent
2025-09-27 06:38:33.728 [DEBUG] PORTX - Created universal bash wrapper: C:\App\PORTX\wrappers\posix\gpg-connect-agent
2025-09-27 06:38:33.730 [DEBUG] PORTX - New-UniversalCmdWrapper called with PackageName='gpg', ToolName='gpg-connect-agent'
2025-09-27 06:38:33.733 [DEBUG] PORTX - Created universal CMD wrapper: C:\App\PORTX\wrappers\windows\gpg-connect-agent.cmd
2025-09-27 06:38:33.735 [DEBUG] PORTX - About to create Go wrapper with: PackageName=gpg, ToolName=gpg-connect-agent, ExecutablePath=gpg-connect-agent.exe, DefaultArgs=''
2025-09-27 06:38:33.736 [DEBUG] PORTX - Processing tool: gpgconf, path: gpgconf.exe
2025-09-27 06:38:33.737 [DEBUG] PORTX - About to create bash wrapper with: PackageName=gpg, ToolName=gpgconf, ExecutablePath=gpgconf.exe, DefaultArgs=''
2025-09-27 06:38:33.738 [DEBUG] PORTX - New-UniversalBashWrapper called with PackageName='gpg', ToolName='gpgconf'
2025-09-27 06:38:33.740 [DEBUG] SANITIZE - Sanitizing file: C:\App\PORTX\wrappers\posix\gpgconf
2025-09-27 06:38:33.742 [DEBUG] SANITIZE - File sanitized: C:\App\PORTX\wrappers\posix\gpgconf
2025-09-27 06:38:33.744 [DEBUG] PORTX - Created universal bash wrapper: C:\App\PORTX\wrappers\posix\gpgconf
2025-09-27 06:38:33.745 [DEBUG] PORTX - New-UniversalCmdWrapper called with PackageName='gpg', ToolName='gpgconf'
2025-09-27 06:38:33.748 [DEBUG] PORTX - Created universal CMD wrapper: C:\App\PORTX\wrappers\windows\gpgconf.cmd
2025-09-27 06:38:33.749 [DEBUG] PORTX - About to create Go wrapper with: PackageName=gpg, ToolName=gpgconf, ExecutablePath=gpgconf.exe, DefaultArgs=''
2025-09-27 06:38:33.750 [INFO] PORTX -   Created 5 wrappers for gpg
2025-09-27 06:38:33.752 [DEBUG] VALIDATION - Starting wrapper validation for package: gpg
2025-09-27 06:38:33.753 [DEBUG] VALIDATION -   Wrapper validation passed for gpg
2025-09-27 06:38:33.754 [INFO] PORTX - Processing: gping
2025-09-27 06:38:33.756 [DEBUG] PORTX - Validating package: gping
2025-09-27 06:38:33.759 [DEBUG] PORTX - Package gping validation passed
2025-09-27 06:38:33.762 [INFO] PORTX -   Import type: wrap
2025-09-27 06:38:33.763 [INFO] PORTX -   WRAP: gping
2025-09-27 06:38:33.764 [DEBUG] PORTX - Processing tool: gping, path: gping.exe
2025-09-27 06:38:33.765 [DEBUG] PORTX - About to create bash wrapper with: PackageName=gping, ToolName=gping, ExecutablePath=gping.exe, DefaultArgs=''
2025-09-27 06:38:33.766 [DEBUG] PORTX - New-UniversalBashWrapper called with PackageName='gping', ToolName='gping'
2025-09-27 06:38:33.768 [DEBUG] SANITIZE - Sanitizing file: C:\App\PORTX\wrappers\posix\gping
2025-09-27 06:38:33.770 [DEBUG] SANITIZE - File sanitized: C:\App\PORTX\wrappers\posix\gping
2025-09-27 06:38:33.771 [DEBUG] PORTX - Created universal bash wrapper: C:\App\PORTX\wrappers\posix\gping
2025-09-27 06:38:33.773 [DEBUG] PORTX - New-UniversalCmdWrapper called with PackageName='gping', ToolName='gping'
2025-09-27 06:38:33.776 [DEBUG] PORTX - Created universal CMD wrapper: C:\App\PORTX\wrappers\windows\gping.cmd
2025-09-27 06:38:33.777 [DEBUG] PORTX - About to create Go wrapper with: PackageName=gping, ToolName=gping, ExecutablePath=gping.exe, DefaultArgs=''
2025-09-27 06:38:33.778 [INFO] PORTX -   Created 1 wrappers for gping
2025-09-27 06:38:33.780 [DEBUG] VALIDATION - Starting wrapper validation for package: gping
2025-09-27 06:38:33.781 [DEBUG] VALIDATION -   Wrapper validation passed for gping
2025-09-27 06:38:33.783 [INFO] PORTX - Processing: gradle
2025-09-27 06:38:33.784 [DEBUG] PORTX - Validating package: gradle
2025-09-27 06:38:33.788 [DEBUG] PORTX - Package gradle validation passed
2025-09-27 06:38:33.790 [INFO] PORTX -   Import type: wrap
2025-09-27 06:38:33.791 [INFO] PORTX -   WRAP: gradle
2025-09-27 06:38:33.792 [DEBUG] PORTX - Processing tool: gradle, path: bin/gradle.bat
2025-09-27 06:38:33.794 [DEBUG] PORTX - About to create bash wrapper with: PackageName=gradle, ToolName=gradle, ExecutablePath=bin/gradle.bat, DefaultArgs=''
2025-09-27 06:38:33.795 [DEBUG] PORTX - New-UniversalBashWrapper called with PackageName='gradle', ToolName='gradle'
2025-09-27 06:38:33.797 [DEBUG] SANITIZE - Sanitizing file: C:\App\PORTX\wrappers\posix\gradle
2025-09-27 06:38:33.799 [DEBUG] SANITIZE - File sanitized: C:\App\PORTX\wrappers\posix\gradle
2025-09-27 06:38:33.800 [DEBUG] PORTX - Created universal bash wrapper: C:\App\PORTX\wrappers\posix\gradle
2025-09-27 06:38:33.801 [DEBUG] PORTX - New-UniversalCmdWrapper called with PackageName='gradle', ToolName='gradle'
2025-09-27 06:38:33.804 [DEBUG] PORTX - Created universal CMD wrapper: C:\App\PORTX\wrappers\windows\gradle.cmd
2025-09-27 06:38:33.805 [DEBUG] PORTX - About to create Go wrapper with: PackageName=gradle, ToolName=gradle, ExecutablePath=bin/gradle.bat, DefaultArgs=''
2025-09-27 06:38:33.807 [INFO] PORTX -   Created 1 wrappers for gradle
2025-09-27 06:38:33.808 [DEBUG] VALIDATION - Starting wrapper validation for package: gradle
2025-09-27 06:38:33.810 [DEBUG] VALIDATION -   Wrapper validation passed for gradle
2025-09-27 06:38:33.811 [INFO] PORTX - Processing: graphwiz
2025-09-27 06:38:33.813 [DEBUG] PORTX - Validating package: graphwiz
2025-09-27 06:38:33.819 [DEBUG] PORTX - Package graphwiz validation passed
2025-09-27 06:38:33.821 [INFO] PORTX -   Import type: wrap
2025-09-27 06:38:33.822 [INFO] PORTX -   WRAP: graphwiz
2025-09-27 06:38:33.823 [DEBUG] PORTX - Processing tool: dot, path: bin/dot.exe
2025-09-27 06:38:33.825 [DEBUG] PORTX - About to create bash wrapper with: PackageName=graphwiz, ToolName=dot, ExecutablePath=bin/dot.exe, DefaultArgs=''
2025-09-27 06:38:33.826 [DEBUG] PORTX - New-UniversalBashWrapper called with PackageName='graphwiz', ToolName='dot'
2025-09-27 06:38:33.828 [DEBUG] SANITIZE - Sanitizing file: C:\App\PORTX\wrappers\posix\dot
2025-09-27 06:38:33.830 [DEBUG] SANITIZE - File sanitized: C:\App\PORTX\wrappers\posix\dot
2025-09-27 06:38:33.831 [DEBUG] PORTX - Created universal bash wrapper: C:\App\PORTX\wrappers\posix\dot
2025-09-27 06:38:33.832 [DEBUG] PORTX - New-UniversalCmdWrapper called with PackageName='graphwiz', ToolName='dot'
2025-09-27 06:38:33.835 [DEBUG] PORTX - Created universal CMD wrapper: C:\App\PORTX\wrappers\windows\dot.cmd
2025-09-27 06:38:33.836 [DEBUG] PORTX - About to create Go wrapper with: PackageName=graphwiz, ToolName=dot, ExecutablePath=bin/dot.exe, DefaultArgs=''
2025-09-27 06:38:33.837 [DEBUG] PORTX - Processing tool: neato, path: bin/neato.exe
2025-09-27 06:38:33.839 [DEBUG] PORTX - About to create bash wrapper with: PackageName=graphwiz, ToolName=neato, ExecutablePath=bin/neato.exe, DefaultArgs=''
2025-09-27 06:38:33.840 [DEBUG] PORTX - New-UniversalBashWrapper called with PackageName='graphwiz', ToolName='neato'
2025-09-27 06:38:33.842 [DEBUG] SANITIZE - Sanitizing file: C:\App\PORTX\wrappers\posix\neato
2025-09-27 06:38:33.844 [DEBUG] SANITIZE - File sanitized: C:\App\PORTX\wrappers\posix\neato
2025-09-27 06:38:33.846 [DEBUG] PORTX - Created universal bash wrapper: C:\App\PORTX\wrappers\posix\neato
2025-09-27 06:38:33.847 [DEBUG] PORTX - New-UniversalCmdWrapper called with PackageName='graphwiz', ToolName='neato'
2025-09-27 06:38:33.850 [DEBUG] PORTX - Created universal CMD wrapper: C:\App\PORTX\wrappers\windows\neato.cmd
2025-09-27 06:38:33.851 [DEBUG] PORTX - About to create Go wrapper with: PackageName=graphwiz, ToolName=neato, ExecutablePath=bin/neato.exe, DefaultArgs=''
2025-09-27 06:38:33.852 [DEBUG] PORTX - Processing tool: circo, path: bin/circo.exe
2025-09-27 06:38:33.853 [DEBUG] PORTX - About to create bash wrapper with: PackageName=graphwiz, ToolName=circo, ExecutablePath=bin/circo.exe, DefaultArgs=''
2025-09-27 06:38:33.854 [DEBUG] PORTX - New-UniversalBashWrapper called with PackageName='graphwiz', ToolName='circo'
2025-09-27 06:38:33.856 [DEBUG] SANITIZE - Sanitizing file: C:\App\PORTX\wrappers\posix\circo
2025-09-27 06:38:33.858 [DEBUG] SANITIZE - File sanitized: C:\App\PORTX\wrappers\posix\circo
2025-09-27 06:38:33.860 [DEBUG] PORTX - Created universal bash wrapper: C:\App\PORTX\wrappers\posix\circo
2025-09-27 06:38:33.861 [DEBUG] PORTX - New-UniversalCmdWrapper called with PackageName='graphwiz', ToolName='circo'
2025-09-27 06:38:33.863 [DEBUG] PORTX - Created universal CMD wrapper: C:\App\PORTX\wrappers\windows\circo.cmd
2025-09-27 06:38:33.865 [DEBUG] PORTX - About to create Go wrapper with: PackageName=graphwiz, ToolName=circo, ExecutablePath=bin/circo.exe, DefaultArgs=''
2025-09-27 06:38:33.866 [INFO] PORTX -   Created 3 wrappers for graphwiz
2025-09-27 06:38:33.868 [DEBUG] VALIDATION - Starting wrapper validation for package: graphwiz
2025-09-27 06:38:33.869 [DEBUG] VALIDATION -   Wrapper validation passed for graphwiz
2025-09-27 06:38:33.870 [INFO] PORTX - Processing: grex
2025-09-27 06:38:33.872 [DEBUG] PORTX - Validating package: grex
2025-09-27 06:38:33.876 [DEBUG] PORTX - Package grex validation passed
2025-09-27 06:38:33.878 [INFO] PORTX -   Import type: wrap
2025-09-27 06:38:33.879 [INFO] PORTX -   WRAP: grex
2025-09-27 06:38:33.881 [DEBUG] PORTX - Processing tool: grex, path: grex.exe
2025-09-27 06:38:33.882 [DEBUG] PORTX - About to create bash wrapper with: PackageName=grex, ToolName=grex, ExecutablePath=grex.exe, DefaultArgs=''
2025-09-27 06:38:33.883 [DEBUG] PORTX - New-UniversalBashWrapper called with PackageName='grex', ToolName='grex'
2025-09-27 06:38:33.885 [DEBUG] SANITIZE - Sanitizing file: C:\App\PORTX\wrappers\posix\grex
2025-09-27 06:38:33.887 [DEBUG] SANITIZE - File sanitized: C:\App\PORTX\wrappers\posix\grex
2025-09-27 06:38:33.888 [DEBUG] PORTX - Created universal bash wrapper: C:\App\PORTX\wrappers\posix\grex
2025-09-27 06:38:33.889 [DEBUG] PORTX - New-UniversalCmdWrapper called with PackageName='grex', ToolName='grex'
2025-09-27 06:38:33.892 [DEBUG] PORTX - Created universal CMD wrapper: C:\App\PORTX\wrappers\windows\grex.cmd
2025-09-27 06:38:33.894 [DEBUG] PORTX - About to create Go wrapper with: PackageName=grex, ToolName=grex, ExecutablePath=grex.exe, DefaultArgs=''
2025-09-27 06:38:33.895 [INFO] PORTX -   Created 1 wrappers for grex
2025-09-27 06:38:33.896 [DEBUG] VALIDATION - Starting wrapper validation for package: grex
2025-09-27 06:38:33.898 [DEBUG] VALIDATION -   Wrapper validation passed for grex
2025-09-27 06:38:33.899 [INFO] PORTX - Processing: gron
2025-09-27 06:38:33.901 [DEBUG] PORTX - Validating package: gron
2025-09-27 06:38:33.904 [DEBUG] PORTX - Package gron validation passed
2025-09-27 06:38:33.906 [INFO] PORTX -   Import type: wrap
2025-09-27 06:38:33.908 [INFO] PORTX -   WRAP: gron
2025-09-27 06:38:33.909 [DEBUG] PORTX - Processing tool: gron, path: gron.exe
2025-09-27 06:38:33.910 [DEBUG] PORTX - About to create bash wrapper with: PackageName=gron, ToolName=gron, ExecutablePath=gron.exe, DefaultArgs=''
2025-09-27 06:38:33.911 [DEBUG] PORTX - New-UniversalBashWrapper called with PackageName='gron', ToolName='gron'
2025-09-27 06:38:33.913 [DEBUG] SANITIZE - Sanitizing file: C:\App\PORTX\wrappers\posix\gron
2025-09-27 06:38:33.915 [DEBUG] SANITIZE - File sanitized: C:\App\PORTX\wrappers\posix\gron
2025-09-27 06:38:33.916 [DEBUG] PORTX - Created universal bash wrapper: C:\App\PORTX\wrappers\posix\gron
2025-09-27 06:38:33.918 [DEBUG] PORTX - New-UniversalCmdWrapper called with PackageName='gron', ToolName='gron'
2025-09-27 06:38:33.921 [DEBUG] PORTX - Created universal CMD wrapper: C:\App\PORTX\wrappers\windows\gron.cmd
2025-09-27 06:38:33.922 [DEBUG] PORTX - About to create Go wrapper with: PackageName=gron, ToolName=gron, ExecutablePath=gron.exe, DefaultArgs=''
2025-09-27 06:38:33.923 [INFO] PORTX -   Created 1 wrappers for gron
2025-09-27 06:38:33.925 [DEBUG] VALIDATION - Starting wrapper validation for package: gron
2025-09-27 06:38:33.926 [DEBUG] VALIDATION -   Wrapper validation passed for gron
2025-09-27 06:38:33.928 [INFO] PORTX - Processing: grype
2025-09-27 06:38:33.930 [DEBUG] PORTX - Validating package: grype
2025-09-27 06:38:33.933 [DEBUG] PORTX - Package grype validation passed
2025-09-27 06:38:33.935 [INFO] PORTX -   Import type: wrap
2025-09-27 06:38:33.936 [INFO] PORTX -   WRAP: grype
2025-09-27 06:38:33.937 [DEBUG] PORTX - Processing tool: grype, path: grype.exe
2025-09-27 06:38:33.939 [DEBUG] PORTX - About to create bash wrapper with: PackageName=grype, ToolName=grype, ExecutablePath=grype.exe, DefaultArgs=''
2025-09-27 06:38:33.940 [DEBUG] PORTX - New-UniversalBashWrapper called with PackageName='grype', ToolName='grype'
2025-09-27 06:38:33.942 [DEBUG] SANITIZE - Sanitizing file: C:\App\PORTX\wrappers\posix\grype
2025-09-27 06:38:33.944 [DEBUG] SANITIZE - File sanitized: C:\App\PORTX\wrappers\posix\grype
2025-09-27 06:38:33.945 [DEBUG] PORTX - Created universal bash wrapper: C:\App\PORTX\wrappers\posix\grype
2025-09-27 06:38:33.946 [DEBUG] PORTX - New-UniversalCmdWrapper called with PackageName='grype', ToolName='grype'
2025-09-27 06:38:33.950 [DEBUG] PORTX - Created universal CMD wrapper: C:\App\PORTX\wrappers\windows\grype.cmd
2025-09-27 06:38:33.951 [DEBUG] PORTX - About to create Go wrapper with: PackageName=grype, ToolName=grype, ExecutablePath=grype.exe, DefaultArgs=''
2025-09-27 06:38:33.952 [INFO] PORTX -   Created 1 wrappers for grype
2025-09-27 06:38:33.954 [DEBUG] VALIDATION - Starting wrapper validation for package: grype
2025-09-27 06:38:33.955 [DEBUG] VALIDATION -   Wrapper validation passed for grype
2025-09-27 06:38:33.957 [INFO] PORTX - Processing: hadolint
2025-09-27 06:38:33.958 [DEBUG] PORTX - Validating package: hadolint
2025-09-27 06:38:33.962 [DEBUG] PORTX - Package hadolint validation passed
2025-09-27 06:38:33.964 [INFO] PORTX -   Import type: wrap
2025-09-27 06:38:33.965 [INFO] PORTX -   WRAP: hadolint
2025-09-27 06:38:33.967 [DEBUG] PORTX - Processing tool: hadolint, path: hadolint.exe
2025-09-27 06:38:33.968 [DEBUG] PORTX - About to create bash wrapper with: PackageName=hadolint, ToolName=hadolint, ExecutablePath=hadolint.exe, DefaultArgs=''
2025-09-27 06:38:33.969 [DEBUG] PORTX - New-UniversalBashWrapper called with PackageName='hadolint', ToolName='hadolint'
2025-09-27 06:38:33.971 [DEBUG] SANITIZE - Sanitizing file: C:\App\PORTX\wrappers\posix\hadolint
2025-09-27 06:38:33.973 [DEBUG] SANITIZE - File sanitized: C:\App\PORTX\wrappers\posix\hadolint
2025-09-27 06:38:33.974 [DEBUG] PORTX - Created universal bash wrapper: C:\App\PORTX\wrappers\posix\hadolint
2025-09-27 06:38:33.975 [DEBUG] PORTX - New-UniversalCmdWrapper called with PackageName='hadolint', ToolName='hadolint'
2025-09-27 06:38:33.978 [DEBUG] PORTX - Created universal CMD wrapper: C:\App\PORTX\wrappers\windows\hadolint.cmd
2025-09-27 06:38:33.979 [DEBUG] PORTX - About to create Go wrapper with: PackageName=hadolint, ToolName=hadolint, ExecutablePath=hadolint.exe, DefaultArgs=''
2025-09-27 06:38:33.980 [INFO] PORTX -   Created 1 wrappers for hadolint
2025-09-27 06:38:33.982 [DEBUG] VALIDATION - Starting wrapper validation for package: hadolint
2025-09-27 06:38:33.984 [DEBUG] VALIDATION -   Wrapper validation passed for hadolint
2025-09-27 06:38:33.985 [INFO] PORTX - Processing: hashdeep
2025-09-27 06:38:33.987 [DEBUG] PORTX - Validating package: hashdeep
2025-09-27 06:38:33.993 [DEBUG] PORTX - Package hashdeep validation passed
2025-09-27 06:38:33.995 [INFO] PORTX -   Import type: wrap
2025-09-27 06:38:33.996 [INFO] PORTX -   WRAP: hashdeep
2025-09-27 06:38:33.998 [DEBUG] PORTX - Processing tool: hashdeep, path: hashdeep.exe
2025-09-27 06:38:33.999 [DEBUG] PORTX - About to create bash wrapper with: PackageName=hashdeep, ToolName=hashdeep, ExecutablePath=hashdeep.exe, DefaultArgs=''
2025-09-27 06:38:34.000 [DEBUG] PORTX - New-UniversalBashWrapper called with PackageName='hashdeep', ToolName='hashdeep'
2025-09-27 06:38:34.002 [DEBUG] SANITIZE - Sanitizing file: C:\App\PORTX\wrappers\posix\hashdeep
2025-09-27 06:38:34.004 [DEBUG] SANITIZE - File sanitized: C:\App\PORTX\wrappers\posix\hashdeep
2025-09-27 06:38:34.005 [DEBUG] PORTX - Created universal bash wrapper: C:\App\PORTX\wrappers\posix\hashdeep
2025-09-27 06:38:34.006 [DEBUG] PORTX - New-UniversalCmdWrapper called with PackageName='hashdeep', ToolName='hashdeep'
2025-09-27 06:38:34.009 [DEBUG] PORTX - Created universal CMD wrapper: C:\App\PORTX\wrappers\windows\hashdeep.cmd
2025-09-27 06:38:34.010 [DEBUG] PORTX - About to create Go wrapper with: PackageName=hashdeep, ToolName=hashdeep, ExecutablePath=hashdeep.exe, DefaultArgs=''
2025-09-27 06:38:34.011 [DEBUG] PORTX - Processing tool: md5deep, path: md5deep.exe
2025-09-27 06:38:34.013 [DEBUG] PORTX - About to create bash wrapper with: PackageName=hashdeep, ToolName=md5deep, ExecutablePath=md5deep.exe, DefaultArgs=''
2025-09-27 06:38:34.014 [DEBUG] PORTX - New-UniversalBashWrapper called with PackageName='hashdeep', ToolName='md5deep'
2025-09-27 06:38:34.016 [DEBUG] SANITIZE - Sanitizing file: C:\App\PORTX\wrappers\posix\md5deep
2025-09-27 06:38:34.018 [DEBUG] SANITIZE - File sanitized: C:\App\PORTX\wrappers\posix\md5deep
2025-09-27 06:38:34.019 [DEBUG] PORTX - Created universal bash wrapper: C:\App\PORTX\wrappers\posix\md5deep
2025-09-27 06:38:34.020 [DEBUG] PORTX - New-UniversalCmdWrapper called with PackageName='hashdeep', ToolName='md5deep'
2025-09-27 06:38:34.023 [DEBUG] PORTX - Created universal CMD wrapper: C:\App\PORTX\wrappers\windows\md5deep.cmd
2025-09-27 06:38:34.024 [DEBUG] PORTX - About to create Go wrapper with: PackageName=hashdeep, ToolName=md5deep, ExecutablePath=md5deep.exe, DefaultArgs=''
2025-09-27 06:38:34.025 [DEBUG] PORTX - Processing tool: sha256deep, path: sha256deep.exe
2025-09-27 06:38:34.026 [DEBUG] PORTX - About to create bash wrapper with: PackageName=hashdeep, ToolName=sha256deep, ExecutablePath=sha256deep.exe, DefaultArgs=''
2025-09-27 06:38:34.027 [DEBUG] PORTX - New-UniversalBashWrapper called with PackageName='hashdeep', ToolName='sha256deep'
2025-09-27 06:38:34.029 [DEBUG] SANITIZE - Sanitizing file: C:\App\PORTX\wrappers\posix\sha256deep
2025-09-27 06:38:34.032 [DEBUG] SANITIZE - File sanitized: C:\App\PORTX\wrappers\posix\sha256deep
2025-09-27 06:38:34.033 [DEBUG] PORTX - Created universal bash wrapper: C:\App\PORTX\wrappers\posix\sha256deep
2025-09-27 06:38:34.034 [DEBUG] PORTX - New-UniversalCmdWrapper called with PackageName='hashdeep', ToolName='sha256deep'
2025-09-27 06:38:34.037 [DEBUG] PORTX - Created universal CMD wrapper: C:\App\PORTX\wrappers\windows\sha256deep.cmd
2025-09-27 06:38:34.038 [DEBUG] PORTX - About to create Go wrapper with: PackageName=hashdeep, ToolName=sha256deep, ExecutablePath=sha256deep.exe, DefaultArgs=''
2025-09-27 06:38:34.039 [INFO] PORTX -   Created 3 wrappers for hashdeep
2025-09-27 06:38:34.041 [DEBUG] VALIDATION - Starting wrapper validation for package: hashdeep
2025-09-27 06:38:34.042 [DEBUG] VALIDATION -   Wrapper validation passed for hashdeep
2025-09-27 06:38:34.043 [INFO] PORTX - Processing: hck
2025-09-27 06:38:34.045 [DEBUG] PORTX - Validating package: hck
2025-09-27 06:38:34.049 [DEBUG] PORTX - Package hck validation passed
2025-09-27 06:38:34.051 [INFO] PORTX -   Import type: wrap
2025-09-27 06:38:34.052 [INFO] PORTX -   WRAP: hck
2025-09-27 06:38:34.053 [DEBUG] PORTX - Processing tool: hck, path: hck.exe
2025-09-27 06:38:34.055 [DEBUG] PORTX - About to create bash wrapper with: PackageName=hck, ToolName=hck, ExecutablePath=hck.exe, DefaultArgs=''
2025-09-27 06:38:34.057 [DEBUG] PORTX - New-UniversalBashWrapper called with PackageName='hck', ToolName='hck'
2025-09-27 06:38:34.059 [DEBUG] SANITIZE - Sanitizing file: C:\App\PORTX\wrappers\posix\hck
2025-09-27 06:38:34.061 [DEBUG] SANITIZE - File sanitized: C:\App\PORTX\wrappers\posix\hck
2025-09-27 06:38:34.062 [DEBUG] PORTX - Created universal bash wrapper: C:\App\PORTX\wrappers\posix\hck
2025-09-27 06:38:34.063 [DEBUG] PORTX - New-UniversalCmdWrapper called with PackageName='hck', ToolName='hck'
2025-09-27 06:38:34.066 [DEBUG] PORTX - Created universal CMD wrapper: C:\App\PORTX\wrappers\windows\hck.cmd
2025-09-27 06:38:34.067 [DEBUG] PORTX - About to create Go wrapper with: PackageName=hck, ToolName=hck, ExecutablePath=hck.exe, DefaultArgs=''
2025-09-27 06:38:34.068 [INFO] PORTX -   Created 1 wrappers for hck
2025-09-27 06:38:34.070 [DEBUG] VALIDATION - Starting wrapper validation for package: hck
2025-09-27 06:38:34.071 [DEBUG] VALIDATION -   Wrapper validation passed for hck
2025-09-27 06:38:34.073 [INFO] PORTX - Processing: helix
2025-09-27 06:38:34.075 [DEBUG] PORTX - Validating package: helix
2025-09-27 06:38:34.078 [DEBUG] PORTX - Package helix validation passed
2025-09-27 06:38:34.080 [INFO] PORTX -   Import type: wrap
2025-09-27 06:38:34.081 [INFO] PORTX -   WRAP: helix
2025-09-27 06:38:34.083 [DEBUG] PORTX - Processing tool: hx, path: hx.exe
2025-09-27 06:38:34.084 [DEBUG] PORTX - About to create bash wrapper with: PackageName=helix, ToolName=hx, ExecutablePath=hx.exe, DefaultArgs=''
2025-09-27 06:38:34.085 [DEBUG] PORTX - New-UniversalBashWrapper called with PackageName='helix', ToolName='hx'
2025-09-27 06:38:34.087 [DEBUG] SANITIZE - Sanitizing file: C:\App\PORTX\wrappers\posix\hx
2025-09-27 06:38:34.089 [DEBUG] SANITIZE - File sanitized: C:\App\PORTX\wrappers\posix\hx
2025-09-27 06:38:34.090 [DEBUG] PORTX - Created universal bash wrapper: C:\App\PORTX\wrappers\posix\hx
2025-09-27 06:38:34.091 [DEBUG] PORTX - New-UniversalCmdWrapper called with PackageName='helix', ToolName='hx'
2025-09-27 06:38:34.094 [DEBUG] PORTX - Created universal CMD wrapper: C:\App\PORTX\wrappers\windows\hx.cmd
2025-09-27 06:38:34.095 [DEBUG] PORTX - About to create Go wrapper with: PackageName=helix, ToolName=hx, ExecutablePath=hx.exe, DefaultArgs=''
2025-09-27 06:38:34.096 [INFO] PORTX -   Created 1 wrappers for helix
2025-09-27 06:38:34.098 [DEBUG] VALIDATION - Starting wrapper validation for package: helix
2025-09-27 06:38:34.099 [DEBUG] VALIDATION -   Wrapper validation passed for helix
2025-09-27 06:38:34.101 [INFO] PORTX - Processing: helm
2025-09-27 06:38:34.102 [DEBUG] PORTX - Validating package: helm
2025-09-27 06:38:34.106 [DEBUG] PORTX - Package helm validation passed
2025-09-27 06:38:34.108 [INFO] PORTX -   Import type: wrap
2025-09-27 06:38:34.109 [INFO] PORTX -   WRAP: helm
2025-09-27 06:38:34.110 [DEBUG] PORTX - Processing tool: helm, path: helm.exe
2025-09-27 06:38:34.111 [DEBUG] PORTX - About to create bash wrapper with: PackageName=helm, ToolName=helm, ExecutablePath=helm.exe, DefaultArgs=''
2025-09-27 06:38:34.113 [DEBUG] PORTX - New-UniversalBashWrapper called with PackageName='helm', ToolName='helm'
2025-09-27 06:38:34.115 [DEBUG] SANITIZE - Sanitizing file: C:\App\PORTX\wrappers\posix\helm
2025-09-27 06:38:34.117 [DEBUG] SANITIZE - File sanitized: C:\App\PORTX\wrappers\posix\helm
2025-09-27 06:38:34.118 [DEBUG] PORTX - Created universal bash wrapper: C:\App\PORTX\wrappers\posix\helm
2025-09-27 06:38:34.119 [DEBUG] PORTX - New-UniversalCmdWrapper called with PackageName='helm', ToolName='helm'
2025-09-27 06:38:34.122 [DEBUG] PORTX - Created universal CMD wrapper: C:\App\PORTX\wrappers\windows\helm.cmd
2025-09-27 06:38:34.123 [DEBUG] PORTX - About to create Go wrapper with: PackageName=helm, ToolName=helm, ExecutablePath=helm.exe, DefaultArgs=''
2025-09-27 06:38:34.124 [INFO] PORTX -   Created 1 wrappers for helm
2025-09-27 06:38:34.125 [DEBUG] VALIDATION - Starting wrapper validation for package: helm
2025-09-27 06:38:34.127 [DEBUG] VALIDATION -   Wrapper validation passed for helm
2025-09-27 06:38:34.128 [INFO] PORTX - Processing: helmfile
2025-09-27 06:38:34.130 [DEBUG] PORTX - Validating package: helmfile
2025-09-27 06:38:34.133 [DEBUG] PORTX - Package helmfile validation passed
2025-09-27 06:38:34.135 [INFO] PORTX -   Import type: wrap
2025-09-27 06:38:34.136 [INFO] PORTX -   WRAP: helmfile
2025-09-27 06:38:34.137 [DEBUG] PORTX - Processing tool: helmfile, path: helmfile.exe
2025-09-27 06:38:34.139 [DEBUG] PORTX - About to create bash wrapper with: PackageName=helmfile, ToolName=helmfile, ExecutablePath=helmfile.exe, DefaultArgs=''
2025-09-27 06:38:34.140 [DEBUG] PORTX - New-UniversalBashWrapper called with PackageName='helmfile', ToolName='helmfile'
2025-09-27 06:38:34.142 [DEBUG] SANITIZE - Sanitizing file: C:\App\PORTX\wrappers\posix\helmfile
2025-09-27 06:38:34.144 [DEBUG] SANITIZE - File sanitized: C:\App\PORTX\wrappers\posix\helmfile
2025-09-27 06:38:34.145 [DEBUG] PORTX - Created universal bash wrapper: C:\App\PORTX\wrappers\posix\helmfile
2025-09-27 06:38:34.146 [DEBUG] PORTX - New-UniversalCmdWrapper called with PackageName='helmfile', ToolName='helmfile'
2025-09-27 06:38:34.149 [DEBUG] PORTX - Created universal CMD wrapper: C:\App\PORTX\wrappers\windows\helmfile.cmd
2025-09-27 06:38:34.150 [DEBUG] PORTX - About to create Go wrapper with: PackageName=helmfile, ToolName=helmfile, ExecutablePath=helmfile.exe, DefaultArgs=''
2025-09-27 06:38:34.152 [INFO] PORTX -   Created 1 wrappers for helmfile
2025-09-27 06:38:34.153 [DEBUG] VALIDATION - Starting wrapper validation for package: helmfile
2025-09-27 06:38:34.154 [DEBUG] VALIDATION -   Wrapper validation passed for helmfile
2025-09-27 06:38:34.156 [INFO] PORTX - Processing: hexyl
2025-09-27 06:38:34.157 [DEBUG] PORTX - Validating package: hexyl
2025-09-27 06:38:34.162 [DEBUG] PORTX - Package hexyl validation passed
2025-09-27 06:38:34.164 [INFO] PORTX -   Import type: wrap
2025-09-27 06:38:34.165 [INFO] PORTX -   WRAP: hexyl
2025-09-27 06:38:34.166 [DEBUG] PORTX - Processing tool: hexyl, path: hexyl.exe
2025-09-27 06:38:34.167 [DEBUG] PORTX - About to create bash wrapper with: PackageName=hexyl, ToolName=hexyl, ExecutablePath=hexyl.exe, DefaultArgs=''
2025-09-27 06:38:34.168 [DEBUG] PORTX - New-UniversalBashWrapper called with PackageName='hexyl', ToolName='hexyl'
2025-09-27 06:38:34.171 [DEBUG] SANITIZE - Sanitizing file: C:\App\PORTX\wrappers\posix\hexyl
2025-09-27 06:38:34.173 [DEBUG] SANITIZE - File sanitized: C:\App\PORTX\wrappers\posix\hexyl
2025-09-27 06:38:34.174 [DEBUG] PORTX - Created universal bash wrapper: C:\App\PORTX\wrappers\posix\hexyl
2025-09-27 06:38:34.175 [DEBUG] PORTX - New-UniversalCmdWrapper called with PackageName='hexyl', ToolName='hexyl'
2025-09-27 06:38:34.178 [DEBUG] PORTX - Created universal CMD wrapper: C:\App\PORTX\wrappers\windows\hexyl.cmd
2025-09-27 06:38:34.179 [DEBUG] PORTX - About to create Go wrapper with: PackageName=hexyl, ToolName=hexyl, ExecutablePath=hexyl.exe, DefaultArgs=''
2025-09-27 06:38:34.180 [INFO] PORTX -   Created 1 wrappers for hexyl
2025-09-27 06:38:34.181 [DEBUG] VALIDATION - Starting wrapper validation for package: hexyl
2025-09-27 06:38:34.183 [DEBUG] VALIDATION -   Wrapper validation passed for hexyl
2025-09-27 06:38:34.184 [INFO] PORTX - Processing: htmlq
2025-09-27 06:38:34.186 [DEBUG] PORTX - Validating package: htmlq
2025-09-27 06:38:34.189 [DEBUG] PORTX - Package htmlq validation passed
2025-09-27 06:38:34.192 [INFO] PORTX -   Import type: wrap
2025-09-27 06:38:34.193 [INFO] PORTX -   WRAP: htmlq
2025-09-27 06:38:34.194 [DEBUG] PORTX - Processing tool: htmlq, path: htmlq.exe
2025-09-27 06:38:34.195 [DEBUG] PORTX - About to create bash wrapper with: PackageName=htmlq, ToolName=htmlq, ExecutablePath=htmlq.exe, DefaultArgs=''
2025-09-27 06:38:34.197 [DEBUG] PORTX - New-UniversalBashWrapper called with PackageName='htmlq', ToolName='htmlq'
2025-09-27 06:38:34.199 [DEBUG] SANITIZE - Sanitizing file: C:\App\PORTX\wrappers\posix\htmlq
2025-09-27 06:38:34.201 [DEBUG] SANITIZE - File sanitized: C:\App\PORTX\wrappers\posix\htmlq
2025-09-27 06:38:34.202 [DEBUG] PORTX - Created universal bash wrapper: C:\App\PORTX\wrappers\posix\htmlq
2025-09-27 06:38:34.203 [DEBUG] PORTX - New-UniversalCmdWrapper called with PackageName='htmlq', ToolName='htmlq'
2025-09-27 06:38:34.206 [DEBUG] PORTX - Created universal CMD wrapper: C:\App\PORTX\wrappers\windows\htmlq.cmd
2025-09-27 06:38:34.207 [DEBUG] PORTX - About to create Go wrapper with: PackageName=htmlq, ToolName=htmlq, ExecutablePath=htmlq.exe, DefaultArgs=''
2025-09-27 06:38:34.208 [INFO] PORTX -   Created 1 wrappers for htmlq
2025-09-27 06:38:34.210 [DEBUG] VALIDATION - Starting wrapper validation for package: htmlq
2025-09-27 06:38:34.211 [DEBUG] VALIDATION -   Wrapper validation passed for htmlq
2025-09-27 06:38:34.212 [INFO] PORTX - Processing: httpx
2025-09-27 06:38:34.214 [DEBUG] PORTX - Validating package: httpx
2025-09-27 06:38:34.217 [DEBUG] PORTX - Package httpx validation passed
2025-09-27 06:38:34.220 [INFO] PORTX -   Import type: wrap
2025-09-27 06:38:34.221 [INFO] PORTX -   WRAP: httpx
2025-09-27 06:38:34.222 [DEBUG] PORTX - Processing tool: httpx, path: httpx.exe
2025-09-27 06:38:34.223 [DEBUG] PORTX - About to create bash wrapper with: PackageName=httpx, ToolName=httpx, ExecutablePath=httpx.exe, DefaultArgs=''
2025-09-27 06:38:34.224 [DEBUG] PORTX - New-UniversalBashWrapper called with PackageName='httpx', ToolName='httpx'
2025-09-27 06:38:34.226 [DEBUG] SANITIZE - Sanitizing file: C:\App\PORTX\wrappers\posix\httpx
2025-09-27 06:38:34.228 [DEBUG] SANITIZE - File sanitized: C:\App\PORTX\wrappers\posix\httpx
2025-09-27 06:38:34.229 [DEBUG] PORTX - Created universal bash wrapper: C:\App\PORTX\wrappers\posix\httpx
2025-09-27 06:38:34.231 [DEBUG] PORTX - New-UniversalCmdWrapper called with PackageName='httpx', ToolName='httpx'
2025-09-27 06:38:34.234 [DEBUG] PORTX - Created universal CMD wrapper: C:\App\PORTX\wrappers\windows\httpx.cmd
2025-09-27 06:38:34.235 [DEBUG] PORTX - About to create Go wrapper with: PackageName=httpx, ToolName=httpx, ExecutablePath=httpx.exe, DefaultArgs=''
2025-09-27 06:38:34.236 [INFO] PORTX -   Created 1 wrappers for httpx
2025-09-27 06:38:34.238 [DEBUG] VALIDATION - Starting wrapper validation for package: httpx
2025-09-27 06:38:34.239 [DEBUG] VALIDATION -   Wrapper validation passed for httpx
2025-09-27 06:38:34.241 [INFO] PORTX - Processing: hwinfo
2025-09-27 06:38:34.242 [DEBUG] PORTX - Validating package: hwinfo
2025-09-27 06:38:34.246 [DEBUG] PORTX - Package hwinfo validation passed
2025-09-27 06:38:34.248 [INFO] PORTX -   Import type: wrap
2025-09-27 06:38:34.249 [INFO] PORTX -   WRAP: hwinfo
2025-09-27 06:38:34.251 [DEBUG] PORTX - Processing tool: hwinfo64, path: HWiNFO64.exe
2025-09-27 06:38:34.252 [DEBUG] PORTX - About to create bash wrapper with: PackageName=hwinfo, ToolName=hwinfo64, ExecutablePath=HWiNFO64.exe, DefaultArgs=''
2025-09-27 06:38:34.253 [DEBUG] PORTX - New-UniversalBashWrapper called with PackageName='hwinfo', ToolName='hwinfo64'
2025-09-27 06:38:34.255 [DEBUG] SANITIZE - Sanitizing file: C:\App\PORTX\wrappers\posix\hwinfo64
2025-09-27 06:38:34.257 [DEBUG] SANITIZE - File sanitized: C:\App\PORTX\wrappers\posix\hwinfo64
2025-09-27 06:38:34.258 [DEBUG] PORTX - Created universal bash wrapper: C:\App\PORTX\wrappers\posix\hwinfo64
2025-09-27 06:38:34.260 [DEBUG] PORTX - New-UniversalCmdWrapper called with PackageName='hwinfo', ToolName='hwinfo64'
2025-09-27 06:38:34.262 [DEBUG] PORTX - Created universal CMD wrapper: C:\App\PORTX\wrappers\windows\hwinfo64.cmd
2025-09-27 06:38:34.264 [DEBUG] PORTX - About to create Go wrapper with: PackageName=hwinfo, ToolName=hwinfo64, ExecutablePath=HWiNFO64.exe, DefaultArgs=''
2025-09-27 06:38:34.265 [INFO] PORTX -   Created 1 wrappers for hwinfo
2025-09-27 06:38:34.267 [DEBUG] VALIDATION - Starting wrapper validation for package: hwinfo
2025-09-27 06:38:34.269 [DEBUG] VALIDATION -   Wrapper validation passed for hwinfo
2025-09-27 06:38:34.270 [INFO] PORTX - Processing: hyperfine
2025-09-27 06:38:34.272 [DEBUG] PORTX - Validating package: hyperfine
2025-09-27 06:38:34.275 [DEBUG] PORTX - Package hyperfine validation passed
2025-09-27 06:38:34.277 [INFO] PORTX -   Import type: wrap
2025-09-27 06:38:34.278 [INFO] PORTX -   WRAP: hyperfine
2025-09-27 06:38:34.280 [DEBUG] PORTX - Processing tool: hyperfine, path: hyperfine.exe
2025-09-27 06:38:34.281 [DEBUG] PORTX - About to create bash wrapper with: PackageName=hyperfine, ToolName=hyperfine, ExecutablePath=hyperfine.exe, DefaultArgs=''
2025-09-27 06:38:34.283 [DEBUG] PORTX - New-UniversalBashWrapper called with PackageName='hyperfine', ToolName='hyperfine'
2025-09-27 06:38:34.284 [DEBUG] SANITIZE - Sanitizing file: C:\App\PORTX\wrappers\posix\hyperfine
2025-09-27 06:38:34.286 [DEBUG] SANITIZE - File sanitized: C:\App\PORTX\wrappers\posix\hyperfine
2025-09-27 06:38:34.288 [DEBUG] PORTX - Created universal bash wrapper: C:\App\PORTX\wrappers\posix\hyperfine
2025-09-27 06:38:34.289 [DEBUG] PORTX - New-UniversalCmdWrapper called with PackageName='hyperfine', ToolName='hyperfine'
2025-09-27 06:38:34.292 [DEBUG] PORTX - Created universal CMD wrapper: C:\App\PORTX\wrappers\windows\hyperfine.cmd
2025-09-27 06:38:34.293 [DEBUG] PORTX - About to create Go wrapper with: PackageName=hyperfine, ToolName=hyperfine, ExecutablePath=hyperfine.exe, DefaultArgs=''
2025-09-27 06:38:34.294 [INFO] PORTX -   Created 1 wrappers for hyperfine
2025-09-27 06:38:34.296 [DEBUG] VALIDATION - Starting wrapper validation for package: hyperfine
2025-09-27 06:38:34.297 [DEBUG] VALIDATION -   Wrapper validation passed for hyperfine
2025-09-27 06:38:34.298 [INFO] PORTX - Processing: jaq
2025-09-27 06:38:34.300 [DEBUG] PORTX - Validating package: jaq
2025-09-27 06:38:34.304 [DEBUG] PORTX - Package jaq validation passed
2025-09-27 06:38:34.306 [INFO] PORTX -   Import type: wrap
2025-09-27 06:38:34.307 [INFO] PORTX -   WRAP: jaq
2025-09-27 06:38:34.308 [DEBUG] PORTX - Processing tool: jaq, path: jaq.exe
2025-09-27 06:38:34.310 [DEBUG] PORTX - About to create bash wrapper with: PackageName=jaq, ToolName=jaq, ExecutablePath=jaq.exe, DefaultArgs=''
2025-09-27 06:38:34.311 [DEBUG] PORTX - New-UniversalBashWrapper called with PackageName='jaq', ToolName='jaq'
2025-09-27 06:38:34.313 [DEBUG] SANITIZE - Sanitizing file: C:\App\PORTX\wrappers\posix\jaq
2025-09-27 06:38:34.315 [DEBUG] SANITIZE - File sanitized: C:\App\PORTX\wrappers\posix\jaq
2025-09-27 06:38:34.316 [DEBUG] PORTX - Created universal bash wrapper: C:\App\PORTX\wrappers\posix\jaq
2025-09-27 06:38:34.317 [DEBUG] PORTX - New-UniversalCmdWrapper called with PackageName='jaq', ToolName='jaq'
2025-09-27 06:38:34.320 [DEBUG] PORTX - Created universal CMD wrapper: C:\App\PORTX\wrappers\windows\jaq.cmd
2025-09-27 06:38:34.321 [DEBUG] PORTX - About to create Go wrapper with: PackageName=jaq, ToolName=jaq, ExecutablePath=jaq.exe, DefaultArgs=''
2025-09-27 06:38:34.323 [INFO] PORTX -   Created 1 wrappers for jaq
2025-09-27 06:38:34.324 [DEBUG] VALIDATION - Starting wrapper validation for package: jaq
2025-09-27 06:38:34.326 [DEBUG] VALIDATION -   Wrapper validation passed for jaq
2025-09-27 06:38:34.327 [INFO] PORTX - Processing: java
2025-09-27 06:38:34.328 [DEBUG] PORTX - Validating package: java
2025-09-27 06:38:34.339 [DEBUG] PORTX - Package java validation passed
2025-09-27 06:38:34.341 [INFO] PORTX -   Import type: wrap
2025-09-27 06:38:34.342 [INFO] PORTX -   WRAP: java
2025-09-27 06:38:34.343 [DEBUG] PORTX - Processing tool: java, path: bin/java.exe
2025-09-27 06:38:34.345 [DEBUG] PORTX - About to create bash wrapper with: PackageName=java, ToolName=java, ExecutablePath=bin/java.exe, DefaultArgs=''
2025-09-27 06:38:34.346 [DEBUG] PORTX - New-UniversalBashWrapper called with PackageName='java', ToolName='java'
2025-09-27 06:38:34.347 [DEBUG] SANITIZE - Sanitizing file: C:\App\PORTX\wrappers\posix\java
2025-09-27 06:38:34.349 [DEBUG] SANITIZE - File sanitized: C:\App\PORTX\wrappers\posix\java
2025-09-27 06:38:34.350 [DEBUG] PORTX - Created universal bash wrapper: C:\App\PORTX\wrappers\posix\java
2025-09-27 06:38:34.352 [DEBUG] PORTX - New-UniversalCmdWrapper called with PackageName='java', ToolName='java'
2025-09-27 06:38:34.354 [DEBUG] PORTX - Created universal CMD wrapper: C:\App\PORTX\wrappers\windows\java.cmd
2025-09-27 06:38:34.355 [DEBUG] PORTX - About to create Go wrapper with: PackageName=java, ToolName=java, ExecutablePath=bin/java.exe, DefaultArgs=''
2025-09-27 06:38:34.357 [DEBUG] PORTX - Processing tool: javaw, path: bin/javaw.exe
2025-09-27 06:38:34.358 [DEBUG] PORTX - About to create bash wrapper with: PackageName=java, ToolName=javaw, ExecutablePath=bin/javaw.exe, DefaultArgs=''
2025-09-27 06:38:34.359 [DEBUG] PORTX - New-UniversalBashWrapper called with PackageName='java', ToolName='javaw'
2025-09-27 06:38:34.361 [DEBUG] SANITIZE - Sanitizing file: C:\App\PORTX\wrappers\posix\javaw
2025-09-27 06:38:34.363 [DEBUG] SANITIZE - File sanitized: C:\App\PORTX\wrappers\posix\javaw
2025-09-27 06:38:34.364 [DEBUG] PORTX - Created universal bash wrapper: C:\App\PORTX\wrappers\posix\javaw
2025-09-27 06:38:34.365 [DEBUG] PORTX - New-UniversalCmdWrapper called with PackageName='java', ToolName='javaw'
2025-09-27 06:38:34.368 [DEBUG] PORTX - Created universal CMD wrapper: C:\App\PORTX\wrappers\windows\javaw.cmd
2025-09-27 06:38:34.369 [DEBUG] PORTX - About to create Go wrapper with: PackageName=java, ToolName=javaw, ExecutablePath=bin/javaw.exe, DefaultArgs=''
2025-09-27 06:38:34.370 [DEBUG] PORTX - Processing tool: javac, path: bin/javac.exe
2025-09-27 06:38:34.371 [DEBUG] PORTX - About to create bash wrapper with: PackageName=java, ToolName=javac, ExecutablePath=bin/javac.exe, DefaultArgs=''
2025-09-27 06:38:34.372 [DEBUG] PORTX - New-UniversalBashWrapper called with PackageName='java', ToolName='javac'
2025-09-27 06:38:34.375 [DEBUG] SANITIZE - Sanitizing file: C:\App\PORTX\wrappers\posix\javac
2025-09-27 06:38:34.377 [DEBUG] SANITIZE - File sanitized: C:\App\PORTX\wrappers\posix\javac
2025-09-27 06:38:34.379 [DEBUG] PORTX - Created universal bash wrapper: C:\App\PORTX\wrappers\posix\javac
2025-09-27 06:38:34.380 [DEBUG] PORTX - New-UniversalCmdWrapper called with PackageName='java', ToolName='javac'
2025-09-27 06:38:34.382 [DEBUG] PORTX - Created universal CMD wrapper: C:\App\PORTX\wrappers\windows\javac.cmd
2025-09-27 06:38:34.384 [DEBUG] PORTX - About to create Go wrapper with: PackageName=java, ToolName=javac, ExecutablePath=bin/javac.exe, DefaultArgs=''
2025-09-27 06:38:34.385 [DEBUG] PORTX - Processing tool: jar, path: bin/jar.exe
2025-09-27 06:38:34.386 [DEBUG] PORTX - About to create bash wrapper with: PackageName=java, ToolName=jar, ExecutablePath=bin/jar.exe, DefaultArgs=''
2025-09-27 06:38:34.387 [DEBUG] PORTX - New-UniversalBashWrapper called with PackageName='java', ToolName='jar'
2025-09-27 06:38:34.389 [DEBUG] SANITIZE - Sanitizing file: C:\App\PORTX\wrappers\posix\jar
2025-09-27 06:38:34.391 [DEBUG] SANITIZE - File sanitized: C:\App\PORTX\wrappers\posix\jar
2025-09-27 06:38:34.392 [DEBUG] PORTX - Created universal bash wrapper: C:\App\PORTX\wrappers\posix\jar
2025-09-27 06:38:34.393 [DEBUG] PORTX - New-UniversalCmdWrapper called with PackageName='java', ToolName='jar'
2025-09-27 06:38:34.396 [DEBUG] PORTX - Created universal CMD wrapper: C:\App\PORTX\wrappers\windows\jar.cmd
2025-09-27 06:38:34.397 [DEBUG] PORTX - About to create Go wrapper with: PackageName=java, ToolName=jar, ExecutablePath=bin/jar.exe, DefaultArgs=''
2025-09-27 06:38:34.398 [DEBUG] PORTX - Processing tool: javadoc, path: bin/javadoc.exe
2025-09-27 06:38:34.400 [DEBUG] PORTX - About to create bash wrapper with: PackageName=java, ToolName=javadoc, ExecutablePath=bin/javadoc.exe, DefaultArgs=''
2025-09-27 06:38:34.401 [DEBUG] PORTX - New-UniversalBashWrapper called with PackageName='java', ToolName='javadoc'
2025-09-27 06:38:34.403 [DEBUG] SANITIZE - Sanitizing file: C:\App\PORTX\wrappers\posix\javadoc
2025-09-27 06:38:34.405 [DEBUG] SANITIZE - File sanitized: C:\App\PORTX\wrappers\posix\javadoc
2025-09-27 06:38:34.406 [DEBUG] PORTX - Created universal bash wrapper: C:\App\PORTX\wrappers\posix\javadoc
2025-09-27 06:38:34.407 [DEBUG] PORTX - New-UniversalCmdWrapper called with PackageName='java', ToolName='javadoc'
2025-09-27 06:38:34.410 [DEBUG] PORTX - Created universal CMD wrapper: C:\App\PORTX\wrappers\windows\javadoc.cmd
2025-09-27 06:38:34.411 [DEBUG] PORTX - About to create Go wrapper with: PackageName=java, ToolName=javadoc, ExecutablePath=bin/javadoc.exe, DefaultArgs=''
2025-09-27 06:38:34.412 [DEBUG] PORTX - Processing tool: jarsigner, path: bin/jarsigner.exe
2025-09-27 06:38:34.414 [DEBUG] PORTX - About to create bash wrapper with: PackageName=java, ToolName=jarsigner, ExecutablePath=bin/jarsigner.exe, DefaultArgs=''
2025-09-27 06:38:34.415 [DEBUG] PORTX - New-UniversalBashWrapper called with PackageName='java', ToolName='jarsigner'
2025-09-27 06:38:34.417 [DEBUG] SANITIZE - Sanitizing file: C:\App\PORTX\wrappers\posix\jarsigner
2025-09-27 06:38:34.418 [DEBUG] SANITIZE - File sanitized: C:\App\PORTX\wrappers\posix\jarsigner
2025-09-27 06:38:34.420 [DEBUG] PORTX - Created universal bash wrapper: C:\App\PORTX\wrappers\posix\jarsigner
2025-09-27 06:38:34.421 [DEBUG] PORTX - New-UniversalCmdWrapper called with PackageName='java', ToolName='jarsigner'
2025-09-27 06:38:34.424 [DEBUG] PORTX - Created universal CMD wrapper: C:\App\PORTX\wrappers\windows\jarsigner.cmd
2025-09-27 06:38:34.425 [DEBUG] PORTX - About to create Go wrapper with: PackageName=java, ToolName=jarsigner, ExecutablePath=bin/jarsigner.exe, DefaultArgs=''
2025-09-27 06:38:34.426 [DEBUG] PORTX - Processing tool: javap, path: bin/javap.exe
2025-09-27 06:38:34.427 [DEBUG] PORTX - About to create bash wrapper with: PackageName=java, ToolName=javap, ExecutablePath=bin/javap.exe, DefaultArgs=''
2025-09-27 06:38:34.428 [DEBUG] PORTX - New-UniversalBashWrapper called with PackageName='java', ToolName='javap'
2025-09-27 06:38:34.430 [DEBUG] SANITIZE - Sanitizing file: C:\App\PORTX\wrappers\posix\javap
2025-09-27 06:38:34.432 [DEBUG] SANITIZE - File sanitized: C:\App\PORTX\wrappers\posix\javap
2025-09-27 06:38:34.433 [DEBUG] PORTX - Created universal bash wrapper: C:\App\PORTX\wrappers\posix\javap
2025-09-27 06:38:34.435 [DEBUG] PORTX - New-UniversalCmdWrapper called with PackageName='java', ToolName='javap'
2025-09-27 06:38:34.437 [DEBUG] PORTX - Created universal CMD wrapper: C:\App\PORTX\wrappers\windows\javap.cmd
2025-09-27 06:38:34.439 [DEBUG] PORTX - About to create Go wrapper with: PackageName=java, ToolName=javap, ExecutablePath=bin/javap.exe, DefaultArgs=''
2025-09-27 06:38:34.440 [INFO] PORTX -   Created 7 wrappers for java
2025-09-27 06:38:34.442 [DEBUG] VALIDATION - Starting wrapper validation for package: java
2025-09-27 06:38:34.443 [DEBUG] VALIDATION -   Wrapper validation passed for java
2025-09-27 06:38:34.444 [INFO] PORTX - Processing: jo
2025-09-27 06:38:34.446 [DEBUG] PORTX - Validating package: jo
2025-09-27 06:38:34.449 [DEBUG] PORTX - Package jo validation passed
2025-09-27 06:38:34.451 [INFO] PORTX -   Import type: wrap
2025-09-27 06:38:34.452 [INFO] PORTX -   WRAP: jo
2025-09-27 06:38:34.454 [DEBUG] PORTX - Processing tool: jo, path: jo.exe
2025-09-27 06:38:34.455 [DEBUG] PORTX - About to create bash wrapper with: PackageName=jo, ToolName=jo, ExecutablePath=jo.exe, DefaultArgs=''
2025-09-27 06:38:34.456 [DEBUG] PORTX - New-UniversalBashWrapper called with PackageName='jo', ToolName='jo'
2025-09-27 06:38:34.458 [DEBUG] SANITIZE - Sanitizing file: C:\App\PORTX\wrappers\posix\jo
2025-09-27 06:38:34.460 [DEBUG] SANITIZE - File sanitized: C:\App\PORTX\wrappers\posix\jo
2025-09-27 06:38:34.462 [DEBUG] PORTX - Created universal bash wrapper: C:\App\PORTX\wrappers\posix\jo
2025-09-27 06:38:34.463 [DEBUG] PORTX - New-UniversalCmdWrapper called with PackageName='jo', ToolName='jo'
2025-09-27 06:38:34.466 [DEBUG] PORTX - Created universal CMD wrapper: C:\App\PORTX\wrappers\windows\jo.cmd
2025-09-27 06:38:34.467 [DEBUG] PORTX - About to create Go wrapper with: PackageName=jo, ToolName=jo, ExecutablePath=jo.exe, DefaultArgs=''
2025-09-27 06:38:34.468 [INFO] PORTX -   Created 1 wrappers for jo
2025-09-27 06:38:34.470 [DEBUG] VALIDATION - Starting wrapper validation for package: jo
2025-09-27 06:38:34.471 [DEBUG] VALIDATION -   Wrapper validation passed for jo
2025-09-27 06:38:34.473 [INFO] PORTX - Processing: jq
2025-09-27 06:38:34.474 [DEBUG] PORTX - Validating package: jq
2025-09-27 06:38:34.478 [DEBUG] PORTX - Package jq validation passed
2025-09-27 06:38:34.481 [INFO] PORTX -   Import type: wrap
2025-09-27 06:38:34.482 [INFO] PORTX -   WRAP: jq
2025-09-27 06:38:34.484 [DEBUG] PORTX - Processing tool: jq, path: jq.exe
2025-09-27 06:38:34.485 [DEBUG] PORTX - About to create bash wrapper with: PackageName=jq, ToolName=jq, ExecutablePath=jq.exe, DefaultArgs=''
2025-09-27 06:38:34.486 [DEBUG] PORTX - New-UniversalBashWrapper called with PackageName='jq', ToolName='jq'
2025-09-27 06:38:34.488 [DEBUG] SANITIZE - Sanitizing file: C:\App\PORTX\wrappers\posix\jq
2025-09-27 06:38:34.490 [DEBUG] SANITIZE - File sanitized: C:\App\PORTX\wrappers\posix\jq
2025-09-27 06:38:34.491 [DEBUG] PORTX - Created universal bash wrapper: C:\App\PORTX\wrappers\posix\jq
2025-09-27 06:38:34.492 [DEBUG] PORTX - New-UniversalCmdWrapper called with PackageName='jq', ToolName='jq'
2025-09-27 06:38:34.495 [DEBUG] PORTX - Created universal CMD wrapper: C:\App\PORTX\wrappers\windows\jq.cmd
2025-09-27 06:38:34.496 [DEBUG] PORTX - About to create Go wrapper with: PackageName=jq, ToolName=jq, ExecutablePath=jq.exe, DefaultArgs=''
2025-09-27 06:38:34.498 [INFO] PORTX -   Created 1 wrappers for jq
2025-09-27 06:38:34.499 [DEBUG] VALIDATION - Starting wrapper validation for package: jq
2025-09-27 06:38:34.500 [DEBUG] VALIDATION -   Wrapper validation passed for jq
2025-09-27 06:38:34.502 [INFO] PORTX - Processing: jql
2025-09-27 06:38:34.503 [DEBUG] PORTX - Validating package: jql
2025-09-27 06:38:34.507 [DEBUG] PORTX - Package jql validation passed
2025-09-27 06:38:34.509 [INFO] PORTX -   Import type: wrap
2025-09-27 06:38:34.510 [INFO] PORTX -   WRAP: jql
2025-09-27 06:38:34.511 [DEBUG] PORTX - Processing tool: jql, path: jql.exe
2025-09-27 06:38:34.513 [DEBUG] PORTX - About to create bash wrapper with: PackageName=jql, ToolName=jql, ExecutablePath=jql.exe, DefaultArgs=''
2025-09-27 06:38:34.514 [DEBUG] PORTX - New-UniversalBashWrapper called with PackageName='jql', ToolName='jql'
2025-09-27 06:38:34.516 [DEBUG] SANITIZE - Sanitizing file: C:\App\PORTX\wrappers\posix\jql
2025-09-27 06:38:34.518 [DEBUG] SANITIZE - File sanitized: C:\App\PORTX\wrappers\posix\jql
2025-09-27 06:38:34.520 [DEBUG] PORTX - Created universal bash wrapper: C:\App\PORTX\wrappers\posix\jql
2025-09-27 06:38:34.521 [DEBUG] PORTX - New-UniversalCmdWrapper called with PackageName='jql', ToolName='jql'
2025-09-27 06:38:34.524 [DEBUG] PORTX - Created universal CMD wrapper: C:\App\PORTX\wrappers\windows\jql.cmd
2025-09-27 06:38:34.525 [DEBUG] PORTX - About to create Go wrapper with: PackageName=jql, ToolName=jql, ExecutablePath=jql.exe, DefaultArgs=''
2025-09-27 06:38:34.526 [INFO] PORTX -   Created 1 wrappers for jql
2025-09-27 06:38:34.527 [DEBUG] VALIDATION - Starting wrapper validation for package: jql
2025-09-27 06:38:34.529 [DEBUG] VALIDATION -   Wrapper validation passed for jql
2025-09-27 06:38:34.530 [INFO] PORTX - Processing: just
2025-09-27 06:38:34.532 [DEBUG] PORTX - Validating package: just
2025-09-27 06:38:34.535 [DEBUG] PORTX - Package just validation passed
2025-09-27 06:38:34.537 [INFO] PORTX -   Import type: wrap
2025-09-27 06:38:34.539 [INFO] PORTX -   WRAP: just
2025-09-27 06:38:34.540 [DEBUG] PORTX - Processing tool: just, path: just.exe
2025-09-27 06:38:34.541 [DEBUG] PORTX - About to create bash wrapper with: PackageName=just, ToolName=just, ExecutablePath=just.exe, DefaultArgs=''
2025-09-27 06:38:34.542 [DEBUG] PORTX - New-UniversalBashWrapper called with PackageName='just', ToolName='just'
2025-09-27 06:38:34.544 [DEBUG] SANITIZE - Sanitizing file: C:\App\PORTX\wrappers\posix\just
2025-09-27 06:38:34.546 [DEBUG] SANITIZE - File sanitized: C:\App\PORTX\wrappers\posix\just
2025-09-27 06:38:34.547 [DEBUG] PORTX - Created universal bash wrapper: C:\App\PORTX\wrappers\posix\just
2025-09-27 06:38:34.548 [DEBUG] PORTX - New-UniversalCmdWrapper called with PackageName='just', ToolName='just'
2025-09-27 06:38:34.551 [DEBUG] PORTX - Created universal CMD wrapper: C:\App\PORTX\wrappers\windows\just.cmd
2025-09-27 06:38:34.552 [DEBUG] PORTX - About to create Go wrapper with: PackageName=just, ToolName=just, ExecutablePath=just.exe, DefaultArgs=''
2025-09-27 06:38:34.554 [INFO] PORTX -   Created 1 wrappers for just
2025-09-27 06:38:34.555 [DEBUG] VALIDATION - Starting wrapper validation for package: just
2025-09-27 06:38:34.556 [DEBUG] VALIDATION -   Wrapper validation passed for just
2025-09-27 06:38:34.558 [INFO] PORTX - Processing: k6
2025-09-27 06:38:34.559 [DEBUG] PORTX - Validating package: k6
2025-09-27 06:38:34.563 [DEBUG] PORTX - Package k6 validation passed
2025-09-27 06:38:34.565 [INFO] PORTX -   Import type: wrap
2025-09-27 06:38:34.566 [INFO] PORTX -   WRAP: k6
2025-09-27 06:38:34.567 [DEBUG] PORTX - Processing tool: k6, path: k6.exe
2025-09-27 06:38:34.568 [DEBUG] PORTX - About to create bash wrapper with: PackageName=k6, ToolName=k6, ExecutablePath=k6.exe, DefaultArgs=''
2025-09-27 06:38:34.570 [DEBUG] PORTX - New-UniversalBashWrapper called with PackageName='k6', ToolName='k6'
2025-09-27 06:38:34.571 [DEBUG] SANITIZE - Sanitizing file: C:\App\PORTX\wrappers\posix\k6
2025-09-27 06:38:34.573 [DEBUG] SANITIZE - File sanitized: C:\App\PORTX\wrappers\posix\k6
2025-09-27 06:38:34.574 [DEBUG] PORTX - Created universal bash wrapper: C:\App\PORTX\wrappers\posix\k6
2025-09-27 06:38:34.576 [DEBUG] PORTX - New-UniversalCmdWrapper called with PackageName='k6', ToolName='k6'
2025-09-27 06:38:34.578 [DEBUG] PORTX - Created universal CMD wrapper: C:\App\PORTX\wrappers\windows\k6.cmd
2025-09-27 06:38:34.580 [DEBUG] PORTX - About to create Go wrapper with: PackageName=k6, ToolName=k6, ExecutablePath=k6.exe, DefaultArgs=''
2025-09-27 06:38:34.581 [INFO] PORTX -   Created 1 wrappers for k6
2025-09-27 06:38:34.582 [DEBUG] VALIDATION - Starting wrapper validation for package: k6
2025-09-27 06:38:34.584 [DEBUG] VALIDATION -   Wrapper validation passed for k6
2025-09-27 06:38:34.586 [INFO] PORTX - Processing: k8
2025-09-27 06:38:34.588 [DEBUG] PORTX - Validating package: k8
2025-09-27 06:38:34.593 [DEBUG] PORTX - Package k8 validation passed
2025-09-27 06:38:34.595 [INFO] PORTX -   Import type: wrap
2025-09-27 06:38:34.597 [INFO] PORTX -   WRAP: k8
2025-09-27 06:38:34.598 [DEBUG] PORTX - Processing tool: kubectl, path: kubectl.exe
2025-09-27 06:38:34.599 [DEBUG] PORTX - About to create bash wrapper with: PackageName=k8, ToolName=kubectl, ExecutablePath=kubectl.exe, DefaultArgs=''
2025-09-27 06:38:34.600 [DEBUG] PORTX - New-UniversalBashWrapper called with PackageName='k8', ToolName='kubectl'
2025-09-27 06:38:34.602 [DEBUG] SANITIZE - Sanitizing file: C:\App\PORTX\wrappers\posix\kubectl
2025-09-27 06:38:34.604 [DEBUG] SANITIZE - File sanitized: C:\App\PORTX\wrappers\posix\kubectl
2025-09-27 06:38:34.605 [DEBUG] PORTX - Created universal bash wrapper: C:\App\PORTX\wrappers\posix\kubectl
2025-09-27 06:38:34.606 [DEBUG] PORTX - New-UniversalCmdWrapper called with PackageName='k8', ToolName='kubectl'
2025-09-27 06:38:34.610 [DEBUG] PORTX - Created universal CMD wrapper: C:\App\PORTX\wrappers\windows\kubectl.cmd
2025-09-27 06:38:34.611 [DEBUG] PORTX - About to create Go wrapper with: PackageName=k8, ToolName=kubectl, ExecutablePath=kubectl.exe, DefaultArgs=''
2025-09-27 06:38:34.612 [DEBUG] PORTX - Processing tool: kustomize, path: kustomize.exe
2025-09-27 06:38:34.613 [DEBUG] PORTX - About to create bash wrapper with: PackageName=k8, ToolName=kustomize, ExecutablePath=kustomize.exe, DefaultArgs=''
2025-09-27 06:38:34.614 [DEBUG] PORTX - New-UniversalBashWrapper called with PackageName='k8', ToolName='kustomize'
2025-09-27 06:38:34.616 [DEBUG] SANITIZE - Sanitizing file: C:\App\PORTX\wrappers\posix\kustomize
2025-09-27 06:38:34.618 [DEBUG] SANITIZE - File sanitized: C:\App\PORTX\wrappers\posix\kustomize
2025-09-27 06:38:34.619 [DEBUG] PORTX - Created universal bash wrapper: C:\App\PORTX\wrappers\posix\kustomize
2025-09-27 06:38:34.621 [DEBUG] PORTX - New-UniversalCmdWrapper called with PackageName='k8', ToolName='kustomize'
2025-09-27 06:38:34.624 [DEBUG] PORTX - Created universal CMD wrapper: C:\App\PORTX\wrappers\windows\kustomize.cmd
2025-09-27 06:38:34.625 [DEBUG] PORTX - About to create Go wrapper with: PackageName=k8, ToolName=kustomize, ExecutablePath=kustomize.exe, DefaultArgs=''
2025-09-27 06:38:34.626 [INFO] PORTX -   Created 2 wrappers for k8
2025-09-27 06:38:34.628 [DEBUG] VALIDATION - Starting wrapper validation for package: k8
2025-09-27 06:38:34.629 [DEBUG] VALIDATION -   Wrapper validation passed for k8
2025-09-27 06:38:34.630 [INFO] PORTX - Processing: k9s
2025-09-27 06:38:34.632 [DEBUG] PORTX - Validating package: k9s
2025-09-27 06:38:34.636 [DEBUG] PORTX - Package k9s validation passed
2025-09-27 06:38:34.638 [INFO] PORTX -   Import type: wrap
2025-09-27 06:38:34.639 [INFO] PORTX -   WRAP: k9s
2025-09-27 06:38:34.640 [DEBUG] PORTX - Processing tool: k9s, path: k9s.exe
2025-09-27 06:38:34.642 [DEBUG] PORTX - About to create bash wrapper with: PackageName=k9s, ToolName=k9s, ExecutablePath=k9s.exe, DefaultArgs=''
2025-09-27 06:38:34.643 [DEBUG] PORTX - New-UniversalBashWrapper called with PackageName='k9s', ToolName='k9s'
2025-09-27 06:38:34.645 [DEBUG] SANITIZE - Sanitizing file: C:\App\PORTX\wrappers\posix\k9s
2025-09-27 06:38:34.647 [DEBUG] SANITIZE - File sanitized: C:\App\PORTX\wrappers\posix\k9s
2025-09-27 06:38:34.648 [DEBUG] PORTX - Created universal bash wrapper: C:\App\PORTX\wrappers\posix\k9s
2025-09-27 06:38:34.649 [DEBUG] PORTX - New-UniversalCmdWrapper called with PackageName='k9s', ToolName='k9s'
2025-09-27 06:38:34.651 [DEBUG] PORTX - Created universal CMD wrapper: C:\App\PORTX\wrappers\windows\k9s.cmd
2025-09-27 06:38:34.653 [DEBUG] PORTX - About to create Go wrapper with: PackageName=k9s, ToolName=k9s, ExecutablePath=k9s.exe, DefaultArgs=''
2025-09-27 06:38:34.654 [INFO] PORTX -   Created 1 wrappers for k9s
2025-09-27 06:38:34.655 [DEBUG] VALIDATION - Starting wrapper validation for package: k9s
2025-09-27 06:38:34.657 [DEBUG] VALIDATION -   Wrapper validation passed for k9s
2025-09-27 06:38:34.658 [INFO] PORTX - Processing: kaf
2025-09-27 06:38:34.660 [DEBUG] PORTX - Validating package: kaf
2025-09-27 06:38:34.663 [DEBUG] PORTX - Package kaf validation passed
2025-09-27 06:38:34.665 [INFO] PORTX -   Import type: wrap
2025-09-27 06:38:34.666 [INFO] PORTX -   WRAP: kaf
2025-09-27 06:38:34.667 [DEBUG] PORTX - Processing tool: kaf, path: bin/kaf.exe
2025-09-27 06:38:34.668 [DEBUG] PORTX - About to create bash wrapper with: PackageName=kaf, ToolName=kaf, ExecutablePath=bin/kaf.exe, DefaultArgs=''
2025-09-27 06:38:34.670 [DEBUG] PORTX - New-UniversalBashWrapper called with PackageName='kaf', ToolName='kaf'
2025-09-27 06:38:34.672 [DEBUG] SANITIZE - Sanitizing file: C:\App\PORTX\wrappers\posix\kaf
2025-09-27 06:38:34.674 [DEBUG] SANITIZE - File sanitized: C:\App\PORTX\wrappers\posix\kaf
2025-09-27 06:38:34.675 [DEBUG] PORTX - Created universal bash wrapper: C:\App\PORTX\wrappers\posix\kaf
2025-09-27 06:38:34.677 [DEBUG] PORTX - New-UniversalCmdWrapper called with PackageName='kaf', ToolName='kaf'
2025-09-27 06:38:34.679 [DEBUG] PORTX - Created universal CMD wrapper: C:\App\PORTX\wrappers\windows\kaf.cmd
2025-09-27 06:38:34.680 [DEBUG] PORTX - About to create Go wrapper with: PackageName=kaf, ToolName=kaf, ExecutablePath=bin/kaf.exe, DefaultArgs=''
2025-09-27 06:38:34.682 [INFO] PORTX -   Created 1 wrappers for kaf
2025-09-27 06:38:34.683 [DEBUG] VALIDATION - Starting wrapper validation for package: kaf
2025-09-27 06:38:34.684 [DEBUG] VALIDATION -   Wrapper validation passed for kaf
2025-09-27 06:38:34.686 [INFO] PORTX - Processing: kafkactl
2025-09-27 06:38:34.687 [DEBUG] PORTX - Validating package: kafkactl
2025-09-27 06:38:34.691 [DEBUG] PORTX - Package kafkactl validation passed
2025-09-27 06:38:34.694 [INFO] PORTX -   Import type: wrap
2025-09-27 06:38:34.695 [INFO] PORTX -   WRAP: kafkactl
2025-09-27 06:38:34.696 [DEBUG] PORTX - Processing tool: kafkactl, path: bin/kafkactl.exe
2025-09-27 06:38:34.698 [DEBUG] PORTX - About to create bash wrapper with: PackageName=kafkactl, ToolName=kafkactl, ExecutablePath=bin/kafkactl.exe, DefaultArgs=''
2025-09-27 06:38:34.699 [DEBUG] PORTX - New-UniversalBashWrapper called with PackageName='kafkactl', ToolName='kafkactl'
2025-09-27 06:38:34.701 [DEBUG] SANITIZE - Sanitizing file: C:\App\PORTX\wrappers\posix\kafkactl
2025-09-27 06:38:34.703 [DEBUG] SANITIZE - File sanitized: C:\App\PORTX\wrappers\posix\kafkactl
2025-09-27 06:38:34.704 [DEBUG] PORTX - Created universal bash wrapper: C:\App\PORTX\wrappers\posix\kafkactl
2025-09-27 06:38:34.705 [DEBUG] PORTX - New-UniversalCmdWrapper called with PackageName='kafkactl', ToolName='kafkactl'
2025-09-27 06:38:34.708 [DEBUG] PORTX - Created universal CMD wrapper: C:\App\PORTX\wrappers\windows\kafkactl.cmd
2025-09-27 06:38:34.709 [DEBUG] PORTX - About to create Go wrapper with: PackageName=kafkactl, ToolName=kafkactl, ExecutablePath=bin/kafkactl.exe, DefaultArgs=''
2025-09-27 06:38:34.711 [INFO] PORTX -   Created 1 wrappers for kafkactl
2025-09-27 06:38:34.712 [DEBUG] VALIDATION - Starting wrapper validation for package: kafkactl
2025-09-27 06:38:34.714 [DEBUG] VALIDATION -   Wrapper validation passed for kafkactl
2025-09-27 06:38:34.715 [INFO] PORTX - Processing: kalker
2025-09-27 06:38:34.717 [DEBUG] PORTX - Validating package: kalker
2025-09-27 06:38:34.720 [DEBUG] PORTX - Package kalker validation passed
2025-09-27 06:38:34.722 [INFO] PORTX -   Import type: wrap
2025-09-27 06:38:34.724 [INFO] PORTX -   WRAP: kalker
2025-09-27 06:38:34.725 [DEBUG] PORTX - Processing tool: kalker, path: kalker.cmd
2025-09-27 06:38:34.726 [DEBUG] PORTX - About to create bash wrapper with: PackageName=kalker, ToolName=kalker, ExecutablePath=kalker.cmd, DefaultArgs=''
2025-09-27 06:38:34.727 [DEBUG] PORTX - New-UniversalBashWrapper called with PackageName='kalker', ToolName='kalker'
2025-09-27 06:38:34.729 [DEBUG] SANITIZE - Sanitizing file: C:\App\PORTX\wrappers\posix\kalker
2025-09-27 06:38:34.731 [DEBUG] SANITIZE - File sanitized: C:\App\PORTX\wrappers\posix\kalker
2025-09-27 06:38:34.732 [DEBUG] PORTX - Created universal bash wrapper: C:\App\PORTX\wrappers\posix\kalker
2025-09-27 06:38:34.734 [DEBUG] PORTX - New-UniversalCmdWrapper called with PackageName='kalker', ToolName='kalker'
2025-09-27 06:38:34.736 [DEBUG] PORTX - Created universal CMD wrapper: C:\App\PORTX\wrappers\windows\kalker.cmd
2025-09-27 06:38:34.737 [DEBUG] PORTX - About to create Go wrapper with: PackageName=kalker, ToolName=kalker, ExecutablePath=kalker.cmd, DefaultArgs=''
2025-09-27 06:38:34.739 [INFO] PORTX -   Created 1 wrappers for kalker
2025-09-27 06:38:34.741 [DEBUG] VALIDATION - Starting wrapper validation for package: kalker
2025-09-27 06:38:34.742 [DEBUG] VALIDATION -   Wrapper validation passed for kalker
2025-09-27 06:38:34.743 [INFO] PORTX - Processing: kaskade
2025-09-27 06:38:34.745 [DEBUG] PORTX - Validating package: kaskade
2025-09-27 06:38:34.748 [DEBUG] PORTX - Package kaskade validation passed
2025-09-27 06:38:34.750 [INFO] PORTX -   Import type: wrap
2025-09-27 06:38:34.751 [INFO] PORTX -   WRAP: kaskade
2025-09-27 06:38:34.752 [DEBUG] PORTX - Processing tool: kaskade, path: python/Scripts/kaskade.exe
2025-09-27 06:38:34.754 [DEBUG] PORTX - About to create bash wrapper with: PackageName=kaskade, ToolName=kaskade, ExecutablePath=python/Scripts/kaskade.exe, DefaultArgs=''
2025-09-27 06:38:34.755 [DEBUG] PORTX - New-UniversalBashWrapper called with PackageName='kaskade', ToolName='kaskade'
2025-09-27 06:38:34.757 [DEBUG] SANITIZE - Sanitizing file: C:\App\PORTX\wrappers\posix\kaskade
2025-09-27 06:38:34.759 [DEBUG] SANITIZE - File sanitized: C:\App\PORTX\wrappers\posix\kaskade
2025-09-27 06:38:34.760 [DEBUG] PORTX - Created universal bash wrapper: C:\App\PORTX\wrappers\posix\kaskade
2025-09-27 06:38:34.761 [DEBUG] PORTX - New-UniversalCmdWrapper called with PackageName='kaskade', ToolName='kaskade'
2025-09-27 06:38:34.764 [DEBUG] PORTX - Created universal CMD wrapper: C:\App\PORTX\wrappers\windows\kaskade.cmd
2025-09-27 06:38:34.765 [DEBUG] PORTX - About to create Go wrapper with: PackageName=kaskade, ToolName=kaskade, ExecutablePath=python/Scripts/kaskade.exe, DefaultArgs=''
2025-09-27 06:38:34.766 [INFO] PORTX -   Created 1 wrappers for kaskade
2025-09-27 06:38:34.768 [DEBUG] VALIDATION - Starting wrapper validation for package: kaskade
2025-09-27 06:38:34.769 [DEBUG] VALIDATION -   Wrapper validation passed for kaskade
2025-09-27 06:38:34.770 [INFO] PORTX - Processing: kcctl
2025-09-27 06:38:34.772 [DEBUG] PORTX - Validating package: kcctl
2025-09-27 06:38:34.776 [DEBUG] PORTX - Package kcctl validation passed
2025-09-27 06:38:34.777 [INFO] PORTX -   Import type: wrap
2025-09-27 06:38:34.779 [INFO] PORTX -   WRAP: kcctl
2025-09-27 06:38:34.780 [DEBUG] PORTX - Processing tool: kcctl, path: bin/kcctl.exe
2025-09-27 06:38:34.781 [DEBUG] PORTX - About to create bash wrapper with: PackageName=kcctl, ToolName=kcctl, ExecutablePath=bin/kcctl.exe, DefaultArgs=''
2025-09-27 06:38:34.782 [DEBUG] PORTX - New-UniversalBashWrapper called with PackageName='kcctl', ToolName='kcctl'
2025-09-27 06:38:34.784 [DEBUG] SANITIZE - Sanitizing file: C:\App\PORTX\wrappers\posix\kcctl
2025-09-27 06:38:34.786 [DEBUG] SANITIZE - File sanitized: C:\App\PORTX\wrappers\posix\kcctl
2025-09-27 06:38:34.787 [DEBUG] PORTX - Created universal bash wrapper: C:\App\PORTX\wrappers\posix\kcctl
2025-09-27 06:38:34.788 [DEBUG] PORTX - New-UniversalCmdWrapper called with PackageName='kcctl', ToolName='kcctl'
2025-09-27 06:38:34.791 [DEBUG] PORTX - Created universal CMD wrapper: C:\App\PORTX\wrappers\windows\kcctl.cmd
2025-09-27 06:38:34.792 [DEBUG] PORTX - About to create Go wrapper with: PackageName=kcctl, ToolName=kcctl, ExecutablePath=bin/kcctl.exe, DefaultArgs=''
2025-09-27 06:38:34.793 [INFO] PORTX -   Created 1 wrappers for kcctl
2025-09-27 06:38:34.795 [DEBUG] VALIDATION - Starting wrapper validation for package: kcctl
2025-09-27 06:38:34.796 [DEBUG] VALIDATION -   Wrapper validation passed for kcctl
2025-09-27 06:38:34.798 [INFO] PORTX - Processing: klp
2025-09-27 06:38:34.800 [DEBUG] PORTX - Validating package: klp
2025-09-27 06:38:34.804 [DEBUG] PORTX - Package klp validation passed
2025-09-27 06:38:34.806 [INFO] PORTX -   Import type: wrap
2025-09-27 06:38:34.807 [INFO] PORTX -   WRAP: klp
2025-09-27 06:38:34.808 [DEBUG] PORTX - Processing tool: klp, path: klp.bat
2025-09-27 06:38:34.809 [DEBUG] PORTX - About to create bash wrapper with: PackageName=klp, ToolName=klp, ExecutablePath=klp.bat, DefaultArgs=''
2025-09-27 06:38:34.810 [DEBUG] PORTX - New-UniversalBashWrapper called with PackageName='klp', ToolName='klp'
2025-09-27 06:38:34.812 [DEBUG] SANITIZE - Sanitizing file: C:\App\PORTX\wrappers\posix\klp
2025-09-27 06:38:34.814 [DEBUG] SANITIZE - File sanitized: C:\App\PORTX\wrappers\posix\klp
2025-09-27 06:38:34.815 [DEBUG] PORTX - Created universal bash wrapper: C:\App\PORTX\wrappers\posix\klp
2025-09-27 06:38:34.817 [DEBUG] PORTX - New-UniversalCmdWrapper called with PackageName='klp', ToolName='klp'
2025-09-27 06:38:34.820 [DEBUG] PORTX - Created universal CMD wrapper: C:\App\PORTX\wrappers\windows\klp.cmd
2025-09-27 06:38:34.821 [DEBUG] PORTX - About to create Go wrapper with: PackageName=klp, ToolName=klp, ExecutablePath=klp.bat, DefaultArgs=''
2025-09-27 06:38:34.822 [INFO] PORTX -   Created 1 wrappers for klp
2025-09-27 06:38:34.824 [DEBUG] VALIDATION - Starting wrapper validation for package: klp
2025-09-27 06:38:34.825 [DEBUG] VALIDATION -   Wrapper validation passed for klp
2025-09-27 06:38:34.826 [INFO] PORTX - Processing: kube-linter
2025-09-27 06:38:34.828 [DEBUG] PORTX - Validating package: kube-linter
2025-09-27 06:38:34.832 [DEBUG] PORTX - Package kube-linter validation passed
2025-09-27 06:38:34.834 [INFO] PORTX -   Import type: wrap
2025-09-27 06:38:34.835 [INFO] PORTX -   WRAP: kube-linter
2025-09-27 06:38:34.836 [DEBUG] PORTX - Processing tool: kube-linter, path: kube-linter.exe
2025-09-27 06:38:34.838 [DEBUG] PORTX - About to create bash wrapper with: PackageName=kube-linter, ToolName=kube-linter, ExecutablePath=kube-linter.exe, DefaultArgs=''
2025-09-27 06:38:34.839 [DEBUG] PORTX - New-UniversalBashWrapper called with PackageName='kube-linter', ToolName='kube-linter'
2025-09-27 06:38:34.841 [DEBUG] SANITIZE - Sanitizing file: C:\App\PORTX\wrappers\posix\kube-linter
2025-09-27 06:38:34.843 [DEBUG] SANITIZE - File sanitized: C:\App\PORTX\wrappers\posix\kube-linter
2025-09-27 06:38:34.844 [DEBUG] PORTX - Created universal bash wrapper: C:\App\PORTX\wrappers\posix\kube-linter
2025-09-27 06:38:34.845 [DEBUG] PORTX - New-UniversalCmdWrapper called with PackageName='kube-linter', ToolName='kube-linter'
2025-09-27 06:38:34.848 [DEBUG] PORTX - Created universal CMD wrapper: C:\App\PORTX\wrappers\windows\kube-linter.cmd
2025-09-27 06:38:34.849 [DEBUG] PORTX - About to create Go wrapper with: PackageName=kube-linter, ToolName=kube-linter, ExecutablePath=kube-linter.exe, DefaultArgs=''
2025-09-27 06:38:34.851 [INFO] PORTX -   Created 1 wrappers for kube-linter
2025-09-27 06:38:34.852 [DEBUG] VALIDATION - Starting wrapper validation for package: kube-linter
2025-09-27 06:38:34.853 [DEBUG] VALIDATION -   Wrapper validation passed for kube-linter
2025-09-27 06:38:34.854 [INFO] PORTX - Processing: kube-score
2025-09-27 06:38:34.856 [DEBUG] PORTX - Validating package: kube-score
2025-09-27 06:38:34.860 [DEBUG] PORTX - Package kube-score validation passed
2025-09-27 06:38:34.862 [INFO] PORTX -   Import type: wrap
2025-09-27 06:38:34.863 [INFO] PORTX -   WRAP: kube-score
2025-09-27 06:38:34.864 [DEBUG] PORTX - Processing tool: kube-score, path: kube-score.exe
2025-09-27 06:38:34.865 [DEBUG] PORTX - About to create bash wrapper with: PackageName=kube-score, ToolName=kube-score, ExecutablePath=kube-score.exe, DefaultArgs=''
2025-09-27 06:38:34.866 [DEBUG] PORTX - New-UniversalBashWrapper called with PackageName='kube-score', ToolName='kube-score'
2025-09-27 06:38:34.868 [DEBUG] SANITIZE - Sanitizing file: C:\App\PORTX\wrappers\posix\kube-score
2025-09-27 06:38:34.870 [DEBUG] SANITIZE - File sanitized: C:\App\PORTX\wrappers\posix\kube-score
2025-09-27 06:38:34.871 [DEBUG] PORTX - Created universal bash wrapper: C:\App\PORTX\wrappers\posix\kube-score
2025-09-27 06:38:34.873 [DEBUG] PORTX - New-UniversalCmdWrapper called with PackageName='kube-score', ToolName='kube-score'
2025-09-27 06:38:34.875 [DEBUG] PORTX - Created universal CMD wrapper: C:\App\PORTX\wrappers\windows\kube-score.cmd
2025-09-27 06:38:34.876 [DEBUG] PORTX - About to create Go wrapper with: PackageName=kube-score, ToolName=kube-score, ExecutablePath=kube-score.exe, DefaultArgs=''
2025-09-27 06:38:34.878 [INFO] PORTX -   Created 1 wrappers for kube-score
2025-09-27 06:38:34.879 [DEBUG] VALIDATION - Starting wrapper validation for package: kube-score
2025-09-27 06:38:34.881 [DEBUG] VALIDATION -   Wrapper validation passed for kube-score
2025-09-27 06:38:34.882 [INFO] PORTX - Processing: kubeval
2025-09-27 06:38:34.884 [DEBUG] PORTX - Validating package: kubeval
2025-09-27 06:38:34.888 [DEBUG] PORTX - Package kubeval validation passed
2025-09-27 06:38:34.890 [INFO] PORTX -   Import type: wrap
2025-09-27 06:38:34.891 [INFO] PORTX -   WRAP: kubeval
2025-09-27 06:38:34.892 [DEBUG] PORTX - Processing tool: kubeval, path: kubeval.exe
2025-09-27 06:38:34.893 [DEBUG] PORTX - About to create bash wrapper with: PackageName=kubeval, ToolName=kubeval, ExecutablePath=kubeval.exe, DefaultArgs=''
2025-09-27 06:38:34.895 [DEBUG] PORTX - New-UniversalBashWrapper called with PackageName='kubeval', ToolName='kubeval'
2025-09-27 06:38:34.896 [DEBUG] SANITIZE - Sanitizing file: C:\App\PORTX\wrappers\posix\kubeval
2025-09-27 06:38:34.898 [DEBUG] SANITIZE - File sanitized: C:\App\PORTX\wrappers\posix\kubeval
2025-09-27 06:38:34.899 [DEBUG] PORTX - Created universal bash wrapper: C:\App\PORTX\wrappers\posix\kubeval
2025-09-27 06:38:34.900 [DEBUG] PORTX - New-UniversalCmdWrapper called with PackageName='kubeval', ToolName='kubeval'
2025-09-27 06:38:34.904 [DEBUG] PORTX - Created universal CMD wrapper: C:\App\PORTX\wrappers\windows\kubeval.cmd
2025-09-27 06:38:34.905 [DEBUG] PORTX - About to create Go wrapper with: PackageName=kubeval, ToolName=kubeval, ExecutablePath=kubeval.exe, DefaultArgs=''
2025-09-27 06:38:34.907 [INFO] PORTX -   Created 1 wrappers for kubeval
2025-09-27 06:38:34.908 [DEBUG] VALIDATION - Starting wrapper validation for package: kubeval
2025-09-27 06:38:34.910 [DEBUG] VALIDATION -   Wrapper validation passed for kubeval
2025-09-27 06:38:34.911 [INFO] PORTX - Processing: lazydocker
2025-09-27 06:38:34.912 [DEBUG] PORTX - Validating package: lazydocker
2025-09-27 06:38:34.916 [DEBUG] PORTX - Package lazydocker validation passed
2025-09-27 06:38:34.918 [INFO] PORTX -   Import type: wrap
2025-09-27 06:38:34.919 [INFO] PORTX -   WRAP: lazydocker
2025-09-27 06:38:34.920 [DEBUG] PORTX - Processing tool: lazydocker, path: lazydocker.exe
2025-09-27 06:38:34.921 [DEBUG] PORTX - About to create bash wrapper with: PackageName=lazydocker, ToolName=lazydocker, ExecutablePath=lazydocker.exe, DefaultArgs=''
2025-09-27 06:38:34.923 [DEBUG] PORTX - New-UniversalBashWrapper called with PackageName='lazydocker', ToolName='lazydocker'
2025-09-27 06:38:34.924 [DEBUG] SANITIZE - Sanitizing file: C:\App\PORTX\wrappers\posix\lazydocker
2025-09-27 06:38:34.926 [DEBUG] SANITIZE - File sanitized: C:\App\PORTX\wrappers\posix\lazydocker
2025-09-27 06:38:34.928 [DEBUG] PORTX - Created universal bash wrapper: C:\App\PORTX\wrappers\posix\lazydocker
2025-09-27 06:38:34.929 [DEBUG] PORTX - New-UniversalCmdWrapper called with PackageName='lazydocker', ToolName='lazydocker'
2025-09-27 06:38:34.931 [DEBUG] PORTX - Created universal CMD wrapper: C:\App\PORTX\wrappers\windows\lazydocker.cmd
2025-09-27 06:38:34.933 [DEBUG] PORTX - About to create Go wrapper with: PackageName=lazydocker, ToolName=lazydocker, ExecutablePath=lazydocker.exe, DefaultArgs=''
2025-09-27 06:38:34.934 [INFO] PORTX -   Created 1 wrappers for lazydocker
2025-09-27 06:38:34.936 [DEBUG] VALIDATION - Starting wrapper validation for package: lazydocker
2025-09-27 06:38:34.937 [DEBUG] VALIDATION -   Wrapper validation passed for lazydocker
2025-09-27 06:38:34.938 [INFO] PORTX - Processing: lazygit
2025-09-27 06:38:34.939 [DEBUG] PORTX - Validating package: lazygit
2025-09-27 06:38:34.943 [DEBUG] PORTX - Package lazygit validation passed
2025-09-27 06:38:34.945 [INFO] PORTX -   Import type: wrap
2025-09-27 06:38:34.946 [INFO] PORTX -   WRAP: lazygit
2025-09-27 06:38:34.948 [DEBUG] PORTX - Processing tool: lazygit, path: lazygit.exe
2025-09-27 06:38:34.949 [DEBUG] PORTX - About to create bash wrapper with: PackageName=lazygit, ToolName=lazygit, ExecutablePath=lazygit.exe, DefaultArgs=''
2025-09-27 06:38:34.950 [DEBUG] PORTX - New-UniversalBashWrapper called with PackageName='lazygit', ToolName='lazygit'
2025-09-27 06:38:34.952 [DEBUG] SANITIZE - Sanitizing file: C:\App\PORTX\wrappers\posix\lazygit
2025-09-27 06:38:34.954 [DEBUG] SANITIZE - File sanitized: C:\App\PORTX\wrappers\posix\lazygit
2025-09-27 06:38:34.955 [DEBUG] PORTX - Created universal bash wrapper: C:\App\PORTX\wrappers\posix\lazygit
2025-09-27 06:38:34.956 [DEBUG] PORTX - New-UniversalCmdWrapper called with PackageName='lazygit', ToolName='lazygit'
2025-09-27 06:38:34.959 [DEBUG] PORTX - Created universal CMD wrapper: C:\App\PORTX\wrappers\windows\lazygit.cmd
2025-09-27 06:38:34.960 [DEBUG] PORTX - About to create Go wrapper with: PackageName=lazygit, ToolName=lazygit, ExecutablePath=lazygit.exe, DefaultArgs=''
2025-09-27 06:38:34.961 [INFO] PORTX -   Created 1 wrappers for lazygit
2025-09-27 06:38:34.963 [DEBUG] VALIDATION - Starting wrapper validation for package: lazygit
2025-09-27 06:38:34.964 [DEBUG] VALIDATION -   Wrapper validation passed for lazygit
2025-09-27 06:38:34.965 [INFO] PORTX - Processing: lazysql
2025-09-27 06:38:34.967 [DEBUG] PORTX - Validating package: lazysql
2025-09-27 06:38:34.971 [DEBUG] PORTX - Package lazysql validation passed
2025-09-27 06:38:34.973 [INFO] PORTX -   Import type: wrap
2025-09-27 06:38:34.974 [INFO] PORTX -   WRAP: lazysql
2025-09-27 06:38:34.975 [DEBUG] PORTX - Processing tool: lazysql, path: lazysql.exe
2025-09-27 06:38:34.976 [DEBUG] PORTX - About to create bash wrapper with: PackageName=lazysql, ToolName=lazysql, ExecutablePath=lazysql.exe, DefaultArgs=''
2025-09-27 06:38:34.978 [DEBUG] PORTX - New-UniversalBashWrapper called with PackageName='lazysql', ToolName='lazysql'
2025-09-27 06:38:34.979 [DEBUG] SANITIZE - Sanitizing file: C:\App\PORTX\wrappers\posix\lazysql
2025-09-27 06:38:34.981 [DEBUG] SANITIZE - File sanitized: C:\App\PORTX\wrappers\posix\lazysql
2025-09-27 06:38:34.983 [DEBUG] PORTX - Created universal bash wrapper: C:\App\PORTX\wrappers\posix\lazysql
2025-09-27 06:38:34.984 [DEBUG] PORTX - New-UniversalCmdWrapper called with PackageName='lazysql', ToolName='lazysql'
2025-09-27 06:38:34.986 [DEBUG] PORTX - Created universal CMD wrapper: C:\App\PORTX\wrappers\windows\lazysql.cmd
2025-09-27 06:38:34.988 [DEBUG] PORTX - About to create Go wrapper with: PackageName=lazysql, ToolName=lazysql, ExecutablePath=lazysql.exe, DefaultArgs=''
2025-09-27 06:38:34.989 [INFO] PORTX -   Created 1 wrappers for lazysql
2025-09-27 06:38:34.990 [DEBUG] VALIDATION - Starting wrapper validation for package: lazysql
2025-09-27 06:38:34.992 [DEBUG] VALIDATION -   Wrapper validation passed for lazysql
2025-09-27 06:38:34.993 [INFO] PORTX - Processing: lemmeknow
2025-09-27 06:38:34.994 [DEBUG] PORTX - Validating package: lemmeknow
2025-09-27 06:38:34.998 [DEBUG] PORTX - Package lemmeknow validation passed
2025-09-27 06:38:35.000 [INFO] PORTX -   Import type: wrap
2025-09-27 06:38:35.001 [INFO] PORTX -   WRAP: lemmeknow
2025-09-27 06:38:35.002 [DEBUG] PORTX - Processing tool: lemmeknow, path: lemmeknow.exe
2025-09-27 06:38:35.004 [DEBUG] PORTX - About to create bash wrapper with: PackageName=lemmeknow, ToolName=lemmeknow, ExecutablePath=lemmeknow.exe, DefaultArgs=''
2025-09-27 06:38:35.005 [DEBUG] PORTX - New-UniversalBashWrapper called with PackageName='lemmeknow', ToolName='lemmeknow'
2025-09-27 06:38:35.008 [DEBUG] SANITIZE - Sanitizing file: C:\App\PORTX\wrappers\posix\lemmeknow
2025-09-27 06:38:35.010 [DEBUG] SANITIZE - File sanitized: C:\App\PORTX\wrappers\posix\lemmeknow
2025-09-27 06:38:35.011 [DEBUG] PORTX - Created universal bash wrapper: C:\App\PORTX\wrappers\posix\lemmeknow
2025-09-27 06:38:35.012 [DEBUG] PORTX - New-UniversalCmdWrapper called with PackageName='lemmeknow', ToolName='lemmeknow'
2025-09-27 06:38:35.015 [DEBUG] PORTX - Created universal CMD wrapper: C:\App\PORTX\wrappers\windows\lemmeknow.cmd
2025-09-27 06:38:35.016 [DEBUG] PORTX - About to create Go wrapper with: PackageName=lemmeknow, ToolName=lemmeknow, ExecutablePath=lemmeknow.exe, DefaultArgs=''
2025-09-27 06:38:35.018 [INFO] PORTX -   Created 1 wrappers for lemmeknow
2025-09-27 06:38:35.019 [DEBUG] VALIDATION - Starting wrapper validation for package: lemmeknow
2025-09-27 06:38:35.020 [DEBUG] VALIDATION -   Wrapper validation passed for lemmeknow
2025-09-27 06:38:35.021 [INFO] PORTX - Processing: liquibase
2025-09-27 06:38:35.023 [DEBUG] PORTX - Validating package: liquibase
2025-09-27 06:38:35.027 [DEBUG] PORTX - Package liquibase validation passed
2025-09-27 06:38:35.028 [INFO] PORTX -   Import type: wrap
2025-09-27 06:38:35.030 [INFO] PORTX -   WRAP: liquibase
2025-09-27 06:38:35.031 [DEBUG] PORTX - Processing tool: liquibase, path: liquibase.bat
2025-09-27 06:38:35.032 [DEBUG] PORTX - About to create bash wrapper with: PackageName=liquibase, ToolName=liquibase, ExecutablePath=liquibase.bat, DefaultArgs=''
2025-09-27 06:38:35.034 [DEBUG] PORTX - New-UniversalBashWrapper called with PackageName='liquibase', ToolName='liquibase'
2025-09-27 06:38:35.035 [DEBUG] SANITIZE - Sanitizing file: C:\App\PORTX\wrappers\posix\liquibase
2025-09-27 06:38:35.037 [DEBUG] SANITIZE - File sanitized: C:\App\PORTX\wrappers\posix\liquibase
2025-09-27 06:38:35.039 [DEBUG] PORTX - Created universal bash wrapper: C:\App\PORTX\wrappers\posix\liquibase
2025-09-27 06:38:35.040 [DEBUG] PORTX - New-UniversalCmdWrapper called with PackageName='liquibase', ToolName='liquibase'
2025-09-27 06:38:35.042 [DEBUG] PORTX - Created universal CMD wrapper: C:\App\PORTX\wrappers\windows\liquibase.cmd
2025-09-27 06:38:35.044 [DEBUG] PORTX - About to create Go wrapper with: PackageName=liquibase, ToolName=liquibase, ExecutablePath=liquibase.bat, DefaultArgs=''
2025-09-27 06:38:35.045 [INFO] PORTX -   Created 1 wrappers for liquibase
2025-09-27 06:38:35.047 [DEBUG] VALIDATION - Starting wrapper validation for package: liquibase
2025-09-27 06:38:35.048 [DEBUG] VALIDATION -   Wrapper validation passed for liquibase
2025-09-27 06:38:35.049 [INFO] PORTX - Processing: lizard
2025-09-27 06:38:35.050 [DEBUG] PORTX - Validating package: lizard
2025-09-27 06:38:35.054 [DEBUG] PORTX - Package lizard validation passed
2025-09-27 06:38:35.056 [INFO] PORTX -   Import type: wrap
2025-09-27 06:38:35.057 [INFO] PORTX -   WRAP: lizard
2025-09-27 06:38:35.058 [DEBUG] PORTX - Processing tool: lizard, path: lizard.bat
2025-09-27 06:38:35.060 [DEBUG] PORTX - About to create bash wrapper with: PackageName=lizard, ToolName=lizard, ExecutablePath=lizard.bat, DefaultArgs=''
2025-09-27 06:38:35.061 [DEBUG] PORTX - New-UniversalBashWrapper called with PackageName='lizard', ToolName='lizard'
2025-09-27 06:38:35.062 [DEBUG] SANITIZE - Sanitizing file: C:\App\PORTX\wrappers\posix\lizard
2025-09-27 06:38:35.064 [DEBUG] SANITIZE - File sanitized: C:\App\PORTX\wrappers\posix\lizard
2025-09-27 06:38:35.065 [DEBUG] PORTX - Created universal bash wrapper: C:\App\PORTX\wrappers\posix\lizard
2025-09-27 06:38:35.067 [DEBUG] PORTX - New-UniversalCmdWrapper called with PackageName='lizard', ToolName='lizard'
2025-09-27 06:38:35.069 [DEBUG] PORTX - Created universal CMD wrapper: C:\App\PORTX\wrappers\windows\lizard.cmd
2025-09-27 06:38:35.071 [DEBUG] PORTX - About to create Go wrapper with: PackageName=lizard, ToolName=lizard, ExecutablePath=lizard.bat, DefaultArgs=''
2025-09-27 06:38:35.072 [INFO] PORTX -   Created 1 wrappers for lizard
2025-09-27 06:38:35.073 [DEBUG] VALIDATION - Starting wrapper validation for package: lizard
2025-09-27 06:38:35.075 [DEBUG] VALIDATION -   Wrapper validation passed for lizard
2025-09-27 06:38:35.076 [INFO] PORTX - Processing: lnav
2025-09-27 06:38:35.078 [DEBUG] PORTX - Validating package: lnav
2025-09-27 06:38:35.081 [DEBUG] PORTX - Package lnav validation passed
2025-09-27 06:38:35.083 [INFO] PORTX -   Import type: wrap
2025-09-27 06:38:35.084 [INFO] PORTX -   WRAP: lnav
2025-09-27 06:38:35.085 [DEBUG] PORTX - Processing tool: lnav, path: bin/lnav.exe
2025-09-27 06:38:35.087 [DEBUG] PORTX - About to create bash wrapper with: PackageName=lnav, ToolName=lnav, ExecutablePath=bin/lnav.exe, DefaultArgs=''
2025-09-27 06:38:35.088 [DEBUG] PORTX - New-UniversalBashWrapper called with PackageName='lnav', ToolName='lnav'
2025-09-27 06:38:35.091 [DEBUG] SANITIZE - Sanitizing file: C:\App\PORTX\wrappers\posix\lnav
2025-09-27 06:38:35.093 [DEBUG] SANITIZE - File sanitized: C:\App\PORTX\wrappers\posix\lnav
2025-09-27 06:38:35.094 [DEBUG] PORTX - Created universal bash wrapper: C:\App\PORTX\wrappers\posix\lnav
2025-09-27 06:38:35.095 [DEBUG] PORTX - New-UniversalCmdWrapper called with PackageName='lnav', ToolName='lnav'
2025-09-27 06:38:35.098 [DEBUG] PORTX - Created universal CMD wrapper: C:\App\PORTX\wrappers\windows\lnav.cmd
2025-09-27 06:38:35.099 [DEBUG] PORTX - About to create Go wrapper with: PackageName=lnav, ToolName=lnav, ExecutablePath=bin/lnav.exe, DefaultArgs=''
2025-09-27 06:38:35.100 [INFO] PORTX -   Created 1 wrappers for lnav
2025-09-27 06:38:35.101 [DEBUG] VALIDATION - Starting wrapper validation for package: lnav
2025-09-27 06:38:35.103 [DEBUG] VALIDATION -   Wrapper validation passed for lnav
2025-09-27 06:38:35.104 [INFO] PORTX - Processing: lsd
2025-09-27 06:38:35.105 [DEBUG] PORTX - Validating package: lsd
2025-09-27 06:38:35.109 [DEBUG] PORTX - Package lsd validation passed
2025-09-27 06:38:35.112 [INFO] PORTX -   Import type: wrap
2025-09-27 06:38:35.113 [INFO] PORTX -   WRAP: lsd
2025-09-27 06:38:35.114 [DEBUG] PORTX - Processing tool: lsd, path: lsd.exe
2025-09-27 06:38:35.116 [DEBUG] PORTX - About to create bash wrapper with: PackageName=lsd, ToolName=lsd, ExecutablePath=lsd.exe, DefaultArgs=''
2025-09-27 06:38:35.117 [DEBUG] PORTX - New-UniversalBashWrapper called with PackageName='lsd', ToolName='lsd'
2025-09-27 06:38:35.119 [DEBUG] SANITIZE - Sanitizing file: C:\App\PORTX\wrappers\posix\lsd
2025-09-27 06:38:35.120 [DEBUG] SANITIZE - File sanitized: C:\App\PORTX\wrappers\posix\lsd
2025-09-27 06:38:35.122 [DEBUG] PORTX - Created universal bash wrapper: C:\App\PORTX\wrappers\posix\lsd
2025-09-27 06:38:35.123 [DEBUG] PORTX - New-UniversalCmdWrapper called with PackageName='lsd', ToolName='lsd'
2025-09-27 06:38:35.126 [DEBUG] PORTX - Created universal CMD wrapper: C:\App\PORTX\wrappers\windows\lsd.cmd
2025-09-27 06:38:35.127 [DEBUG] PORTX - About to create Go wrapper with: PackageName=lsd, ToolName=lsd, ExecutablePath=lsd.exe, DefaultArgs=''
2025-09-27 06:38:35.128 [INFO] PORTX -   Created 1 wrappers for lsd
2025-09-27 06:38:35.129 [DEBUG] VALIDATION - Starting wrapper validation for package: lsd
2025-09-27 06:38:35.131 [DEBUG] VALIDATION -   Wrapper validation passed for lsd
2025-09-27 06:38:35.132 [INFO] PORTX - Processing: lz4
2025-09-27 06:38:35.133 [DEBUG] PORTX - Validating package: lz4
2025-09-27 06:38:35.137 [DEBUG] PORTX - Package lz4 validation passed
2025-09-27 06:38:35.139 [INFO] PORTX -   Import type: wrap
2025-09-27 06:38:35.140 [INFO] PORTX -   WRAP: lz4
2025-09-27 06:38:35.141 [DEBUG] PORTX - Processing tool: lz4, path: lz4.exe
2025-09-27 06:38:35.142 [DEBUG] PORTX - About to create bash wrapper with: PackageName=lz4, ToolName=lz4, ExecutablePath=lz4.exe, DefaultArgs=''
2025-09-27 06:38:35.144 [DEBUG] PORTX - New-UniversalBashWrapper called with PackageName='lz4', ToolName='lz4'
2025-09-27 06:38:35.145 [DEBUG] SANITIZE - Sanitizing file: C:\App\PORTX\wrappers\posix\lz4
2025-09-27 06:38:35.147 [DEBUG] SANITIZE - File sanitized: C:\App\PORTX\wrappers\posix\lz4
2025-09-27 06:38:35.149 [DEBUG] PORTX - Created universal bash wrapper: C:\App\PORTX\wrappers\posix\lz4
2025-09-27 06:38:35.150 [DEBUG] PORTX - New-UniversalCmdWrapper called with PackageName='lz4', ToolName='lz4'
2025-09-27 06:38:35.153 [DEBUG] PORTX - Created universal CMD wrapper: C:\App\PORTX\wrappers\windows\lz4.cmd
2025-09-27 06:38:35.154 [DEBUG] PORTX - About to create Go wrapper with: PackageName=lz4, ToolName=lz4, ExecutablePath=lz4.exe, DefaultArgs=''
2025-09-27 06:38:35.155 [INFO] PORTX -   Created 1 wrappers for lz4
2025-09-27 06:38:35.157 [DEBUG] VALIDATION - Starting wrapper validation for package: lz4
2025-09-27 06:38:35.158 [DEBUG] VALIDATION -   Wrapper validation passed for lz4
2025-09-27 06:38:35.159 [INFO] PORTX - Processing: macchina
2025-09-27 06:38:35.161 [DEBUG] PORTX - Validating package: macchina
2025-09-27 06:38:35.164 [DEBUG] PORTX - Package macchina validation passed
2025-09-27 06:38:35.166 [INFO] PORTX -   Import type: wrap
2025-09-27 06:38:35.167 [INFO] PORTX -   WRAP: macchina
2025-09-27 06:38:35.168 [DEBUG] PORTX - Processing tool: macchina, path: macchina.exe
2025-09-27 06:38:35.170 [DEBUG] PORTX - About to create bash wrapper with: PackageName=macchina, ToolName=macchina, ExecutablePath=macchina.exe, DefaultArgs=''
2025-09-27 06:38:35.171 [DEBUG] PORTX - New-UniversalBashWrapper called with PackageName='macchina', ToolName='macchina'
2025-09-27 06:38:35.173 [DEBUG] SANITIZE - Sanitizing file: C:\App\PORTX\wrappers\posix\macchina
2025-09-27 06:38:35.175 [DEBUG] SANITIZE - File sanitized: C:\App\PORTX\wrappers\posix\macchina
2025-09-27 06:38:35.176 [DEBUG] PORTX - Created universal bash wrapper: C:\App\PORTX\wrappers\posix\macchina
2025-09-27 06:38:35.177 [DEBUG] PORTX - New-UniversalCmdWrapper called with PackageName='macchina', ToolName='macchina'
2025-09-27 06:38:35.180 [DEBUG] PORTX - Created universal CMD wrapper: C:\App\PORTX\wrappers\windows\macchina.cmd
2025-09-27 06:38:35.181 [DEBUG] PORTX - About to create Go wrapper with: PackageName=macchina, ToolName=macchina, ExecutablePath=macchina.exe, DefaultArgs=''
2025-09-27 06:38:35.182 [INFO] PORTX -   Created 1 wrappers for macchina
2025-09-27 06:38:35.184 [DEBUG] VALIDATION - Starting wrapper validation for package: macchina
2025-09-27 06:38:35.185 [DEBUG] VALIDATION -   Wrapper validation passed for macchina
2025-09-27 06:38:35.186 [INFO] PORTX - Processing: mage
2025-09-27 06:38:35.188 [DEBUG] PORTX - Validating package: mage
2025-09-27 06:38:35.192 [DEBUG] PORTX - Package mage validation passed
2025-09-27 06:38:35.194 [INFO] PORTX -   Import type: wrap
2025-09-27 06:38:35.195 [INFO] PORTX -   WRAP: mage
2025-09-27 06:38:35.196 [DEBUG] PORTX - Processing tool: mage, path: mage.exe
2025-09-27 06:38:35.197 [DEBUG] PORTX - About to create bash wrapper with: PackageName=mage, ToolName=mage, ExecutablePath=mage.exe, DefaultArgs=''
2025-09-27 06:38:35.198 [DEBUG] PORTX - New-UniversalBashWrapper called with PackageName='mage', ToolName='mage'
2025-09-27 06:38:35.200 [DEBUG] SANITIZE - Sanitizing file: C:\App\PORTX\wrappers\posix\mage
2025-09-27 06:38:35.202 [DEBUG] SANITIZE - File sanitized: C:\App\PORTX\wrappers\posix\mage
2025-09-27 06:38:35.203 [DEBUG] PORTX - Created universal bash wrapper: C:\App\PORTX\wrappers\posix\mage
2025-09-27 06:38:35.204 [DEBUG] PORTX - New-UniversalCmdWrapper called with PackageName='mage', ToolName='mage'
2025-09-27 06:38:35.207 [DEBUG] PORTX - Created universal CMD wrapper: C:\App\PORTX\wrappers\windows\mage.cmd
2025-09-27 06:38:35.208 [DEBUG] PORTX - About to create Go wrapper with: PackageName=mage, ToolName=mage, ExecutablePath=mage.exe, DefaultArgs=''
2025-09-27 06:38:35.209 [INFO] PORTX -   Created 1 wrappers for mage
2025-09-27 06:38:35.211 [DEBUG] VALIDATION - Starting wrapper validation for package: mage
2025-09-27 06:38:35.212 [DEBUG] VALIDATION -   Wrapper validation passed for mage
2025-09-27 06:38:35.215 [INFO] PORTX - Processing: maven
2025-09-27 06:38:35.217 [DEBUG] PORTX - Validating package: maven
2025-09-27 06:38:35.222 [DEBUG] PORTX - Package maven validation passed
2025-09-27 06:38:35.223 [INFO] PORTX -   Import type: wrap
2025-09-27 06:38:35.225 [INFO] PORTX -   WRAP: maven
2025-09-27 06:38:35.226 [DEBUG] PORTX - Processing tool: mvn, path: bin/mvn.cmd
2025-09-27 06:38:35.227 [DEBUG] PORTX - About to create bash wrapper with: PackageName=maven, ToolName=mvn, ExecutablePath=bin/mvn.cmd, DefaultArgs=''
2025-09-27 06:38:35.228 [DEBUG] PORTX - New-UniversalBashWrapper called with PackageName='maven', ToolName='mvn'
2025-09-27 06:38:35.230 [DEBUG] SANITIZE - Sanitizing file: C:\App\PORTX\wrappers\posix\mvn
2025-09-27 06:38:35.232 [DEBUG] SANITIZE - File sanitized: C:\App\PORTX\wrappers\posix\mvn
2025-09-27 06:38:35.233 [DEBUG] PORTX - Created universal bash wrapper: C:\App\PORTX\wrappers\posix\mvn
2025-09-27 06:38:35.235 [DEBUG] PORTX - New-UniversalCmdWrapper called with PackageName='maven', ToolName='mvn'
2025-09-27 06:38:35.237 [DEBUG] PORTX - Created universal CMD wrapper: C:\App\PORTX\wrappers\windows\mvn.cmd
2025-09-27 06:38:35.238 [DEBUG] PORTX - About to create Go wrapper with: PackageName=maven, ToolName=mvn, ExecutablePath=bin/mvn.cmd, DefaultArgs=''
2025-09-27 06:38:35.240 [DEBUG] PORTX - Processing tool: mvnDebug, path: bin/mvnDebug.cmd
2025-09-27 06:38:35.241 [DEBUG] PORTX - About to create bash wrapper with: PackageName=maven, ToolName=mvnDebug, ExecutablePath=bin/mvnDebug.cmd, DefaultArgs=''
2025-09-27 06:38:35.242 [DEBUG] PORTX - New-UniversalBashWrapper called with PackageName='maven', ToolName='mvnDebug'
2025-09-27 06:38:35.244 [DEBUG] SANITIZE - Sanitizing file: C:\App\PORTX\wrappers\posix\mvnDebug
2025-09-27 06:38:35.246 [DEBUG] SANITIZE - File sanitized: C:\App\PORTX\wrappers\posix\mvnDebug
2025-09-27 06:38:35.247 [DEBUG] PORTX - Created universal bash wrapper: C:\App\PORTX\wrappers\posix\mvnDebug
2025-09-27 06:38:35.248 [DEBUG] PORTX - New-UniversalCmdWrapper called with PackageName='maven', ToolName='mvnDebug'
2025-09-27 06:38:35.251 [DEBUG] PORTX - Created universal CMD wrapper: C:\App\PORTX\wrappers\windows\mvnDebug.cmd
2025-09-27 06:38:35.252 [DEBUG] PORTX - About to create Go wrapper with: PackageName=maven, ToolName=mvnDebug, ExecutablePath=bin/mvnDebug.cmd, DefaultArgs=''
2025-09-27 06:38:35.253 [INFO] PORTX -   Created 2 wrappers for maven
2025-09-27 06:38:35.255 [DEBUG] VALIDATION - Starting wrapper validation for package: maven
2025-09-27 06:38:35.256 [DEBUG] VALIDATION -   Wrapper validation passed for maven
2025-09-27 06:38:35.257 [INFO] PORTX - Processing: mc
2025-09-27 06:38:35.259 [DEBUG] PORTX - Validating package: mc
2025-09-27 06:38:35.266 [DEBUG] PORTX - Package mc validation passed
2025-09-27 06:38:35.268 [INFO] PORTX -   Import type: wrap
2025-09-27 06:38:35.269 [INFO] PORTX -   WRAP: mc
2025-09-27 06:38:35.270 [DEBUG] PORTX - Processing tool: mc, path: mc.exe
2025-09-27 06:38:35.271 [DEBUG] PORTX - About to create bash wrapper with: PackageName=mc, ToolName=mc, ExecutablePath=mc.exe, DefaultArgs=''
2025-09-27 06:38:35.272 [DEBUG] PORTX - New-UniversalBashWrapper called with PackageName='mc', ToolName='mc'
2025-09-27 06:38:35.274 [DEBUG] SANITIZE - Sanitizing file: C:\App\PORTX\wrappers\posix\mc
2025-09-27 06:38:35.276 [DEBUG] SANITIZE - File sanitized: C:\App\PORTX\wrappers\posix\mc
2025-09-27 06:38:35.277 [DEBUG] PORTX - Created universal bash wrapper: C:\App\PORTX\wrappers\posix\mc
2025-09-27 06:38:35.279 [DEBUG] PORTX - New-UniversalCmdWrapper called with PackageName='mc', ToolName='mc'
2025-09-27 06:38:35.281 [DEBUG] PORTX - Created universal CMD wrapper: C:\App\PORTX\wrappers\windows\mc.cmd
2025-09-27 06:38:35.282 [DEBUG] PORTX - About to create Go wrapper with: PackageName=mc, ToolName=mc, ExecutablePath=mc.exe, DefaultArgs=''
2025-09-27 06:38:35.284 [DEBUG] PORTX - Processing tool: mcedit, path: mcedit.exe
2025-09-27 06:38:35.285 [DEBUG] PORTX - About to create bash wrapper with: PackageName=mc, ToolName=mcedit, ExecutablePath=mcedit.exe, DefaultArgs=''
2025-09-27 06:38:35.286 [DEBUG] PORTX - New-UniversalBashWrapper called with PackageName='mc', ToolName='mcedit'
2025-09-27 06:38:35.288 [DEBUG] SANITIZE - Sanitizing file: C:\App\PORTX\wrappers\posix\mcedit
2025-09-27 06:38:35.290 [DEBUG] SANITIZE - File sanitized: C:\App\PORTX\wrappers\posix\mcedit
2025-09-27 06:38:35.291 [DEBUG] PORTX - Created universal bash wrapper: C:\App\PORTX\wrappers\posix\mcedit
2025-09-27 06:38:35.292 [DEBUG] PORTX - New-UniversalCmdWrapper called with PackageName='mc', ToolName='mcedit'
2025-09-27 06:38:35.295 [DEBUG] PORTX - Created universal CMD wrapper: C:\App\PORTX\wrappers\windows\mcedit.cmd
2025-09-27 06:38:35.296 [DEBUG] PORTX - About to create Go wrapper with: PackageName=mc, ToolName=mcedit, ExecutablePath=mcedit.exe, DefaultArgs=''
2025-09-27 06:38:35.298 [DEBUG] PORTX - Processing tool: mcview, path: mcview.exe
2025-09-27 06:38:35.299 [DEBUG] PORTX - About to create bash wrapper with: PackageName=mc, ToolName=mcview, ExecutablePath=mcview.exe, DefaultArgs=''
2025-09-27 06:38:35.300 [DEBUG] PORTX - New-UniversalBashWrapper called with PackageName='mc', ToolName='mcview'
2025-09-27 06:38:35.302 [DEBUG] SANITIZE - Sanitizing file: C:\App\PORTX\wrappers\posix\mcview
2025-09-27 06:38:35.304 [DEBUG] SANITIZE - File sanitized: C:\App\PORTX\wrappers\posix\mcview
2025-09-27 06:38:35.305 [DEBUG] PORTX - Created universal bash wrapper: C:\App\PORTX\wrappers\posix\mcview
2025-09-27 06:38:35.306 [DEBUG] PORTX - New-UniversalCmdWrapper called with PackageName='mc', ToolName='mcview'
2025-09-27 06:38:35.308 [DEBUG] PORTX - Created universal CMD wrapper: C:\App\PORTX\wrappers\windows\mcview.cmd
2025-09-27 06:38:35.309 [DEBUG] PORTX - About to create Go wrapper with: PackageName=mc, ToolName=mcview, ExecutablePath=mcview.exe, DefaultArgs=''
2025-09-27 06:38:35.311 [DEBUG] PORTX - Processing tool: mcdiff, path: mcdiff.exe
2025-09-27 06:38:35.312 [DEBUG] PORTX - About to create bash wrapper with: PackageName=mc, ToolName=mcdiff, ExecutablePath=mcdiff.exe, DefaultArgs=''
2025-09-27 06:38:35.313 [DEBUG] PORTX - New-UniversalBashWrapper called with PackageName='mc', ToolName='mcdiff'
2025-09-27 06:38:35.315 [DEBUG] SANITIZE - Sanitizing file: C:\App\PORTX\wrappers\posix\mcdiff
2025-09-27 06:38:35.317 [DEBUG] SANITIZE - File sanitized: C:\App\PORTX\wrappers\posix\mcdiff
2025-09-27 06:38:35.318 [DEBUG] PORTX - Created universal bash wrapper: C:\App\PORTX\wrappers\posix\mcdiff
2025-09-27 06:38:35.321 [DEBUG] PORTX - New-UniversalCmdWrapper called with PackageName='mc', ToolName='mcdiff'
2025-09-27 06:38:35.323 [DEBUG] PORTX - Created universal CMD wrapper: C:\App\PORTX\wrappers\windows\mcdiff.cmd
2025-09-27 06:38:35.325 [DEBUG] PORTX - About to create Go wrapper with: PackageName=mc, ToolName=mcdiff, ExecutablePath=mcdiff.exe, DefaultArgs=''
2025-09-27 06:38:35.326 [INFO] PORTX -   Created 4 wrappers for mc
2025-09-27 06:38:35.327 [DEBUG] VALIDATION - Starting wrapper validation for package: mc
2025-09-27 06:38:35.329 [DEBUG] VALIDATION -   Wrapper validation passed for mc
2025-09-27 06:38:35.330 [INFO] PORTX - Processing: mdcat
2025-09-27 06:38:35.332 [DEBUG] PORTX - Validating package: mdcat
2025-09-27 06:38:35.335 [DEBUG] PORTX - Package mdcat validation passed
2025-09-27 06:38:35.337 [INFO] PORTX -   Import type: wrap
2025-09-27 06:38:35.338 [INFO] PORTX -   WRAP: mdcat
2025-09-27 06:38:35.339 [DEBUG] PORTX - Processing tool: mdcat, path: mdcat.exe
2025-09-27 06:38:35.340 [DEBUG] PORTX - About to create bash wrapper with: PackageName=mdcat, ToolName=mdcat, ExecutablePath=mdcat.exe, DefaultArgs=''
2025-09-27 06:38:35.342 [DEBUG] PORTX - New-UniversalBashWrapper called with PackageName='mdcat', ToolName='mdcat'
2025-09-27 06:38:35.344 [DEBUG] SANITIZE - Sanitizing file: C:\App\PORTX\wrappers\posix\mdcat
2025-09-27 06:38:35.345 [DEBUG] SANITIZE - File sanitized: C:\App\PORTX\wrappers\posix\mdcat
2025-09-27 06:38:35.346 [DEBUG] PORTX - Created universal bash wrapper: C:\App\PORTX\wrappers\posix\mdcat
2025-09-27 06:38:35.348 [DEBUG] PORTX - New-UniversalCmdWrapper called with PackageName='mdcat', ToolName='mdcat'
2025-09-27 06:38:35.350 [DEBUG] PORTX - Created universal CMD wrapper: C:\App\PORTX\wrappers\windows\mdcat.cmd
2025-09-27 06:38:35.352 [DEBUG] PORTX - About to create Go wrapper with: PackageName=mdcat, ToolName=mdcat, ExecutablePath=mdcat.exe, DefaultArgs=''
2025-09-27 06:38:35.353 [INFO] PORTX -   Created 1 wrappers for mdcat
2025-09-27 06:38:35.354 [DEBUG] VALIDATION - Starting wrapper validation for package: mdcat
2025-09-27 06:38:35.355 [DEBUG] VALIDATION -   Wrapper validation passed for mdcat
2025-09-27 06:38:35.357 [INFO] PORTX - Processing: mediainfo
2025-09-27 06:38:35.358 [DEBUG] PORTX - Validating package: mediainfo
2025-09-27 06:38:35.362 [DEBUG] PORTX - Package mediainfo validation passed
2025-09-27 06:38:35.364 [INFO] PORTX -   Import type: wrap
2025-09-27 06:38:35.365 [INFO] PORTX -   WRAP: mediainfo
2025-09-27 06:38:35.366 [DEBUG] PORTX - Processing tool: mediainfo, path: MediaInfo.exe
2025-09-27 06:38:35.367 [DEBUG] PORTX - About to create bash wrapper with: PackageName=mediainfo, ToolName=mediainfo, ExecutablePath=MediaInfo.exe, DefaultArgs=''
2025-09-27 06:38:35.368 [DEBUG] PORTX - New-UniversalBashWrapper called with PackageName='mediainfo', ToolName='mediainfo'
2025-09-27 06:38:35.370 [DEBUG] SANITIZE - Sanitizing file: C:\App\PORTX\wrappers\posix\mediainfo
2025-09-27 06:38:35.372 [DEBUG] SANITIZE - File sanitized: C:\App\PORTX\wrappers\posix\mediainfo
2025-09-27 06:38:35.373 [DEBUG] PORTX - Created universal bash wrapper: C:\App\PORTX\wrappers\posix\mediainfo
2025-09-27 06:38:35.374 [DEBUG] PORTX - New-UniversalCmdWrapper called with PackageName='mediainfo', ToolName='mediainfo'
2025-09-27 06:38:35.377 [DEBUG] PORTX - Created universal CMD wrapper: C:\App\PORTX\wrappers\windows\mediainfo.cmd
2025-09-27 06:38:35.378 [DEBUG] PORTX - About to create Go wrapper with: PackageName=mediainfo, ToolName=mediainfo, ExecutablePath=MediaInfo.exe, DefaultArgs=''
2025-09-27 06:38:35.379 [INFO] PORTX -   Created 1 wrappers for mediainfo
2025-09-27 06:38:35.381 [DEBUG] VALIDATION - Starting wrapper validation for package: mediainfo
2025-09-27 06:38:35.382 [DEBUG] VALIDATION -   Wrapper validation passed for mediainfo
2025-09-27 06:38:35.383 [INFO] PORTX - Processing: micro
2025-09-27 06:38:35.385 [DEBUG] PORTX - Validating package: micro
2025-09-27 06:38:35.388 [DEBUG] PORTX - Package micro validation passed
2025-09-27 06:38:35.390 [INFO] PORTX -   Import type: wrap
2025-09-27 06:38:35.391 [INFO] PORTX -   WRAP: micro
2025-09-27 06:38:35.393 [DEBUG] PORTX - Processing tool: micro, path: micro.exe
2025-09-27 06:38:35.394 [DEBUG] PORTX - About to create bash wrapper with: PackageName=micro, ToolName=micro, ExecutablePath=micro.exe, DefaultArgs=''
2025-09-27 06:38:35.395 [DEBUG] PORTX - New-UniversalBashWrapper called with PackageName='micro', ToolName='micro'
2025-09-27 06:38:35.397 [DEBUG] SANITIZE - Sanitizing file: C:\App\PORTX\wrappers\posix\micro
2025-09-27 06:38:35.399 [DEBUG] SANITIZE - File sanitized: C:\App\PORTX\wrappers\posix\micro
2025-09-27 06:38:35.400 [DEBUG] PORTX - Created universal bash wrapper: C:\App\PORTX\wrappers\posix\micro
2025-09-27 06:38:35.401 [DEBUG] PORTX - New-UniversalCmdWrapper called with PackageName='micro', ToolName='micro'
2025-09-27 06:38:35.404 [DEBUG] PORTX - Created universal CMD wrapper: C:\App\PORTX\wrappers\windows\micro.cmd
2025-09-27 06:38:35.405 [DEBUG] PORTX - About to create Go wrapper with: PackageName=micro, ToolName=micro, ExecutablePath=micro.exe, DefaultArgs=''
2025-09-27 06:38:35.406 [INFO] PORTX -   Created 1 wrappers for micro
2025-09-27 06:38:35.408 [DEBUG] VALIDATION - Starting wrapper validation for package: micro
2025-09-27 06:38:35.409 [DEBUG] VALIDATION -   Wrapper validation passed for micro
2025-09-27 06:38:35.410 [INFO] PORTX - Processing: miller
2025-09-27 06:38:35.412 [DEBUG] PORTX - Validating package: miller
2025-09-27 06:38:35.415 [DEBUG] PORTX - Package miller validation passed
2025-09-27 06:38:35.417 [INFO] PORTX -   Import type: wrap
2025-09-27 06:38:35.418 [INFO] PORTX -   WRAP: miller
2025-09-27 06:38:35.420 [DEBUG] PORTX - Processing tool: mlr, path: mlr.exe
2025-09-27 06:38:35.422 [DEBUG] PORTX - About to create bash wrapper with: PackageName=miller, ToolName=mlr, ExecutablePath=mlr.exe, DefaultArgs=''
2025-09-27 06:38:35.423 [DEBUG] PORTX - New-UniversalBashWrapper called with PackageName='miller', ToolName='mlr'
2025-09-27 06:38:35.425 [DEBUG] SANITIZE - Sanitizing file: C:\App\PORTX\wrappers\posix\mlr
2025-09-27 06:38:35.427 [DEBUG] SANITIZE - File sanitized: C:\App\PORTX\wrappers\posix\mlr
2025-09-27 06:38:35.428 [DEBUG] PORTX - Created universal bash wrapper: C:\App\PORTX\wrappers\posix\mlr
2025-09-27 06:38:35.429 [DEBUG] PORTX - New-UniversalCmdWrapper called with PackageName='miller', ToolName='mlr'
2025-09-27 06:38:35.432 [DEBUG] PORTX - Created universal CMD wrapper: C:\App\PORTX\wrappers\windows\mlr.cmd
2025-09-27 06:38:35.433 [DEBUG] PORTX - About to create Go wrapper with: PackageName=miller, ToolName=mlr, ExecutablePath=mlr.exe, DefaultArgs=''
2025-09-27 06:38:35.435 [INFO] PORTX -   Created 1 wrappers for miller
2025-09-27 06:38:35.436 [DEBUG] VALIDATION - Starting wrapper validation for package: miller
2025-09-27 06:38:35.437 [DEBUG] VALIDATION -   Wrapper validation passed for miller
2025-09-27 06:38:35.438 [INFO] PORTX - Processing: minikube
2025-09-27 06:38:35.440 [DEBUG] PORTX - Validating package: minikube
2025-09-27 06:38:35.444 [DEBUG] PORTX - Package minikube validation passed
2025-09-27 06:38:35.446 [INFO] PORTX -   Import type: wrap
2025-09-27 06:38:35.447 [INFO] PORTX -   WRAP: minikube
2025-09-27 06:38:35.448 [DEBUG] PORTX - Processing tool: minikube, path: minikube.exe
2025-09-27 06:38:35.449 [DEBUG] PORTX - About to create bash wrapper with: PackageName=minikube, ToolName=minikube, ExecutablePath=minikube.exe, DefaultArgs=''
2025-09-27 06:38:35.451 [DEBUG] PORTX - New-UniversalBashWrapper called with PackageName='minikube', ToolName='minikube'
2025-09-27 06:38:35.452 [DEBUG] SANITIZE - Sanitizing file: C:\App\PORTX\wrappers\posix\minikube
2025-09-27 06:38:35.455 [DEBUG] SANITIZE - File sanitized: C:\App\PORTX\wrappers\posix\minikube
2025-09-27 06:38:35.456 [DEBUG] PORTX - Created universal bash wrapper: C:\App\PORTX\wrappers\posix\minikube
2025-09-27 06:38:35.457 [DEBUG] PORTX - New-UniversalCmdWrapper called with PackageName='minikube', ToolName='minikube'
2025-09-27 06:38:35.460 [DEBUG] PORTX - Created universal CMD wrapper: C:\App\PORTX\wrappers\windows\minikube.cmd
2025-09-27 06:38:35.461 [DEBUG] PORTX - About to create Go wrapper with: PackageName=minikube, ToolName=minikube, ExecutablePath=minikube.exe, DefaultArgs=''
2025-09-27 06:38:35.462 [INFO] PORTX -   Created 1 wrappers for minikube
2025-09-27 06:38:35.464 [DEBUG] VALIDATION - Starting wrapper validation for package: minikube
2025-09-27 06:38:35.465 [DEBUG] VALIDATION -   Wrapper validation passed for minikube
2025-09-27 06:38:35.466 [INFO] PORTX - Processing: miniserve
2025-09-27 06:38:35.468 [DEBUG] PORTX - Validating package: miniserve
2025-09-27 06:38:35.471 [DEBUG] PORTX - Package miniserve validation passed
2025-09-27 06:38:35.473 [INFO] PORTX -   Import type: wrap
2025-09-27 06:38:35.474 [INFO] PORTX -   WRAP: miniserve
2025-09-27 06:38:35.476 [DEBUG] PORTX - Processing tool: miniserve, path: miniserve.exe
2025-09-27 06:38:35.477 [DEBUG] PORTX - About to create bash wrapper with: PackageName=miniserve, ToolName=miniserve, ExecutablePath=miniserve.exe, DefaultArgs=''
2025-09-27 06:38:35.478 [DEBUG] PORTX - New-UniversalBashWrapper called with PackageName='miniserve', ToolName='miniserve'
2025-09-27 06:38:35.480 [DEBUG] SANITIZE - Sanitizing file: C:\App\PORTX\wrappers\posix\miniserve
2025-09-27 06:38:35.482 [DEBUG] SANITIZE - File sanitized: C:\App\PORTX\wrappers\posix\miniserve
2025-09-27 06:38:35.483 [DEBUG] PORTX - Created universal bash wrapper: C:\App\PORTX\wrappers\posix\miniserve
2025-09-27 06:38:35.484 [DEBUG] PORTX - New-UniversalCmdWrapper called with PackageName='miniserve', ToolName='miniserve'
2025-09-27 06:38:35.487 [DEBUG] PORTX - Created universal CMD wrapper: C:\App\PORTX\wrappers\windows\miniserve.cmd
2025-09-27 06:38:35.488 [DEBUG] PORTX - About to create Go wrapper with: PackageName=miniserve, ToolName=miniserve, ExecutablePath=miniserve.exe, DefaultArgs=''
2025-09-27 06:38:35.489 [INFO] PORTX -   Created 1 wrappers for miniserve
2025-09-27 06:38:35.491 [DEBUG] VALIDATION - Starting wrapper validation for package: miniserve
2025-09-27 06:38:35.492 [DEBUG] VALIDATION -   Wrapper validation passed for miniserve
2025-09-27 06:38:35.493 [INFO] PORTX - Processing: mkcert
2025-09-27 06:38:35.495 [DEBUG] PORTX - Validating package: mkcert
2025-09-27 06:38:35.498 [DEBUG] PORTX - Package mkcert validation passed
2025-09-27 06:38:35.500 [INFO] PORTX -   Import type: wrap
2025-09-27 06:38:35.501 [INFO] PORTX -   WRAP: mkcert
2025-09-27 06:38:35.503 [DEBUG] PORTX - Processing tool: mkcert, path: mkcert.exe
2025-09-27 06:38:35.504 [DEBUG] PORTX - About to create bash wrapper with: PackageName=mkcert, ToolName=mkcert, ExecutablePath=mkcert.exe, DefaultArgs=''
2025-09-27 06:38:35.505 [DEBUG] PORTX - New-UniversalBashWrapper called with PackageName='mkcert', ToolName='mkcert'
2025-09-27 06:38:35.507 [DEBUG] SANITIZE - Sanitizing file: C:\App\PORTX\wrappers\posix\mkcert
2025-09-27 06:38:35.509 [DEBUG] SANITIZE - File sanitized: C:\App\PORTX\wrappers\posix\mkcert
2025-09-27 06:38:35.510 [DEBUG] PORTX - Created universal bash wrapper: C:\App\PORTX\wrappers\posix\mkcert
2025-09-27 06:38:35.512 [DEBUG] PORTX - New-UniversalCmdWrapper called with PackageName='mkcert', ToolName='mkcert'
2025-09-27 06:38:35.514 [DEBUG] PORTX - Created universal CMD wrapper: C:\App\PORTX\wrappers\windows\mkcert.cmd
2025-09-27 06:38:35.515 [DEBUG] PORTX - About to create Go wrapper with: PackageName=mkcert, ToolName=mkcert, ExecutablePath=mkcert.exe, DefaultArgs=''
2025-09-27 06:38:35.517 [INFO] PORTX -   Created 1 wrappers for mkcert
2025-09-27 06:38:35.519 [DEBUG] VALIDATION - Starting wrapper validation for package: mkcert
2025-09-27 06:38:35.520 [DEBUG] VALIDATION -   Wrapper validation passed for mkcert
2025-09-27 06:38:35.521 [INFO] PORTX - Processing: monitoring
2025-09-27 06:38:35.523 [DEBUG] PORTX - Validating package: monitoring
2025-09-27 06:38:35.529 [DEBUG] PORTX - Package monitoring validation passed
2025-09-27 06:38:35.531 [INFO] PORTX -   Import type: wrap
2025-09-27 06:38:35.532 [INFO] PORTX -   WRAP: monitoring
2025-09-27 06:38:35.533 [DEBUG] PORTX - Processing tool: promtool, path: promtool.exe
2025-09-27 06:38:35.535 [DEBUG] PORTX - About to create bash wrapper with: PackageName=monitoring, ToolName=promtool, ExecutablePath=promtool.exe, DefaultArgs=''
2025-09-27 06:38:35.536 [DEBUG] PORTX - New-UniversalBashWrapper called with PackageName='monitoring', ToolName='promtool'
2025-09-27 06:38:35.538 [DEBUG] SANITIZE - Sanitizing file: C:\App\PORTX\wrappers\posix\promtool
2025-09-27 06:38:35.540 [DEBUG] SANITIZE - File sanitized: C:\App\PORTX\wrappers\posix\promtool
2025-09-27 06:38:35.541 [DEBUG] PORTX - Created universal bash wrapper: C:\App\PORTX\wrappers\posix\promtool
2025-09-27 06:38:35.542 [DEBUG] PORTX - New-UniversalCmdWrapper called with PackageName='monitoring', ToolName='promtool'
2025-09-27 06:38:35.545 [DEBUG] PORTX - Created universal CMD wrapper: C:\App\PORTX\wrappers\windows\promtool.cmd
2025-09-27 06:38:35.546 [DEBUG] PORTX - About to create Go wrapper with: PackageName=monitoring, ToolName=promtool, ExecutablePath=promtool.exe, DefaultArgs=''
2025-09-27 06:38:35.547 [DEBUG] PORTX - Processing tool: telegraf, path: telegraf.exe
2025-09-27 06:38:35.548 [DEBUG] PORTX - About to create bash wrapper with: PackageName=monitoring, ToolName=telegraf, ExecutablePath=telegraf.exe, DefaultArgs=''
2025-09-27 06:38:35.549 [DEBUG] PORTX - New-UniversalBashWrapper called with PackageName='monitoring', ToolName='telegraf'
2025-09-27 06:38:35.551 [DEBUG] SANITIZE - Sanitizing file: C:\App\PORTX\wrappers\posix\telegraf
2025-09-27 06:38:35.553 [DEBUG] SANITIZE - File sanitized: C:\App\PORTX\wrappers\posix\telegraf
2025-09-27 06:38:35.554 [DEBUG] PORTX - Created universal bash wrapper: C:\App\PORTX\wrappers\posix\telegraf
2025-09-27 06:38:35.555 [DEBUG] PORTX - New-UniversalCmdWrapper called with PackageName='monitoring', ToolName='telegraf'
2025-09-27 06:38:35.558 [DEBUG] PORTX - Created universal CMD wrapper: C:\App\PORTX\wrappers\windows\telegraf.cmd
2025-09-27 06:38:35.559 [DEBUG] PORTX - About to create Go wrapper with: PackageName=monitoring, ToolName=telegraf, ExecutablePath=telegraf.exe, DefaultArgs=''
2025-09-27 06:38:35.561 [INFO] PORTX -   Created 2 wrappers for monitoring
2025-09-27 06:38:35.562 [DEBUG] VALIDATION - Starting wrapper validation for package: monitoring
2025-09-27 06:38:35.563 [DEBUG] VALIDATION -   Wrapper validation passed for monitoring
2025-09-27 06:38:35.564 [INFO] PORTX - Processing: musikube
2025-09-27 06:38:35.566 [DEBUG] PORTX - Validating package: musikube
2025-09-27 06:38:35.571 [DEBUG] PORTX - Package musikube validation passed
2025-09-27 06:38:35.573 [INFO] PORTX -   Import type: wrap
2025-09-27 06:38:35.574 [INFO] PORTX -   WRAP: musikube
2025-09-27 06:38:35.576 [DEBUG] PORTX - Processing tool: musikcube, path: musikcube.exe
2025-09-27 06:38:35.577 [DEBUG] PORTX - About to create bash wrapper with: PackageName=musikube, ToolName=musikcube, ExecutablePath=musikcube.exe, DefaultArgs=''
2025-09-27 06:38:35.578 [DEBUG] PORTX - New-UniversalBashWrapper called with PackageName='musikube', ToolName='musikcube'
2025-09-27 06:38:35.580 [DEBUG] SANITIZE - Sanitizing file: C:\App\PORTX\wrappers\posix\musikcube
2025-09-27 06:38:35.582 [DEBUG] SANITIZE - File sanitized: C:\App\PORTX\wrappers\posix\musikcube
2025-09-27 06:38:35.583 [DEBUG] PORTX - Created universal bash wrapper: C:\App\PORTX\wrappers\posix\musikcube
2025-09-27 06:38:35.584 [DEBUG] PORTX - New-UniversalCmdWrapper called with PackageName='musikube', ToolName='musikcube'
2025-09-27 06:38:35.587 [DEBUG] PORTX - Created universal CMD wrapper: C:\App\PORTX\wrappers\windows\musikcube.cmd
2025-09-27 06:38:35.588 [DEBUG] PORTX - About to create Go wrapper with: PackageName=musikube, ToolName=musikcube, ExecutablePath=musikcube.exe, DefaultArgs=''
2025-09-27 06:38:35.589 [DEBUG] PORTX - Processing tool: musikcube-gui, path: musikcube-gui.exe
2025-09-27 06:38:35.590 [DEBUG] PORTX - About to create bash wrapper with: PackageName=musikube, ToolName=musikcube-gui, ExecutablePath=musikcube-gui.exe, DefaultArgs=''
2025-09-27 06:38:35.592 [DEBUG] PORTX - New-UniversalBashWrapper called with PackageName='musikube', ToolName='musikcube-gui'
2025-09-27 06:38:35.594 [DEBUG] SANITIZE - Sanitizing file: C:\App\PORTX\wrappers\posix\musikcube-gui
2025-09-27 06:38:35.596 [DEBUG] SANITIZE - File sanitized: C:\App\PORTX\wrappers\posix\musikcube-gui
2025-09-27 06:38:35.597 [DEBUG] PORTX - Created universal bash wrapper: C:\App\PORTX\wrappers\posix\musikcube-gui
2025-09-27 06:38:35.598 [DEBUG] PORTX - New-UniversalCmdWrapper called with PackageName='musikube', ToolName='musikcube-gui'
2025-09-27 06:38:35.601 [DEBUG] PORTX - Created universal CMD wrapper: C:\App\PORTX\wrappers\windows\musikcube-gui.cmd
2025-09-27 06:38:35.602 [DEBUG] PORTX - About to create Go wrapper with: PackageName=musikube, ToolName=musikcube-gui, ExecutablePath=musikcube-gui.exe, DefaultArgs=''
2025-09-27 06:38:35.603 [INFO] PORTX -   Created 2 wrappers for musikube
2025-09-27 06:38:35.604 [DEBUG] VALIDATION - Starting wrapper validation for package: musikube
2025-09-27 06:38:35.606 [DEBUG] VALIDATION -   Wrapper validation passed for musikube
2025-09-27 06:38:35.607 [INFO] PORTX - Processing: naabu
2025-09-27 06:38:35.609 [DEBUG] PORTX - Validating package: naabu
2025-09-27 06:38:35.612 [DEBUG] PORTX - Package naabu validation passed
2025-09-27 06:38:35.614 [INFO] PORTX -   Import type: wrap
2025-09-27 06:38:35.615 [INFO] PORTX -   WRAP: naabu
2025-09-27 06:38:35.617 [DEBUG] PORTX - Processing tool: naabu, path: naabu.exe
2025-09-27 06:38:35.618 [DEBUG] PORTX - About to create bash wrapper with: PackageName=naabu, ToolName=naabu, ExecutablePath=naabu.exe, DefaultArgs=''
2025-09-27 06:38:35.619 [DEBUG] PORTX - New-UniversalBashWrapper called with PackageName='naabu', ToolName='naabu'
2025-09-27 06:38:35.621 [DEBUG] SANITIZE - Sanitizing file: C:\App\PORTX\wrappers\posix\naabu
2025-09-27 06:38:35.623 [DEBUG] SANITIZE - File sanitized: C:\App\PORTX\wrappers\posix\naabu
2025-09-27 06:38:35.624 [DEBUG] PORTX - Created universal bash wrapper: C:\App\PORTX\wrappers\posix\naabu
2025-09-27 06:38:35.625 [DEBUG] PORTX - New-UniversalCmdWrapper called with PackageName='naabu', ToolName='naabu'
2025-09-27 06:38:35.628 [DEBUG] PORTX - Created universal CMD wrapper: C:\App\PORTX\wrappers\windows\naabu.cmd
2025-09-27 06:38:35.629 [DEBUG] PORTX - About to create Go wrapper with: PackageName=naabu, ToolName=naabu, ExecutablePath=naabu.exe, DefaultArgs=''
2025-09-27 06:38:35.632 [INFO] PORTX -   Created 1 wrappers for naabu
2025-09-27 06:38:35.633 [DEBUG] VALIDATION - Starting wrapper validation for package: naabu
2025-09-27 06:38:35.635 [DEBUG] VALIDATION -   Wrapper validation passed for naabu
2025-09-27 06:38:35.636 [INFO] PORTX - Processing: navi
2025-09-27 06:38:35.637 [DEBUG] PORTX - Validating package: navi
2025-09-27 06:38:35.641 [DEBUG] PORTX - Package navi validation passed
2025-09-27 06:38:35.643 [INFO] PORTX -   Import type: wrap
2025-09-27 06:38:35.644 [INFO] PORTX -   WRAP: navi
2025-09-27 06:38:35.645 [DEBUG] PORTX - Processing tool: navi, path: navi.exe
2025-09-27 06:38:35.646 [DEBUG] PORTX - About to create bash wrapper with: PackageName=navi, ToolName=navi, ExecutablePath=navi.exe, DefaultArgs=''
2025-09-27 06:38:35.648 [DEBUG] PORTX - New-UniversalBashWrapper called with PackageName='navi', ToolName='navi'
2025-09-27 06:38:35.650 [DEBUG] SANITIZE - Sanitizing file: C:\App\PORTX\wrappers\posix\navi
2025-09-27 06:38:35.652 [DEBUG] SANITIZE - File sanitized: C:\App\PORTX\wrappers\posix\navi
2025-09-27 06:38:35.653 [DEBUG] PORTX - Created universal bash wrapper: C:\App\PORTX\wrappers\posix\navi
2025-09-27 06:38:35.654 [DEBUG] PORTX - New-UniversalCmdWrapper called with PackageName='navi', ToolName='navi'
2025-09-27 06:38:35.657 [DEBUG] PORTX - Created universal CMD wrapper: C:\App\PORTX\wrappers\windows\navi.cmd
2025-09-27 06:38:35.658 [DEBUG] PORTX - About to create Go wrapper with: PackageName=navi, ToolName=navi, ExecutablePath=navi.exe, DefaultArgs=''
2025-09-27 06:38:35.659 [INFO] PORTX -   Created 1 wrappers for navi
2025-09-27 06:38:35.661 [DEBUG] VALIDATION - Starting wrapper validation for package: navi
2025-09-27 06:38:35.662 [DEBUG] VALIDATION -   Wrapper validation passed for navi
2025-09-27 06:38:35.664 [INFO] PORTX - Processing: nerdctl
2025-09-27 06:38:35.665 [DEBUG] PORTX - Validating package: nerdctl
2025-09-27 06:38:35.669 [DEBUG] PORTX - Package nerdctl validation passed
2025-09-27 06:38:35.671 [INFO] PORTX -   Import type: wrap
2025-09-27 06:38:35.672 [INFO] PORTX -   WRAP: nerdctl
2025-09-27 06:38:35.673 [DEBUG] PORTX - Processing tool: nerdctl, path: nerdctl.exe
2025-09-27 06:38:35.675 [DEBUG] PORTX - About to create bash wrapper with: PackageName=nerdctl, ToolName=nerdctl, ExecutablePath=nerdctl.exe, DefaultArgs=''
2025-09-27 06:38:35.676 [DEBUG] PORTX - New-UniversalBashWrapper called with PackageName='nerdctl', ToolName='nerdctl'
2025-09-27 06:38:35.678 [DEBUG] SANITIZE - Sanitizing file: C:\App\PORTX\wrappers\posix\nerdctl
2025-09-27 06:38:35.679 [DEBUG] SANITIZE - File sanitized: C:\App\PORTX\wrappers\posix\nerdctl
2025-09-27 06:38:35.680 [DEBUG] PORTX - Created universal bash wrapper: C:\App\PORTX\wrappers\posix\nerdctl
2025-09-27 06:38:35.682 [DEBUG] PORTX - New-UniversalCmdWrapper called with PackageName='nerdctl', ToolName='nerdctl'
2025-09-27 06:38:35.684 [DEBUG] PORTX - Created universal CMD wrapper: C:\App\PORTX\wrappers\windows\nerdctl.cmd
2025-09-27 06:38:35.686 [DEBUG] PORTX - About to create Go wrapper with: PackageName=nerdctl, ToolName=nerdctl, ExecutablePath=nerdctl.exe, DefaultArgs=''
2025-09-27 06:38:35.687 [INFO] PORTX -   Created 1 wrappers for nerdctl
2025-09-27 06:38:35.688 [DEBUG] VALIDATION - Starting wrapper validation for package: nerdctl
2025-09-27 06:38:35.689 [DEBUG] VALIDATION -   Wrapper validation passed for nerdctl
2025-09-27 06:38:35.691 [INFO] PORTX - Processing: ninja
2025-09-27 06:38:35.692 [DEBUG] PORTX - Validating package: ninja
2025-09-27 06:38:35.696 [DEBUG] PORTX - Package ninja validation passed
2025-09-27 06:38:35.698 [INFO] PORTX -   Import type: wrap
2025-09-27 06:38:35.699 [INFO] PORTX -   WRAP: ninja
2025-09-27 06:38:35.701 [DEBUG] PORTX - Processing tool: ninja, path: ninja.exe
2025-09-27 06:38:35.702 [DEBUG] PORTX - About to create bash wrapper with: PackageName=ninja, ToolName=ninja, ExecutablePath=ninja.exe, DefaultArgs=''
2025-09-27 06:38:35.703 [DEBUG] PORTX - New-UniversalBashWrapper called with PackageName='ninja', ToolName='ninja'
2025-09-27 06:38:35.705 [DEBUG] SANITIZE - Sanitizing file: C:\App\PORTX\wrappers\posix\ninja
2025-09-27 06:38:35.707 [DEBUG] SANITIZE - File sanitized: C:\App\PORTX\wrappers\posix\ninja
2025-09-27 06:38:35.708 [DEBUG] PORTX - Created universal bash wrapper: C:\App\PORTX\wrappers\posix\ninja
2025-09-27 06:38:35.709 [DEBUG] PORTX - New-UniversalCmdWrapper called with PackageName='ninja', ToolName='ninja'
2025-09-27 06:38:35.712 [DEBUG] PORTX - Created universal CMD wrapper: C:\App\PORTX\wrappers\windows\ninja.cmd
2025-09-27 06:38:35.713 [DEBUG] PORTX - About to create Go wrapper with: PackageName=ninja, ToolName=ninja, ExecutablePath=ninja.exe, DefaultArgs=''
2025-09-27 06:38:35.714 [INFO] PORTX -   Created 1 wrappers for ninja
2025-09-27 06:38:35.716 [DEBUG] VALIDATION - Starting wrapper validation for package: ninja
2025-09-27 06:38:35.717 [DEBUG] VALIDATION -   Wrapper validation passed for ninja
2025-09-27 06:38:35.718 [INFO] PORTX - Processing: nircmd
2025-09-27 06:38:35.720 [DEBUG] PORTX - Validating package: nircmd
2025-09-27 06:38:35.724 [DEBUG] PORTX - Package nircmd validation passed
2025-09-27 06:38:35.726 [INFO] PORTX -   Import type: wrap
2025-09-27 06:38:35.728 [INFO] PORTX -   WRAP: nircmd
2025-09-27 06:38:35.729 [DEBUG] PORTX - Processing tool: nircmd, path: nircmd.exe
2025-09-27 06:38:35.730 [DEBUG] PORTX - About to create bash wrapper with: PackageName=nircmd, ToolName=nircmd, ExecutablePath=nircmd.exe, DefaultArgs=''
2025-09-27 06:38:35.731 [DEBUG] PORTX - New-UniversalBashWrapper called with PackageName='nircmd', ToolName='nircmd'
2025-09-27 06:38:35.733 [DEBUG] SANITIZE - Sanitizing file: C:\App\PORTX\wrappers\posix\nircmd
2025-09-27 06:38:35.736 [DEBUG] SANITIZE - File sanitized: C:\App\PORTX\wrappers\posix\nircmd
2025-09-27 06:38:35.737 [DEBUG] PORTX - Created universal bash wrapper: C:\App\PORTX\wrappers\posix\nircmd
2025-09-27 06:38:35.738 [DEBUG] PORTX - New-UniversalCmdWrapper called with PackageName='nircmd', ToolName='nircmd'
2025-09-27 06:38:35.741 [DEBUG] PORTX - Created universal CMD wrapper: C:\App\PORTX\wrappers\windows\nircmd.cmd
2025-09-27 06:38:35.742 [DEBUG] PORTX - About to create Go wrapper with: PackageName=nircmd, ToolName=nircmd, ExecutablePath=nircmd.exe, DefaultArgs=''
2025-09-27 06:38:35.743 [DEBUG] PORTX - Processing tool: nircmdc, path: nircmdc.exe
2025-09-27 06:38:35.744 [DEBUG] PORTX - About to create bash wrapper with: PackageName=nircmd, ToolName=nircmdc, ExecutablePath=nircmdc.exe, DefaultArgs=''
2025-09-27 06:38:35.746 [DEBUG] PORTX - New-UniversalBashWrapper called with PackageName='nircmd', ToolName='nircmdc'
2025-09-27 06:38:35.748 [DEBUG] SANITIZE - Sanitizing file: C:\App\PORTX\wrappers\posix\nircmdc
2025-09-27 06:38:35.749 [DEBUG] SANITIZE - File sanitized: C:\App\PORTX\wrappers\posix\nircmdc
2025-09-27 06:38:35.750 [DEBUG] PORTX - Created universal bash wrapper: C:\App\PORTX\wrappers\posix\nircmdc
2025-09-27 06:38:35.752 [DEBUG] PORTX - New-UniversalCmdWrapper called with PackageName='nircmd', ToolName='nircmdc'
2025-09-27 06:38:35.754 [DEBUG] PORTX - Created universal CMD wrapper: C:\App\PORTX\wrappers\windows\nircmdc.cmd
2025-09-27 06:38:35.755 [DEBUG] PORTX - About to create Go wrapper with: PackageName=nircmd, ToolName=nircmdc, ExecutablePath=nircmdc.exe, DefaultArgs=''
2025-09-27 06:38:35.757 [INFO] PORTX -   Created 2 wrappers for nircmd
2025-09-27 06:38:35.758 [DEBUG] VALIDATION - Starting wrapper validation for package: nircmd
2025-09-27 06:38:35.759 [DEBUG] VALIDATION -   Wrapper validation passed for nircmd
2025-09-27 06:38:35.761 [INFO] PORTX - Processing: nmap
2025-09-27 06:38:35.762 [DEBUG] PORTX - Validating package: nmap
2025-09-27 06:38:35.771 [DEBUG] PORTX - Package nmap validation passed
2025-09-27 06:38:35.773 [INFO] PORTX -   Import type: wrap
2025-09-27 06:38:35.774 [INFO] PORTX -   WRAP: nmap
2025-09-27 06:38:35.776 [DEBUG] PORTX - Processing tool: ncat, path: ncat.exe
2025-09-27 06:38:35.777 [DEBUG] PORTX - About to create bash wrapper with: PackageName=nmap, ToolName=ncat, ExecutablePath=ncat.exe, DefaultArgs=''
2025-09-27 06:38:35.778 [DEBUG] PORTX - New-UniversalBashWrapper called with PackageName='nmap', ToolName='ncat'
2025-09-27 06:38:35.780 [DEBUG] SANITIZE - Sanitizing file: C:\App\PORTX\wrappers\posix\ncat
2025-09-27 06:38:35.782 [DEBUG] SANITIZE - File sanitized: C:\App\PORTX\wrappers\posix\ncat
2025-09-27 06:38:35.783 [DEBUG] PORTX - Created universal bash wrapper: C:\App\PORTX\wrappers\posix\ncat
2025-09-27 06:38:35.784 [DEBUG] PORTX - New-UniversalCmdWrapper called with PackageName='nmap', ToolName='ncat'
2025-09-27 06:38:35.786 [DEBUG] PORTX - Created universal CMD wrapper: C:\App\PORTX\wrappers\windows\ncat.cmd
2025-09-27 06:38:35.788 [DEBUG] PORTX - About to create Go wrapper with: PackageName=nmap, ToolName=ncat, ExecutablePath=ncat.exe, DefaultArgs=''
2025-09-27 06:38:35.789 [DEBUG] PORTX - Processing tool: nmap, path: nmap.exe
2025-09-27 06:38:35.790 [DEBUG] PORTX - About to create bash wrapper with: PackageName=nmap, ToolName=nmap, ExecutablePath=nmap.exe, DefaultArgs=''
2025-09-27 06:38:35.791 [DEBUG] PORTX - New-UniversalBashWrapper called with PackageName='nmap', ToolName='nmap'
2025-09-27 06:38:35.793 [DEBUG] SANITIZE - Sanitizing file: C:\App\PORTX\wrappers\posix\nmap
2025-09-27 06:38:35.795 [DEBUG] SANITIZE - File sanitized: C:\App\PORTX\wrappers\posix\nmap
2025-09-27 06:38:35.796 [DEBUG] PORTX - Created universal bash wrapper: C:\App\PORTX\wrappers\posix\nmap
2025-09-27 06:38:35.797 [DEBUG] PORTX - New-UniversalCmdWrapper called with PackageName='nmap', ToolName='nmap'
2025-09-27 06:38:35.800 [DEBUG] PORTX - Created universal CMD wrapper: C:\App\PORTX\wrappers\windows\nmap.cmd
2025-09-27 06:38:35.801 [DEBUG] PORTX - About to create Go wrapper with: PackageName=nmap, ToolName=nmap, ExecutablePath=nmap.exe, DefaultArgs=''
2025-09-27 06:38:35.802 [DEBUG] PORTX - Processing tool: npcap-installer, path: npcap-1.83.exe
2025-09-27 06:38:35.804 [DEBUG] PORTX - About to create bash wrapper with: PackageName=nmap, ToolName=npcap-installer, ExecutablePath=npcap-1.83.exe, DefaultArgs=''
2025-09-27 06:38:35.805 [DEBUG] PORTX - New-UniversalBashWrapper called with PackageName='nmap', ToolName='npcap-installer'
2025-09-27 06:38:35.807 [DEBUG] SANITIZE - Sanitizing file: C:\App\PORTX\wrappers\posix\npcap-installer
2025-09-27 06:38:35.808 [DEBUG] SANITIZE - File sanitized: C:\App\PORTX\wrappers\posix\npcap-installer
2025-09-27 06:38:35.810 [DEBUG] PORTX - Created universal bash wrapper: C:\App\PORTX\wrappers\posix\npcap-installer
2025-09-27 06:38:35.811 [DEBUG] PORTX - New-UniversalCmdWrapper called with PackageName='nmap', ToolName='npcap-installer'
2025-09-27 06:38:35.813 [DEBUG] PORTX - Created universal CMD wrapper: C:\App\PORTX\wrappers\windows\npcap-installer.cmd
2025-09-27 06:38:35.814 [DEBUG] PORTX - About to create Go wrapper with: PackageName=nmap, ToolName=npcap-installer, ExecutablePath=npcap-1.83.exe, DefaultArgs=''
2025-09-27 06:38:35.816 [DEBUG] PORTX - Processing tool: npcap-helper, path: NpcapHelper.exe
2025-09-27 06:38:35.817 [DEBUG] PORTX - About to create bash wrapper with: PackageName=nmap, ToolName=npcap-helper, ExecutablePath=NpcapHelper.exe, DefaultArgs=''
2025-09-27 06:38:35.818 [DEBUG] PORTX - New-UniversalBashWrapper called with PackageName='nmap', ToolName='npcap-helper'
2025-09-27 06:38:35.820 [DEBUG] SANITIZE - Sanitizing file: C:\App\PORTX\wrappers\posix\npcap-helper
2025-09-27 06:38:35.822 [DEBUG] SANITIZE - File sanitized: C:\App\PORTX\wrappers\posix\npcap-helper
2025-09-27 06:38:35.823 [DEBUG] PORTX - Created universal bash wrapper: C:\App\PORTX\wrappers\posix\npcap-helper
2025-09-27 06:38:35.824 [DEBUG] PORTX - New-UniversalCmdWrapper called with PackageName='nmap', ToolName='npcap-helper'
2025-09-27 06:38:35.827 [DEBUG] PORTX - Created universal CMD wrapper: C:\App\PORTX\wrappers\windows\npcap-helper.cmd
2025-09-27 06:38:35.828 [DEBUG] PORTX - About to create Go wrapper with: PackageName=nmap, ToolName=npcap-helper, ExecutablePath=NpcapHelper.exe, DefaultArgs=''
2025-09-27 06:38:35.830 [DEBUG] PORTX - Processing tool: nping, path: nping.exe
2025-09-27 06:38:35.831 [DEBUG] PORTX - About to create bash wrapper with: PackageName=nmap, ToolName=nping, ExecutablePath=nping.exe, DefaultArgs=''
2025-09-27 06:38:35.832 [DEBUG] PORTX - New-UniversalBashWrapper called with PackageName='nmap', ToolName='nping'
2025-09-27 06:38:35.834 [DEBUG] SANITIZE - Sanitizing file: C:\App\PORTX\wrappers\posix\nping
2025-09-27 06:38:35.836 [DEBUG] SANITIZE - File sanitized: C:\App\PORTX\wrappers\posix\nping
2025-09-27 06:38:35.837 [DEBUG] PORTX - Created universal bash wrapper: C:\App\PORTX\wrappers\posix\nping
2025-09-27 06:38:35.839 [DEBUG] PORTX - New-UniversalCmdWrapper called with PackageName='nmap', ToolName='nping'
2025-09-27 06:38:35.842 [DEBUG] PORTX - Created universal CMD wrapper: C:\App\PORTX\wrappers\windows\nping.cmd
2025-09-27 06:38:35.843 [DEBUG] PORTX - About to create Go wrapper with: PackageName=nmap, ToolName=nping, ExecutablePath=nping.exe, DefaultArgs=''
2025-09-27 06:38:35.845 [DEBUG] PORTX - Processing tool: wlan-helper, path: WlanHelper.exe
2025-09-27 06:38:35.846 [DEBUG] PORTX - About to create bash wrapper with: PackageName=nmap, ToolName=wlan-helper, ExecutablePath=WlanHelper.exe, DefaultArgs=''
2025-09-27 06:38:35.847 [DEBUG] PORTX - New-UniversalBashWrapper called with PackageName='nmap', ToolName='wlan-helper'
2025-09-27 06:38:35.849 [DEBUG] SANITIZE - Sanitizing file: C:\App\PORTX\wrappers\posix\wlan-helper
2025-09-27 06:38:35.851 [DEBUG] SANITIZE - File sanitized: C:\App\PORTX\wrappers\posix\wlan-helper
2025-09-27 06:38:35.852 [DEBUG] PORTX - Created universal bash wrapper: C:\App\PORTX\wrappers\posix\wlan-helper
2025-09-27 06:38:35.853 [DEBUG] PORTX - New-UniversalCmdWrapper called with PackageName='nmap', ToolName='wlan-helper'
2025-09-27 06:38:35.855 [DEBUG] PORTX - Created universal CMD wrapper: C:\App\PORTX\wrappers\windows\wlan-helper.cmd
2025-09-27 06:38:35.857 [DEBUG] PORTX - About to create Go wrapper with: PackageName=nmap, ToolName=wlan-helper, ExecutablePath=WlanHelper.exe, DefaultArgs=''
2025-09-27 06:38:35.858 [INFO] PORTX -   Created 6 wrappers for nmap
2025-09-27 06:38:35.860 [DEBUG] VALIDATION - Starting wrapper validation for package: nmap
2025-09-27 06:38:35.861 [DEBUG] VALIDATION -   Wrapper validation passed for nmap
2025-09-27 06:38:35.862 [INFO] PORTX - Processing: node
2025-09-27 06:38:35.864 [DEBUG] PORTX - Validating package: node
2025-09-27 06:38:35.871 [DEBUG] PORTX - Package node validation passed
2025-09-27 06:38:35.873 [INFO] PORTX -   Import type: path
2025-09-27 06:38:35.875 [INFO] PORTX -   PATH: node
2025-09-27 06:38:35.876 [INFO] PORTX - Processing: nuclei
2025-09-27 06:38:35.878 [DEBUG] PORTX - Validating package: nuclei
2025-09-27 06:38:35.882 [DEBUG] PORTX - Package nuclei validation passed
2025-09-27 06:38:35.884 [INFO] PORTX -   Import type: wrap
2025-09-27 06:38:35.885 [INFO] PORTX -   WRAP: nuclei
2025-09-27 06:38:35.886 [DEBUG] PORTX - Processing tool: nuclei, path: nuclei.exe
2025-09-27 06:38:35.887 [DEBUG] PORTX - About to create bash wrapper with: PackageName=nuclei, ToolName=nuclei, ExecutablePath=nuclei.exe, DefaultArgs=''
2025-09-27 06:38:35.889 [DEBUG] PORTX - New-UniversalBashWrapper called with PackageName='nuclei', ToolName='nuclei'
2025-09-27 06:38:35.890 [DEBUG] SANITIZE - Sanitizing file: C:\App\PORTX\wrappers\posix\nuclei
2025-09-27 06:38:35.892 [DEBUG] SANITIZE - File sanitized: C:\App\PORTX\wrappers\posix\nuclei
2025-09-27 06:38:35.893 [DEBUG] PORTX - Created universal bash wrapper: C:\App\PORTX\wrappers\posix\nuclei
2025-09-27 06:38:35.895 [DEBUG] PORTX - New-UniversalCmdWrapper called with PackageName='nuclei', ToolName='nuclei'
2025-09-27 06:38:35.897 [DEBUG] PORTX - Created universal CMD wrapper: C:\App\PORTX\wrappers\windows\nuclei.cmd
2025-09-27 06:38:35.898 [DEBUG] PORTX - About to create Go wrapper with: PackageName=nuclei, ToolName=nuclei, ExecutablePath=nuclei.exe, DefaultArgs=''
2025-09-27 06:38:35.900 [INFO] PORTX -   Created 1 wrappers for nuclei
2025-09-27 06:38:35.901 [DEBUG] VALIDATION - Starting wrapper validation for package: nuclei
2025-09-27 06:38:35.902 [DEBUG] VALIDATION -   Wrapper validation passed for nuclei
2025-09-27 06:38:35.904 [INFO] PORTX - Processing: nushell
2025-09-27 06:38:35.905 [DEBUG] PORTX - Validating package: nushell
2025-09-27 06:38:35.919 [DEBUG] PORTX - Package nushell validation passed
2025-09-27 06:38:35.921 [INFO] PORTX -   Import type: wrap
2025-09-27 06:38:35.923 [INFO] PORTX -   WRAP: nushell
2025-09-27 06:38:35.924 [DEBUG] PORTX - Processing tool: nu, path: nu.exe
2025-09-27 06:38:35.925 [DEBUG] PORTX - About to create bash wrapper with: PackageName=nushell, ToolName=nu, ExecutablePath=nu.exe, DefaultArgs=''
2025-09-27 06:38:35.926 [DEBUG] PORTX - New-UniversalBashWrapper called with PackageName='nushell', ToolName='nu'
2025-09-27 06:38:35.928 [DEBUG] SANITIZE - Sanitizing file: C:\App\PORTX\wrappers\posix\nu
2025-09-27 06:38:35.930 [DEBUG] SANITIZE - File sanitized: C:\App\PORTX\wrappers\posix\nu
2025-09-27 06:38:35.931 [DEBUG] PORTX - Created universal bash wrapper: C:\App\PORTX\wrappers\posix\nu
2025-09-27 06:38:35.932 [DEBUG] PORTX - New-UniversalCmdWrapper called with PackageName='nushell', ToolName='nu'
2025-09-27 06:38:35.935 [DEBUG] PORTX - Created universal CMD wrapper: C:\App\PORTX\wrappers\windows\nu.cmd
2025-09-27 06:38:35.936 [DEBUG] PORTX - About to create Go wrapper with: PackageName=nushell, ToolName=nu, ExecutablePath=nu.exe, DefaultArgs=''
2025-09-27 06:38:35.938 [DEBUG] PORTX - Processing tool: nu_plugin_custom_values, path: nu_plugin_custom_values.exe
2025-09-27 06:38:35.939 [DEBUG] PORTX - About to create bash wrapper with: PackageName=nushell, ToolName=nu_plugin_custom_values, ExecutablePath=nu_plugin_custom_values.exe, DefaultArgs=''
2025-09-27 06:38:35.940 [DEBUG] PORTX - New-UniversalBashWrapper called with PackageName='nushell', ToolName='nu_plugin_custom_values'
2025-09-27 06:38:35.942 [DEBUG] SANITIZE - Sanitizing file: C:\App\PORTX\wrappers\posix\nu_plugin_custom_values
2025-09-27 06:38:35.944 [DEBUG] SANITIZE - File sanitized: C:\App\PORTX\wrappers\posix\nu_plugin_custom_values
2025-09-27 06:38:35.945 [DEBUG] PORTX - Created universal bash wrapper: C:\App\PORTX\wrappers\posix\nu_plugin_custom_values
2025-09-27 06:38:35.946 [DEBUG] PORTX - New-UniversalCmdWrapper called with PackageName='nushell', ToolName='nu_plugin_custom_values'
2025-09-27 06:38:35.950 [DEBUG] PORTX - Created universal CMD wrapper: C:\App\PORTX\wrappers\windows\nu_plugin_custom_values.cmd
2025-09-27 06:38:35.951 [DEBUG] PORTX - About to create Go wrapper with: PackageName=nushell, ToolName=nu_plugin_custom_values, ExecutablePath=nu_plugin_custom_values.exe, DefaultArgs=''
2025-09-27 06:38:35.953 [DEBUG] PORTX - Processing tool: nu_plugin_example, path: nu_plugin_example.exe
2025-09-27 06:38:35.954 [DEBUG] PORTX - About to create bash wrapper with: PackageName=nushell, ToolName=nu_plugin_example, ExecutablePath=nu_plugin_example.exe, DefaultArgs=''
2025-09-27 06:38:35.955 [DEBUG] PORTX - New-UniversalBashWrapper called with PackageName='nushell', ToolName='nu_plugin_example'
2025-09-27 06:38:35.957 [DEBUG] SANITIZE - Sanitizing file: C:\App\PORTX\wrappers\posix\nu_plugin_example
2025-09-27 06:38:35.959 [DEBUG] SANITIZE - File sanitized: C:\App\PORTX\wrappers\posix\nu_plugin_example
2025-09-27 06:38:35.960 [DEBUG] PORTX - Created universal bash wrapper: C:\App\PORTX\wrappers\posix\nu_plugin_example
2025-09-27 06:38:35.961 [DEBUG] PORTX - New-UniversalCmdWrapper called with PackageName='nushell', ToolName='nu_plugin_example'
2025-09-27 06:38:35.964 [DEBUG] PORTX - Created universal CMD wrapper: C:\App\PORTX\wrappers\windows\nu_plugin_example.cmd
2025-09-27 06:38:35.965 [DEBUG] PORTX - About to create Go wrapper with: PackageName=nushell, ToolName=nu_plugin_example, ExecutablePath=nu_plugin_example.exe, DefaultArgs=''
2025-09-27 06:38:35.966 [DEBUG] PORTX - Processing tool: nu_plugin_formats, path: nu_plugin_formats.exe
2025-09-27 06:38:35.967 [DEBUG] PORTX - About to create bash wrapper with: PackageName=nushell, ToolName=nu_plugin_formats, ExecutablePath=nu_plugin_formats.exe, DefaultArgs=''
2025-09-27 06:38:35.968 [DEBUG] PORTX - New-UniversalBashWrapper called with PackageName='nushell', ToolName='nu_plugin_formats'
2025-09-27 06:38:35.970 [DEBUG] SANITIZE - Sanitizing file: C:\App\PORTX\wrappers\posix\nu_plugin_formats
2025-09-27 06:38:35.972 [DEBUG] SANITIZE - File sanitized: C:\App\PORTX\wrappers\posix\nu_plugin_formats
2025-09-27 06:38:35.973 [DEBUG] PORTX - Created universal bash wrapper: C:\App\PORTX\wrappers\posix\nu_plugin_formats
2025-09-27 06:38:35.974 [DEBUG] PORTX - New-UniversalCmdWrapper called with PackageName='nushell', ToolName='nu_plugin_formats'
2025-09-27 06:38:35.977 [DEBUG] PORTX - Created universal CMD wrapper: C:\App\PORTX\wrappers\windows\nu_plugin_formats.cmd
2025-09-27 06:38:35.978 [DEBUG] PORTX - About to create Go wrapper with: PackageName=nushell, ToolName=nu_plugin_formats, ExecutablePath=nu_plugin_formats.exe, DefaultArgs=''
2025-09-27 06:38:35.979 [DEBUG] PORTX - Processing tool: nu_plugin_gstat, path: nu_plugin_gstat.exe
2025-09-27 06:38:35.980 [DEBUG] PORTX - About to create bash wrapper with: PackageName=nushell, ToolName=nu_plugin_gstat, ExecutablePath=nu_plugin_gstat.exe, DefaultArgs=''
2025-09-27 06:38:35.981 [DEBUG] PORTX - New-UniversalBashWrapper called with PackageName='nushell', ToolName='nu_plugin_gstat'
2025-09-27 06:38:35.983 [DEBUG] SANITIZE - Sanitizing file: C:\App\PORTX\wrappers\posix\nu_plugin_gstat
2025-09-27 06:38:35.985 [DEBUG] SANITIZE - File sanitized: C:\App\PORTX\wrappers\posix\nu_plugin_gstat
2025-09-27 06:38:35.986 [DEBUG] PORTX - Created universal bash wrapper: C:\App\PORTX\wrappers\posix\nu_plugin_gstat
2025-09-27 06:38:35.987 [DEBUG] PORTX - New-UniversalCmdWrapper called with PackageName='nushell', ToolName='nu_plugin_gstat'
2025-09-27 06:38:35.990 [DEBUG] PORTX - Created universal CMD wrapper: C:\App\PORTX\wrappers\windows\nu_plugin_gstat.cmd
2025-09-27 06:38:35.991 [DEBUG] PORTX - About to create Go wrapper with: PackageName=nushell, ToolName=nu_plugin_gstat, ExecutablePath=nu_plugin_gstat.exe, DefaultArgs=''
2025-09-27 06:38:35.992 [DEBUG] PORTX - Processing tool: nu_plugin_inc, path: nu_plugin_inc.exe
2025-09-27 06:38:35.993 [DEBUG] PORTX - About to create bash wrapper with: PackageName=nushell, ToolName=nu_plugin_inc, ExecutablePath=nu_plugin_inc.exe, DefaultArgs=''
2025-09-27 06:38:35.995 [DEBUG] PORTX - New-UniversalBashWrapper called with PackageName='nushell', ToolName='nu_plugin_inc'
2025-09-27 06:38:35.997 [DEBUG] SANITIZE - Sanitizing file: C:\App\PORTX\wrappers\posix\nu_plugin_inc
2025-09-27 06:38:35.998 [DEBUG] SANITIZE - File sanitized: C:\App\PORTX\wrappers\posix\nu_plugin_inc
2025-09-27 06:38:35.999 [DEBUG] PORTX - Created universal bash wrapper: C:\App\PORTX\wrappers\posix\nu_plugin_inc
2025-09-27 06:38:36.001 [DEBUG] PORTX - New-UniversalCmdWrapper called with PackageName='nushell', ToolName='nu_plugin_inc'
2025-09-27 06:38:36.003 [DEBUG] PORTX - Created universal CMD wrapper: C:\App\PORTX\wrappers\windows\nu_plugin_inc.cmd
2025-09-27 06:38:36.004 [DEBUG] PORTX - About to create Go wrapper with: PackageName=nushell, ToolName=nu_plugin_inc, ExecutablePath=nu_plugin_inc.exe, DefaultArgs=''
2025-09-27 06:38:36.006 [DEBUG] PORTX - Processing tool: nu_plugin_polars, path: nu_plugin_polars.exe
2025-09-27 06:38:36.007 [DEBUG] PORTX - About to create bash wrapper with: PackageName=nushell, ToolName=nu_plugin_polars, ExecutablePath=nu_plugin_polars.exe, DefaultArgs=''
2025-09-27 06:38:36.008 [DEBUG] PORTX - New-UniversalBashWrapper called with PackageName='nushell', ToolName='nu_plugin_polars'
2025-09-27 06:38:36.009 [DEBUG] SANITIZE - Sanitizing file: C:\App\PORTX\wrappers\posix\nu_plugin_polars
2025-09-27 06:38:36.011 [DEBUG] SANITIZE - File sanitized: C:\App\PORTX\wrappers\posix\nu_plugin_polars
2025-09-27 06:38:36.013 [DEBUG] PORTX - Created universal bash wrapper: C:\App\PORTX\wrappers\posix\nu_plugin_polars
2025-09-27 06:38:36.014 [DEBUG] PORTX - New-UniversalCmdWrapper called with PackageName='nushell', ToolName='nu_plugin_polars'
2025-09-27 06:38:36.016 [DEBUG] PORTX - Created universal CMD wrapper: C:\App\PORTX\wrappers\windows\nu_plugin_polars.cmd
2025-09-27 06:38:36.017 [DEBUG] PORTX - About to create Go wrapper with: PackageName=nushell, ToolName=nu_plugin_polars, ExecutablePath=nu_plugin_polars.exe, DefaultArgs=''
2025-09-27 06:38:36.018 [DEBUG] PORTX - Processing tool: nu_plugin_query, path: nu_plugin_query.exe
2025-09-27 06:38:36.020 [DEBUG] PORTX - About to create bash wrapper with: PackageName=nushell, ToolName=nu_plugin_query, ExecutablePath=nu_plugin_query.exe, DefaultArgs=''
2025-09-27 06:38:36.021 [DEBUG] PORTX - New-UniversalBashWrapper called with PackageName='nushell', ToolName='nu_plugin_query'
2025-09-27 06:38:36.022 [DEBUG] SANITIZE - Sanitizing file: C:\App\PORTX\wrappers\posix\nu_plugin_query
2025-09-27 06:38:36.025 [DEBUG] SANITIZE - File sanitized: C:\App\PORTX\wrappers\posix\nu_plugin_query
2025-09-27 06:38:36.026 [DEBUG] PORTX - Created universal bash wrapper: C:\App\PORTX\wrappers\posix\nu_plugin_query
2025-09-27 06:38:36.027 [DEBUG] PORTX - New-UniversalCmdWrapper called with PackageName='nushell', ToolName='nu_plugin_query'
2025-09-27 06:38:36.029 [DEBUG] PORTX - Created universal CMD wrapper: C:\App\PORTX\wrappers\windows\nu_plugin_query.cmd
2025-09-27 06:38:36.031 [DEBUG] PORTX - About to create Go wrapper with: PackageName=nushell, ToolName=nu_plugin_query, ExecutablePath=nu_plugin_query.exe, DefaultArgs=''
2025-09-27 06:38:36.032 [DEBUG] PORTX - Processing tool: nu_plugin_stress_internals, path: nu_plugin_stress_internals.exe
2025-09-27 06:38:36.033 [DEBUG] PORTX - About to create bash wrapper with: PackageName=nushell, ToolName=nu_plugin_stress_internals, ExecutablePath=nu_plugin_stress_internals.exe, DefaultArgs=''
2025-09-27 06:38:36.034 [DEBUG] PORTX - New-UniversalBashWrapper called with PackageName='nushell', ToolName='nu_plugin_stress_internals'
2025-09-27 06:38:36.036 [DEBUG] SANITIZE - Sanitizing file: C:\App\PORTX\wrappers\posix\nu_plugin_stress_internals
2025-09-27 06:38:36.038 [DEBUG] SANITIZE - File sanitized: C:\App\PORTX\wrappers\posix\nu_plugin_stress_internals
2025-09-27 06:38:36.039 [DEBUG] PORTX - Created universal bash wrapper: C:\App\PORTX\wrappers\posix\nu_plugin_stress_internals
2025-09-27 06:38:36.040 [DEBUG] PORTX - New-UniversalCmdWrapper called with PackageName='nushell', ToolName='nu_plugin_stress_internals'
2025-09-27 06:38:36.043 [DEBUG] PORTX - Created universal CMD wrapper: C:\App\PORTX\wrappers\windows\nu_plugin_stress_internals.cmd
2025-09-27 06:38:36.044 [DEBUG] PORTX - About to create Go wrapper with: PackageName=nushell, ToolName=nu_plugin_stress_internals, ExecutablePath=nu_plugin_stress_internals.exe, DefaultArgs=''
2025-09-27 06:38:36.045 [DEBUG] PORTX - Processing tool: less, path: less.exe
2025-09-27 06:38:36.048 [DEBUG] PORTX - About to create bash wrapper with: PackageName=nushell, ToolName=less, ExecutablePath=less.exe, DefaultArgs=''
2025-09-27 06:38:36.049 [DEBUG] PORTX - New-UniversalBashWrapper called with PackageName='nushell', ToolName='less'
2025-09-27 06:38:36.051 [DEBUG] SANITIZE - Sanitizing file: C:\App\PORTX\wrappers\posix\less
2025-09-27 06:38:36.053 [DEBUG] SANITIZE - File sanitized: C:\App\PORTX\wrappers\posix\less
2025-09-27 06:38:36.054 [DEBUG] PORTX - Created universal bash wrapper: C:\App\PORTX\wrappers\posix\less
2025-09-27 06:38:36.055 [DEBUG] PORTX - New-UniversalCmdWrapper called with PackageName='nushell', ToolName='less'
2025-09-27 06:38:36.058 [DEBUG] PORTX - Created universal CMD wrapper: C:\App\PORTX\wrappers\windows\less.cmd
2025-09-27 06:38:36.059 [DEBUG] PORTX - About to create Go wrapper with: PackageName=nushell, ToolName=less, ExecutablePath=less.exe, DefaultArgs=''
2025-09-27 06:38:36.060 [INFO] PORTX -   Created 10 wrappers for nushell
2025-09-27 06:38:36.062 [DEBUG] VALIDATION - Starting wrapper validation for package: nushell
2025-09-27 06:38:36.063 [DEBUG] VALIDATION -   Wrapper validation passed for nushell
2025-09-27 06:38:36.064 [INFO] PORTX - Processing: officetopdf
2025-09-27 06:38:36.066 [DEBUG] PORTX - Validating package: officetopdf
2025-09-27 06:38:36.070 [DEBUG] PORTX - Package officetopdf validation passed
2025-09-27 06:38:36.072 [INFO] PORTX -   Import type: wrap
2025-09-27 06:38:36.073 [INFO] PORTX -   WRAP: officetopdf
2025-09-27 06:38:36.074 [DEBUG] PORTX - Processing tool: officetopdf, path: OfficeToPDF.exe
2025-09-27 06:38:36.075 [DEBUG] PORTX - About to create bash wrapper with: PackageName=officetopdf, ToolName=officetopdf, ExecutablePath=OfficeToPDF.exe, DefaultArgs=''
2025-09-27 06:38:36.076 [DEBUG] PORTX - New-UniversalBashWrapper called with PackageName='officetopdf', ToolName='officetopdf'
2025-09-27 06:38:36.078 [DEBUG] SANITIZE - Sanitizing file: C:\App\PORTX\wrappers\posix\officetopdf
2025-09-27 06:38:36.080 [DEBUG] SANITIZE - File sanitized: C:\App\PORTX\wrappers\posix\officetopdf
2025-09-27 06:38:36.081 [DEBUG] PORTX - Created universal bash wrapper: C:\App\PORTX\wrappers\posix\officetopdf
2025-09-27 06:38:36.082 [DEBUG] PORTX - New-UniversalCmdWrapper called with PackageName='officetopdf', ToolName='officetopdf'
2025-09-27 06:38:36.085 [DEBUG] PORTX - Created universal CMD wrapper: C:\App\PORTX\wrappers\windows\officetopdf.cmd
2025-09-27 06:38:36.086 [DEBUG] PORTX - About to create Go wrapper with: PackageName=officetopdf, ToolName=officetopdf, ExecutablePath=OfficeToPDF.exe, DefaultArgs=''
2025-09-27 06:38:36.087 [INFO] PORTX -   Created 1 wrappers for officetopdf
2025-09-27 06:38:36.089 [DEBUG] VALIDATION - Starting wrapper validation for package: officetopdf
2025-09-27 06:38:36.090 [DEBUG] VALIDATION -   Wrapper validation passed for officetopdf
2025-09-27 06:38:36.091 [INFO] PORTX - Processing: oha
2025-09-27 06:38:36.093 [DEBUG] PORTX - Validating package: oha
2025-09-27 06:38:36.096 [DEBUG] PORTX - Package oha validation passed
2025-09-27 06:38:36.098 [INFO] PORTX -   Import type: wrap
2025-09-27 06:38:36.099 [INFO] PORTX -   WRAP: oha
2025-09-27 06:38:36.101 [DEBUG] PORTX - Processing tool: oha, path: oha.exe
2025-09-27 06:38:36.102 [DEBUG] PORTX - About to create bash wrapper with: PackageName=oha, ToolName=oha, ExecutablePath=oha.exe, DefaultArgs=''
2025-09-27 06:38:36.103 [DEBUG] PORTX - New-UniversalBashWrapper called with PackageName='oha', ToolName='oha'
2025-09-27 06:38:36.105 [DEBUG] SANITIZE - Sanitizing file: C:\App\PORTX\wrappers\posix\oha
2025-09-27 06:38:36.106 [DEBUG] SANITIZE - File sanitized: C:\App\PORTX\wrappers\posix\oha
2025-09-27 06:38:36.108 [DEBUG] PORTX - Created universal bash wrapper: C:\App\PORTX\wrappers\posix\oha
2025-09-27 06:38:36.109 [DEBUG] PORTX - New-UniversalCmdWrapper called with PackageName='oha', ToolName='oha'
2025-09-27 06:38:36.111 [DEBUG] PORTX - Created universal CMD wrapper: C:\App\PORTX\wrappers\windows\oha.cmd
2025-09-27 06:38:36.112 [DEBUG] PORTX - About to create Go wrapper with: PackageName=oha, ToolName=oha, ExecutablePath=oha.exe, DefaultArgs=''
2025-09-27 06:38:36.113 [INFO] PORTX -   Created 1 wrappers for oha
2025-09-27 06:38:36.115 [DEBUG] VALIDATION - Starting wrapper validation for package: oha
2025-09-27 06:38:36.116 [DEBUG] VALIDATION -   Wrapper validation passed for oha
2025-09-27 06:38:36.117 [INFO] PORTX - Processing: onefetch
2025-09-27 06:38:36.119 [DEBUG] PORTX - Validating package: onefetch
2025-09-27 06:38:36.122 [DEBUG] PORTX - Package onefetch validation passed
2025-09-27 06:38:36.124 [INFO] PORTX -   Import type: wrap
2025-09-27 06:38:36.125 [INFO] PORTX -   WRAP: onefetch
2025-09-27 06:38:36.127 [DEBUG] PORTX - Processing tool: onefetch, path: onefetch.exe
2025-09-27 06:38:36.128 [DEBUG] PORTX - About to create bash wrapper with: PackageName=onefetch, ToolName=onefetch, ExecutablePath=onefetch.exe, DefaultArgs=''
2025-09-27 06:38:36.129 [DEBUG] PORTX - New-UniversalBashWrapper called with PackageName='onefetch', ToolName='onefetch'
2025-09-27 06:38:36.131 [DEBUG] SANITIZE - Sanitizing file: C:\App\PORTX\wrappers\posix\onefetch
2025-09-27 06:38:36.133 [DEBUG] SANITIZE - File sanitized: C:\App\PORTX\wrappers\posix\onefetch
2025-09-27 06:38:36.134 [DEBUG] PORTX - Created universal bash wrapper: C:\App\PORTX\wrappers\posix\onefetch
2025-09-27 06:38:36.135 [DEBUG] PORTX - New-UniversalCmdWrapper called with PackageName='onefetch', ToolName='onefetch'
2025-09-27 06:38:36.137 [DEBUG] PORTX - Created universal CMD wrapper: C:\App\PORTX\wrappers\windows\onefetch.cmd
2025-09-27 06:38:36.138 [DEBUG] PORTX - About to create Go wrapper with: PackageName=onefetch, ToolName=onefetch, ExecutablePath=onefetch.exe, DefaultArgs=''
2025-09-27 06:38:36.140 [INFO] PORTX -   Created 1 wrappers for onefetch
2025-09-27 06:38:36.141 [DEBUG] VALIDATION - Starting wrapper validation for package: onefetch
2025-09-27 06:38:36.142 [DEBUG] VALIDATION -   Wrapper validation passed for onefetch
2025-09-27 06:38:36.144 [INFO] PORTX - Processing: openshift
2025-09-27 06:38:36.145 [DEBUG] PORTX - Validating package: openshift
2025-09-27 06:38:36.150 [DEBUG] PORTX - Package openshift validation passed
2025-09-27 06:38:36.152 [INFO] PORTX -   Import type: wrap
2025-09-27 06:38:36.153 [INFO] PORTX -   WRAP: openshift
2025-09-27 06:38:36.154 [DEBUG] PORTX - Processing tool: oc, path: oc.exe
2025-09-27 06:38:36.156 [DEBUG] PORTX - About to create bash wrapper with: PackageName=openshift, ToolName=oc, ExecutablePath=oc.exe, DefaultArgs=''
2025-09-27 06:38:36.157 [DEBUG] PORTX - New-UniversalBashWrapper called with PackageName='openshift', ToolName='oc'
2025-09-27 06:38:36.159 [DEBUG] SANITIZE - Sanitizing file: C:\App\PORTX\wrappers\posix\oc
2025-09-27 06:38:36.161 [DEBUG] SANITIZE - File sanitized: C:\App\PORTX\wrappers\posix\oc
2025-09-27 06:38:36.162 [DEBUG] PORTX - Created universal bash wrapper: C:\App\PORTX\wrappers\posix\oc
2025-09-27 06:38:36.163 [DEBUG] PORTX - New-UniversalCmdWrapper called with PackageName='openshift', ToolName='oc'
2025-09-27 06:38:36.165 [DEBUG] PORTX - Created universal CMD wrapper: C:\App\PORTX\wrappers\windows\oc.cmd
2025-09-27 06:38:36.167 [DEBUG] PORTX - About to create Go wrapper with: PackageName=openshift, ToolName=oc, ExecutablePath=oc.exe, DefaultArgs=''
2025-09-27 06:38:36.168 [INFO] PORTX -   Created 1 wrappers for openshift
2025-09-27 06:38:36.170 [DEBUG] VALIDATION - Starting wrapper validation for package: openshift
2025-09-27 06:38:36.171 [DEBUG] VALIDATION -   Wrapper validation passed for openshift
2025-09-27 06:38:36.172 [INFO] PORTX - Processing: osquery
2025-09-27 06:38:36.174 [DEBUG] PORTX - Validating package: osquery
2025-09-27 06:38:36.179 [DEBUG] PORTX - Package osquery validation passed
2025-09-27 06:38:36.181 [INFO] PORTX -   Import type: wrap
2025-09-27 06:38:36.182 [INFO] PORTX -   WRAP: osquery
2025-09-27 06:38:36.183 [DEBUG] PORTX - Processing tool: osqueryd, path: osqueryd.exe
2025-09-27 06:38:36.184 [DEBUG] PORTX - About to create bash wrapper with: PackageName=osquery, ToolName=osqueryd, ExecutablePath=osqueryd.exe, DefaultArgs=''
2025-09-27 06:38:36.186 [DEBUG] PORTX - New-UniversalBashWrapper called with PackageName='osquery', ToolName='osqueryd'
2025-09-27 06:38:36.187 [DEBUG] SANITIZE - Sanitizing file: C:\App\PORTX\wrappers\posix\osqueryd
2025-09-27 06:38:36.189 [DEBUG] SANITIZE - File sanitized: C:\App\PORTX\wrappers\posix\osqueryd
2025-09-27 06:38:36.191 [DEBUG] PORTX - Created universal bash wrapper: C:\App\PORTX\wrappers\posix\osqueryd
2025-09-27 06:38:36.192 [DEBUG] PORTX - New-UniversalCmdWrapper called with PackageName='osquery', ToolName='osqueryd'
2025-09-27 06:38:36.195 [DEBUG] PORTX - Created universal CMD wrapper: C:\App\PORTX\wrappers\windows\osqueryd.cmd
2025-09-27 06:38:36.196 [DEBUG] PORTX - About to create Go wrapper with: PackageName=osquery, ToolName=osqueryd, ExecutablePath=osqueryd.exe, DefaultArgs=''
2025-09-27 06:38:36.197 [DEBUG] PORTX - Processing tool: osqueryi, path: osqueryi.exe
2025-09-27 06:38:36.198 [DEBUG] PORTX - About to create bash wrapper with: PackageName=osquery, ToolName=osqueryi, ExecutablePath=osqueryi.exe, DefaultArgs=''
2025-09-27 06:38:36.199 [DEBUG] PORTX - New-UniversalBashWrapper called with PackageName='osquery', ToolName='osqueryi'
2025-09-27 06:38:36.201 [DEBUG] SANITIZE - Sanitizing file: C:\App\PORTX\wrappers\posix\osqueryi
2025-09-27 06:38:36.203 [DEBUG] SANITIZE - File sanitized: C:\App\PORTX\wrappers\posix\osqueryi
2025-09-27 06:38:36.204 [DEBUG] PORTX - Created universal bash wrapper: C:\App\PORTX\wrappers\posix\osqueryi
2025-09-27 06:38:36.206 [DEBUG] PORTX - New-UniversalCmdWrapper called with PackageName='osquery', ToolName='osqueryi'
2025-09-27 06:38:36.209 [DEBUG] PORTX - Created universal CMD wrapper: C:\App\PORTX\wrappers\windows\osqueryi.cmd
2025-09-27 06:38:36.210 [DEBUG] PORTX - About to create Go wrapper with: PackageName=osquery, ToolName=osqueryi, ExecutablePath=osqueryi.exe, DefaultArgs=''
2025-09-27 06:38:36.211 [INFO] PORTX -   Created 2 wrappers for osquery
2025-09-27 06:38:36.212 [DEBUG] VALIDATION - Starting wrapper validation for package: osquery
2025-09-27 06:38:36.214 [DEBUG] VALIDATION -   Wrapper validation passed for osquery
2025-09-27 06:38:36.215 [INFO] PORTX - Processing: osv-scanner
2025-09-27 06:38:36.216 [DEBUG] PORTX - Validating package: osv-scanner
2025-09-27 06:38:36.220 [DEBUG] PORTX - Package osv-scanner validation passed
2025-09-27 06:38:36.222 [INFO] PORTX -   Import type: wrap
2025-09-27 06:38:36.223 [INFO] PORTX -   WRAP: osv-scanner
2025-09-27 06:38:36.224 [DEBUG] PORTX - Processing tool: osv-scanner, path: osv-scanner.exe
2025-09-27 06:38:36.226 [DEBUG] PORTX - About to create bash wrapper with: PackageName=osv-scanner, ToolName=osv-scanner, ExecutablePath=osv-scanner.exe, DefaultArgs=''
2025-09-27 06:38:36.227 [DEBUG] PORTX - New-UniversalBashWrapper called with PackageName='osv-scanner', ToolName='osv-scanner'
2025-09-27 06:38:36.228 [DEBUG] SANITIZE - Sanitizing file: C:\App\PORTX\wrappers\posix\osv-scanner
2025-09-27 06:38:36.230 [DEBUG] SANITIZE - File sanitized: C:\App\PORTX\wrappers\posix\osv-scanner
2025-09-27 06:38:36.232 [DEBUG] PORTX - Created universal bash wrapper: C:\App\PORTX\wrappers\posix\osv-scanner
2025-09-27 06:38:36.233 [DEBUG] PORTX - New-UniversalCmdWrapper called with PackageName='osv-scanner', ToolName='osv-scanner'
2025-09-27 06:38:36.235 [DEBUG] PORTX - Created universal CMD wrapper: C:\App\PORTX\wrappers\windows\osv-scanner.cmd
2025-09-27 06:38:36.237 [DEBUG] PORTX - About to create Go wrapper with: PackageName=osv-scanner, ToolName=osv-scanner, ExecutablePath=osv-scanner.exe, DefaultArgs=''
2025-09-27 06:38:36.238 [INFO] PORTX -   Created 1 wrappers for osv-scanner
2025-09-27 06:38:36.239 [DEBUG] VALIDATION - Starting wrapper validation for package: osv-scanner
2025-09-27 06:38:36.241 [DEBUG] VALIDATION -   Wrapper validation passed for osv-scanner
2025-09-27 06:38:36.242 [INFO] PORTX - Processing: ouch
2025-09-27 06:38:36.243 [DEBUG] PORTX - Validating package: ouch
2025-09-27 06:38:36.247 [DEBUG] PORTX - Package ouch validation passed
2025-09-27 06:38:36.249 [INFO] PORTX -   Import type: wrap
2025-09-27 06:38:36.250 [INFO] PORTX -   WRAP: ouch
2025-09-27 06:38:36.251 [DEBUG] PORTX - Processing tool: ouch, path: ouch.exe
2025-09-27 06:38:36.254 [DEBUG] PORTX - About to create bash wrapper with: PackageName=ouch, ToolName=ouch, ExecutablePath=ouch.exe, DefaultArgs=''
2025-09-27 06:38:36.255 [DEBUG] PORTX - New-UniversalBashWrapper called with PackageName='ouch', ToolName='ouch'
2025-09-27 06:38:36.257 [DEBUG] SANITIZE - Sanitizing file: C:\App\PORTX\wrappers\posix\ouch
2025-09-27 06:38:36.259 [DEBUG] SANITIZE - File sanitized: C:\App\PORTX\wrappers\posix\ouch
2025-09-27 06:38:36.260 [DEBUG] PORTX - Created universal bash wrapper: C:\App\PORTX\wrappers\posix\ouch
2025-09-27 06:38:36.261 [DEBUG] PORTX - New-UniversalCmdWrapper called with PackageName='ouch', ToolName='ouch'
2025-09-27 06:38:36.264 [DEBUG] PORTX - Created universal CMD wrapper: C:\App\PORTX\wrappers\windows\ouch.cmd
2025-09-27 06:38:36.265 [DEBUG] PORTX - About to create Go wrapper with: PackageName=ouch, ToolName=ouch, ExecutablePath=ouch.exe, DefaultArgs=''
2025-09-27 06:38:36.266 [INFO] PORTX -   Created 1 wrappers for ouch
2025-09-27 06:38:36.268 [DEBUG] VALIDATION - Starting wrapper validation for package: ouch
2025-09-27 06:38:36.269 [DEBUG] VALIDATION -   Wrapper validation passed for ouch
2025-09-27 06:38:36.270 [INFO] PORTX - Processing: oxipng
2025-09-27 06:38:36.272 [DEBUG] PORTX - Validating package: oxipng
2025-09-27 06:38:36.275 [DEBUG] PORTX - Package oxipng validation passed
2025-09-27 06:38:36.277 [INFO] PORTX -   Import type: wrap
2025-09-27 06:38:36.278 [INFO] PORTX -   WRAP: oxipng
2025-09-27 06:38:36.279 [DEBUG] PORTX - Processing tool: oxipng, path: oxipng.exe
2025-09-27 06:38:36.281 [DEBUG] PORTX - About to create bash wrapper with: PackageName=oxipng, ToolName=oxipng, ExecutablePath=oxipng.exe, DefaultArgs=''
2025-09-27 06:38:36.282 [DEBUG] PORTX - New-UniversalBashWrapper called with PackageName='oxipng', ToolName='oxipng'
2025-09-27 06:38:36.283 [DEBUG] SANITIZE - Sanitizing file: C:\App\PORTX\wrappers\posix\oxipng
2025-09-27 06:38:36.285 [DEBUG] SANITIZE - File sanitized: C:\App\PORTX\wrappers\posix\oxipng
2025-09-27 06:38:36.286 [DEBUG] PORTX - Created universal bash wrapper: C:\App\PORTX\wrappers\posix\oxipng
2025-09-27 06:38:36.288 [DEBUG] PORTX - New-UniversalCmdWrapper called with PackageName='oxipng', ToolName='oxipng'
2025-09-27 06:38:36.290 [DEBUG] PORTX - Created universal CMD wrapper: C:\App\PORTX\wrappers\windows\oxipng.cmd
2025-09-27 06:38:36.291 [DEBUG] PORTX - About to create Go wrapper with: PackageName=oxipng, ToolName=oxipng, ExecutablePath=oxipng.exe, DefaultArgs=''
2025-09-27 06:38:36.292 [INFO] PORTX -   Created 1 wrappers for oxipng
2025-09-27 06:38:36.294 [DEBUG] VALIDATION - Starting wrapper validation for package: oxipng
2025-09-27 06:38:36.295 [DEBUG] VALIDATION -   Wrapper validation passed for oxipng
2025-09-27 06:38:36.296 [INFO] PORTX - Processing: par2
2025-09-27 06:38:36.298 [DEBUG] PORTX - Validating package: par2
2025-09-27 06:38:36.301 [DEBUG] PORTX - Package par2 validation passed
2025-09-27 06:38:36.303 [INFO] PORTX -   Import type: wrap
2025-09-27 06:38:36.304 [INFO] PORTX -   WRAP: par2
2025-09-27 06:38:36.306 [DEBUG] PORTX - Processing tool: par2, path: par2.exe
2025-09-27 06:38:36.307 [DEBUG] PORTX - About to create bash wrapper with: PackageName=par2, ToolName=par2, ExecutablePath=par2.exe, DefaultArgs=''
2025-09-27 06:38:36.308 [DEBUG] PORTX - New-UniversalBashWrapper called with PackageName='par2', ToolName='par2'
2025-09-27 06:38:36.310 [DEBUG] SANITIZE - Sanitizing file: C:\App\PORTX\wrappers\posix\par2
2025-09-27 06:38:36.311 [DEBUG] SANITIZE - File sanitized: C:\App\PORTX\wrappers\posix\par2
2025-09-27 06:38:36.312 [DEBUG] PORTX - Created universal bash wrapper: C:\App\PORTX\wrappers\posix\par2
2025-09-27 06:38:36.313 [DEBUG] PORTX - New-UniversalCmdWrapper called with PackageName='par2', ToolName='par2'
2025-09-27 06:38:36.316 [DEBUG] PORTX - Created universal CMD wrapper: C:\App\PORTX\wrappers\windows\par2.cmd
2025-09-27 06:38:36.317 [DEBUG] PORTX - About to create Go wrapper with: PackageName=par2, ToolName=par2, ExecutablePath=par2.exe, DefaultArgs=''
2025-09-27 06:38:36.318 [INFO] PORTX -   Created 1 wrappers for par2
2025-09-27 06:38:36.320 [DEBUG] VALIDATION - Starting wrapper validation for package: par2
2025-09-27 06:38:36.321 [DEBUG] VALIDATION -   Wrapper validation passed for par2
2025-09-27 06:38:36.322 [INFO] PORTX - Processing: path-utils
2025-09-27 06:38:36.324 [DEBUG] PORTX - Validating package: path-utils
2025-09-27 06:38:36.341 [DEBUG] PORTX - Package path-utils validation passed
2025-09-27 06:38:36.343 [INFO] PORTX -   Import type: wrap
2025-09-27 06:38:36.344 [INFO] PORTX -   WRAP: path-utils
2025-09-27 06:38:36.345 [DEBUG] PORTX - Processing tool: basename, path: basename.exe
2025-09-27 06:38:36.346 [DEBUG] PORTX - About to create bash wrapper with: PackageName=path-utils, ToolName=basename, ExecutablePath=basename.exe, DefaultArgs=''
2025-09-27 06:38:36.347 [DEBUG] PORTX - New-UniversalBashWrapper called with PackageName='path-utils', ToolName='basename'
2025-09-27 06:38:36.349 [DEBUG] SANITIZE - Sanitizing file: C:\App\PORTX\wrappers\posix\basename
2025-09-27 06:38:36.351 [DEBUG] SANITIZE - File sanitized: C:\App\PORTX\wrappers\posix\basename
2025-09-27 06:38:36.352 [DEBUG] PORTX - Created universal bash wrapper: C:\App\PORTX\wrappers\posix\basename
2025-09-27 06:38:36.353 [DEBUG] PORTX - New-UniversalCmdWrapper called with PackageName='path-utils', ToolName='basename'
2025-09-27 06:38:36.356 [DEBUG] PORTX - Created universal CMD wrapper: C:\App\PORTX\wrappers\windows\basename.cmd
2025-09-27 06:38:36.358 [DEBUG] PORTX - About to create Go wrapper with: PackageName=path-utils, ToolName=basename, ExecutablePath=basename.exe, DefaultArgs=''
2025-09-27 06:38:36.360 [DEBUG] PORTX - Processing tool: convert, path: convert.exe
2025-09-27 06:38:36.361 [DEBUG] PORTX - About to create bash wrapper with: PackageName=path-utils, ToolName=convert, ExecutablePath=convert.exe, DefaultArgs=''
2025-09-27 06:38:36.362 [DEBUG] PORTX - New-UniversalBashWrapper called with PackageName='path-utils', ToolName='convert'
2025-09-27 06:38:36.364 [DEBUG] SANITIZE - Sanitizing file: C:\App\PORTX\wrappers\posix\convert
2025-09-27 06:38:36.366 [DEBUG] SANITIZE - File sanitized: C:\App\PORTX\wrappers\posix\convert
2025-09-27 06:38:36.367 [DEBUG] PORTX - Created universal bash wrapper: C:\App\PORTX\wrappers\posix\convert
2025-09-27 06:38:36.368 [DEBUG] PORTX - New-UniversalCmdWrapper called with PackageName='path-utils', ToolName='convert'
2025-09-27 06:38:36.370 [DEBUG] PORTX - Created universal CMD wrapper: C:\App\PORTX\wrappers\windows\convert.cmd
2025-09-27 06:38:36.371 [DEBUG] PORTX - About to create Go wrapper with: PackageName=path-utils, ToolName=convert, ExecutablePath=convert.exe, DefaultArgs=''
2025-09-27 06:38:36.373 [DEBUG] PORTX - Processing tool: cygpath, path: cygpath.exe
2025-09-27 06:38:36.374 [DEBUG] PORTX - About to create bash wrapper with: PackageName=path-utils, ToolName=cygpath, ExecutablePath=cygpath.exe, DefaultArgs=''
2025-09-27 06:38:36.375 [DEBUG] PORTX - New-UniversalBashWrapper called with PackageName='path-utils', ToolName='cygpath'
2025-09-27 06:38:36.376 [DEBUG] SANITIZE - Sanitizing file: C:\App\PORTX\wrappers\posix\cygpath
2025-09-27 06:38:36.379 [DEBUG] SANITIZE - File sanitized: C:\App\PORTX\wrappers\posix\cygpath
2025-09-27 06:38:36.380 [DEBUG] PORTX - Created universal bash wrapper: C:\App\PORTX\wrappers\posix\cygpath
2025-09-27 06:38:36.381 [DEBUG] PORTX - New-UniversalCmdWrapper called with PackageName='path-utils', ToolName='cygpath'
2025-09-27 06:38:36.383 [DEBUG] PORTX - Created universal CMD wrapper: C:\App\PORTX\wrappers\windows\cygpath.cmd
2025-09-27 06:38:36.384 [DEBUG] PORTX - About to create Go wrapper with: PackageName=path-utils, ToolName=cygpath, ExecutablePath=cygpath.exe, DefaultArgs=''
2025-09-27 06:38:36.386 [DEBUG] PORTX - Processing tool: dirname, path: dirname.exe
2025-09-27 06:38:36.387 [DEBUG] PORTX - About to create bash wrapper with: PackageName=path-utils, ToolName=dirname, ExecutablePath=dirname.exe, DefaultArgs=''
2025-09-27 06:38:36.388 [DEBUG] PORTX - New-UniversalBashWrapper called with PackageName='path-utils', ToolName='dirname'
2025-09-27 06:38:36.389 [DEBUG] SANITIZE - Sanitizing file: C:\App\PORTX\wrappers\posix\dirname
2025-09-27 06:38:36.391 [DEBUG] SANITIZE - File sanitized: C:\App\PORTX\wrappers\posix\dirname
2025-09-27 06:38:36.392 [DEBUG] PORTX - Created universal bash wrapper: C:\App\PORTX\wrappers\posix\dirname
2025-09-27 06:38:36.394 [DEBUG] PORTX - New-UniversalCmdWrapper called with PackageName='path-utils', ToolName='dirname'
2025-09-27 06:38:36.396 [DEBUG] PORTX - Created universal CMD wrapper: C:\App\PORTX\wrappers\windows\dirname.cmd
2025-09-27 06:38:36.397 [DEBUG] PORTX - About to create Go wrapper with: PackageName=path-utils, ToolName=dirname, ExecutablePath=dirname.exe, DefaultArgs=''
2025-09-27 06:38:36.398 [DEBUG] PORTX - Processing tool: hardlink, path: hardlink.exe
2025-09-27 06:38:36.400 [DEBUG] PORTX - About to create bash wrapper with: PackageName=path-utils, ToolName=hardlink, ExecutablePath=hardlink.exe, DefaultArgs=''
2025-09-27 06:38:36.401 [DEBUG] PORTX - New-UniversalBashWrapper called with PackageName='path-utils', ToolName='hardlink'
2025-09-27 06:38:36.402 [DEBUG] SANITIZE - Sanitizing file: C:\App\PORTX\wrappers\posix\hardlink
2025-09-27 06:38:36.404 [DEBUG] SANITIZE - File sanitized: C:\App\PORTX\wrappers\posix\hardlink
2025-09-27 06:38:36.405 [DEBUG] PORTX - Created universal bash wrapper: C:\App\PORTX\wrappers\posix\hardlink
2025-09-27 06:38:36.407 [DEBUG] PORTX - New-UniversalCmdWrapper called with PackageName='path-utils', ToolName='hardlink'
2025-09-27 06:38:36.409 [DEBUG] PORTX - Created universal CMD wrapper: C:\App\PORTX\wrappers\windows\hardlink.cmd
2025-09-27 06:38:36.410 [DEBUG] PORTX - About to create Go wrapper with: PackageName=path-utils, ToolName=hardlink, ExecutablePath=hardlink.exe, DefaultArgs=''
2025-09-27 06:38:36.411 [DEBUG] PORTX - Processing tool: link, path: link.exe
2025-09-27 06:38:36.412 [DEBUG] PORTX - About to create bash wrapper with: PackageName=path-utils, ToolName=link, ExecutablePath=link.exe, DefaultArgs=''
2025-09-27 06:38:36.413 [DEBUG] PORTX - New-UniversalBashWrapper called with PackageName='path-utils', ToolName='link'
2025-09-27 06:38:36.415 [DEBUG] SANITIZE - Sanitizing file: C:\App\PORTX\wrappers\posix\link
2025-09-27 06:38:36.417 [DEBUG] SANITIZE - File sanitized: C:\App\PORTX\wrappers\posix\link
2025-09-27 06:38:36.418 [DEBUG] PORTX - Created universal bash wrapper: C:\App\PORTX\wrappers\posix\link
2025-09-27 06:38:36.419 [DEBUG] PORTX - New-UniversalCmdWrapper called with PackageName='path-utils', ToolName='link'
2025-09-27 06:38:36.422 [DEBUG] PORTX - Created universal CMD wrapper: C:\App\PORTX\wrappers\windows\link.cmd
2025-09-27 06:38:36.423 [DEBUG] PORTX - About to create Go wrapper with: PackageName=path-utils, ToolName=link, ExecutablePath=link.exe, DefaultArgs=''
2025-09-27 06:38:36.424 [DEBUG] PORTX - Processing tool: ln, path: ln.exe
2025-09-27 06:38:36.425 [DEBUG] PORTX - About to create bash wrapper with: PackageName=path-utils, ToolName=ln, ExecutablePath=ln.exe, DefaultArgs=''
2025-09-27 06:38:36.426 [DEBUG] PORTX - New-UniversalBashWrapper called with PackageName='path-utils', ToolName='ln'
2025-09-27 06:38:36.428 [DEBUG] SANITIZE - Sanitizing file: C:\App\PORTX\wrappers\posix\ln
2025-09-27 06:38:36.429 [DEBUG] SANITIZE - File sanitized: C:\App\PORTX\wrappers\posix\ln
2025-09-27 06:38:36.430 [DEBUG] PORTX - Created universal bash wrapper: C:\App\PORTX\wrappers\posix\ln
2025-09-27 06:38:36.432 [DEBUG] PORTX - New-UniversalCmdWrapper called with PackageName='path-utils', ToolName='ln'
2025-09-27 06:38:36.434 [DEBUG] PORTX - Created universal CMD wrapper: C:\App\PORTX\wrappers\windows\ln.cmd
2025-09-27 06:38:36.435 [DEBUG] PORTX - About to create Go wrapper with: PackageName=path-utils, ToolName=ln, ExecutablePath=ln.exe, DefaultArgs=''
2025-09-27 06:38:36.436 [DEBUG] PORTX - Processing tool: pathchk, path: pathchk.exe
2025-09-27 06:38:36.437 [DEBUG] PORTX - About to create bash wrapper with: PackageName=path-utils, ToolName=pathchk, ExecutablePath=pathchk.exe, DefaultArgs=''
2025-09-27 06:38:36.439 [DEBUG] PORTX - New-UniversalBashWrapper called with PackageName='path-utils', ToolName='pathchk'
2025-09-27 06:38:36.440 [DEBUG] SANITIZE - Sanitizing file: C:\App\PORTX\wrappers\posix\pathchk
2025-09-27 06:38:36.442 [DEBUG] SANITIZE - File sanitized: C:\App\PORTX\wrappers\posix\pathchk
2025-09-27 06:38:36.443 [DEBUG] PORTX - Created universal bash wrapper: C:\App\PORTX\wrappers\posix\pathchk
2025-09-27 06:38:36.444 [DEBUG] PORTX - New-UniversalCmdWrapper called with PackageName='path-utils', ToolName='pathchk'
2025-09-27 06:38:36.447 [DEBUG] PORTX - Created universal CMD wrapper: C:\App\PORTX\wrappers\windows\pathchk.cmd
2025-09-27 06:38:36.448 [DEBUG] PORTX - About to create Go wrapper with: PackageName=path-utils, ToolName=pathchk, ExecutablePath=pathchk.exe, DefaultArgs=''
2025-09-27 06:38:36.449 [DEBUG] PORTX - Processing tool: readlink, path: readlink.exe
2025-09-27 06:38:36.451 [DEBUG] PORTX - About to create bash wrapper with: PackageName=path-utils, ToolName=readlink, ExecutablePath=readlink.exe, DefaultArgs=''
2025-09-27 06:38:36.452 [DEBUG] PORTX - New-UniversalBashWrapper called with PackageName='path-utils', ToolName='readlink'
2025-09-27 06:38:36.455 [DEBUG] SANITIZE - Sanitizing file: C:\App\PORTX\wrappers\posix\readlink
2025-09-27 06:38:36.457 [DEBUG] SANITIZE - File sanitized: C:\App\PORTX\wrappers\posix\readlink
2025-09-27 06:38:36.458 [DEBUG] PORTX - Created universal bash wrapper: C:\App\PORTX\wrappers\posix\readlink
2025-09-27 06:38:36.460 [DEBUG] PORTX - New-UniversalCmdWrapper called with PackageName='path-utils', ToolName='readlink'
2025-09-27 06:38:36.462 [DEBUG] PORTX - Created universal CMD wrapper: C:\App\PORTX\wrappers\windows\readlink.cmd
2025-09-27 06:38:36.463 [DEBUG] PORTX - About to create Go wrapper with: PackageName=path-utils, ToolName=readlink, ExecutablePath=readlink.exe, DefaultArgs=''
2025-09-27 06:38:36.465 [DEBUG] PORTX - Processing tool: realpath, path: realpath.exe
2025-09-27 06:38:36.466 [DEBUG] PORTX - About to create bash wrapper with: PackageName=path-utils, ToolName=realpath, ExecutablePath=realpath.exe, DefaultArgs=''
2025-09-27 06:38:36.467 [DEBUG] PORTX - New-UniversalBashWrapper called with PackageName='path-utils', ToolName='realpath'
2025-09-27 06:38:36.469 [DEBUG] SANITIZE - Sanitizing file: C:\App\PORTX\wrappers\posix\realpath
2025-09-27 06:38:36.471 [DEBUG] SANITIZE - File sanitized: C:\App\PORTX\wrappers\posix\realpath
2025-09-27 06:38:36.472 [DEBUG] PORTX - Created universal bash wrapper: C:\App\PORTX\wrappers\posix\realpath
2025-09-27 06:38:36.473 [DEBUG] PORTX - New-UniversalCmdWrapper called with PackageName='path-utils', ToolName='realpath'
2025-09-27 06:38:36.476 [DEBUG] PORTX - Created universal CMD wrapper: C:\App\PORTX\wrappers\windows\realpath.cmd
2025-09-27 06:38:36.477 [DEBUG] PORTX - About to create Go wrapper with: PackageName=path-utils, ToolName=realpath, ExecutablePath=realpath.exe, DefaultArgs=''
2025-09-27 06:38:36.478 [DEBUG] PORTX - Processing tool: unlink, path: unlink.exe
2025-09-27 06:38:36.479 [DEBUG] PORTX - About to create bash wrapper with: PackageName=path-utils, ToolName=unlink, ExecutablePath=unlink.exe, DefaultArgs=''
2025-09-27 06:38:36.480 [DEBUG] PORTX - New-UniversalBashWrapper called with PackageName='path-utils', ToolName='unlink'
2025-09-27 06:38:36.482 [DEBUG] SANITIZE - Sanitizing file: C:\App\PORTX\wrappers\posix\unlink
2025-09-27 06:38:36.484 [DEBUG] SANITIZE - File sanitized: C:\App\PORTX\wrappers\posix\unlink
2025-09-27 06:38:36.485 [DEBUG] PORTX - Created universal bash wrapper: C:\App\PORTX\wrappers\posix\unlink
2025-09-27 06:38:36.486 [DEBUG] PORTX - New-UniversalCmdWrapper called with PackageName='path-utils', ToolName='unlink'
2025-09-27 06:38:36.489 [DEBUG] PORTX - Created universal CMD wrapper: C:\App\PORTX\wrappers\windows\unlink.cmd
2025-09-27 06:38:36.490 [DEBUG] PORTX - About to create Go wrapper with: PackageName=path-utils, ToolName=unlink, ExecutablePath=unlink.exe, DefaultArgs=''
2025-09-27 06:38:36.491 [DEBUG] PORTX - Processing tool: windmc, path: windmc.exe
2025-09-27 06:38:36.492 [DEBUG] PORTX - About to create bash wrapper with: PackageName=path-utils, ToolName=windmc, ExecutablePath=windmc.exe, DefaultArgs=''
2025-09-27 06:38:36.493 [DEBUG] PORTX - New-UniversalBashWrapper called with PackageName='path-utils', ToolName='windmc'
2025-09-27 06:38:36.495 [DEBUG] SANITIZE - Sanitizing file: C:\App\PORTX\wrappers\posix\windmc
2025-09-27 06:38:36.497 [DEBUG] SANITIZE - File sanitized: C:\App\PORTX\wrappers\posix\windmc
2025-09-27 06:38:36.498 [DEBUG] PORTX - Created universal bash wrapper: C:\App\PORTX\wrappers\posix\windmc
2025-09-27 06:38:36.499 [DEBUG] PORTX - New-UniversalCmdWrapper called with PackageName='path-utils', ToolName='windmc'
2025-09-27 06:38:36.502 [DEBUG] PORTX - Created universal CMD wrapper: C:\App\PORTX\wrappers\windows\windmc.cmd
2025-09-27 06:38:36.503 [DEBUG] PORTX - About to create Go wrapper with: PackageName=path-utils, ToolName=windmc, ExecutablePath=windmc.exe, DefaultArgs=''
2025-09-27 06:38:36.504 [DEBUG] PORTX - Processing tool: windres, path: windres.exe
2025-09-27 06:38:36.505 [DEBUG] PORTX - About to create bash wrapper with: PackageName=path-utils, ToolName=windres, ExecutablePath=windres.exe, DefaultArgs=''
2025-09-27 06:38:36.506 [DEBUG] PORTX - New-UniversalBashWrapper called with PackageName='path-utils', ToolName='windres'
2025-09-27 06:38:36.508 [DEBUG] SANITIZE - Sanitizing file: C:\App\PORTX\wrappers\posix\windres
2025-09-27 06:38:36.510 [DEBUG] SANITIZE - File sanitized: C:\App\PORTX\wrappers\posix\windres
2025-09-27 06:38:36.512 [DEBUG] PORTX - Created universal bash wrapper: C:\App\PORTX\wrappers\posix\windres
2025-09-27 06:38:36.513 [DEBUG] PORTX - New-UniversalCmdWrapper called with PackageName='path-utils', ToolName='windres'
2025-09-27 06:38:36.515 [DEBUG] PORTX - Created universal CMD wrapper: C:\App\PORTX\wrappers\windows\windres.cmd
2025-09-27 06:38:36.516 [DEBUG] PORTX - About to create Go wrapper with: PackageName=path-utils, ToolName=windres, ExecutablePath=windres.exe, DefaultArgs=''
2025-09-27 06:38:36.518 [INFO] PORTX -   Created 13 wrappers for path-utils
2025-09-27 06:38:36.519 [DEBUG] VALIDATION - Starting wrapper validation for package: path-utils
2025-09-27 06:38:36.520 [DEBUG] VALIDATION -   Wrapper validation passed for path-utils
2025-09-27 06:38:36.521 [INFO] PORTX - Processing: peco
2025-09-27 06:38:36.523 [DEBUG] PORTX - Validating package: peco
2025-09-27 06:38:36.526 [DEBUG] PORTX - Package peco validation passed
2025-09-27 06:38:36.528 [INFO] PORTX -   Import type: wrap
2025-09-27 06:38:36.529 [INFO] PORTX -   WRAP: peco
2025-09-27 06:38:36.531 [DEBUG] PORTX - Processing tool: peco, path: peco.exe
2025-09-27 06:38:36.532 [DEBUG] PORTX - About to create bash wrapper with: PackageName=peco, ToolName=peco, ExecutablePath=peco.exe, DefaultArgs=''
2025-09-27 06:38:36.533 [DEBUG] PORTX - New-UniversalBashWrapper called with PackageName='peco', ToolName='peco'
2025-09-27 06:38:36.535 [DEBUG] SANITIZE - Sanitizing file: C:\App\PORTX\wrappers\posix\peco
2025-09-27 06:38:36.536 [DEBUG] SANITIZE - File sanitized: C:\App\PORTX\wrappers\posix\peco
2025-09-27 06:38:36.538 [DEBUG] PORTX - Created universal bash wrapper: C:\App\PORTX\wrappers\posix\peco
2025-09-27 06:38:36.539 [DEBUG] PORTX - New-UniversalCmdWrapper called with PackageName='peco', ToolName='peco'
2025-09-27 06:38:36.541 [DEBUG] PORTX - Created universal CMD wrapper: C:\App\PORTX\wrappers\windows\peco.cmd
2025-09-27 06:38:36.542 [DEBUG] PORTX - About to create Go wrapper with: PackageName=peco, ToolName=peco, ExecutablePath=peco.exe, DefaultArgs=''
2025-09-27 06:38:36.543 [INFO] PORTX -   Created 1 wrappers for peco
2025-09-27 06:38:36.545 [DEBUG] VALIDATION - Starting wrapper validation for package: peco
2025-09-27 06:38:36.546 [DEBUG] VALIDATION -   Wrapper validation passed for peco
2025-09-27 06:38:36.547 [INFO] PORTX - Processing: pigz
2025-09-27 06:38:36.549 [DEBUG] PORTX - Validating package: pigz
2025-09-27 06:38:36.552 [DEBUG] PORTX - Package pigz validation passed
2025-09-27 06:38:36.555 [INFO] PORTX -   Import type: wrap
2025-09-27 06:38:36.556 [INFO] PORTX -   WRAP: pigz
2025-09-27 06:38:36.557 [DEBUG] PORTX - Processing tool: pigz, path: pigz.exe
2025-09-27 06:38:36.559 [DEBUG] PORTX - About to create bash wrapper with: PackageName=pigz, ToolName=pigz, ExecutablePath=pigz.exe, DefaultArgs=''
2025-09-27 06:38:36.560 [DEBUG] PORTX - New-UniversalBashWrapper called with PackageName='pigz', ToolName='pigz'
2025-09-27 06:38:36.562 [DEBUG] SANITIZE - Sanitizing file: C:\App\PORTX\wrappers\posix\pigz
2025-09-27 06:38:36.563 [DEBUG] SANITIZE - File sanitized: C:\App\PORTX\wrappers\posix\pigz
2025-09-27 06:38:36.564 [DEBUG] PORTX - Created universal bash wrapper: C:\App\PORTX\wrappers\posix\pigz
2025-09-27 06:38:36.566 [DEBUG] PORTX - New-UniversalCmdWrapper called with PackageName='pigz', ToolName='pigz'
2025-09-27 06:38:36.568 [DEBUG] PORTX - Created universal CMD wrapper: C:\App\PORTX\wrappers\windows\pigz.cmd
2025-09-27 06:38:36.569 [DEBUG] PORTX - About to create Go wrapper with: PackageName=pigz, ToolName=pigz, ExecutablePath=pigz.exe, DefaultArgs=''
2025-09-27 06:38:36.570 [INFO] PORTX -   Created 1 wrappers for pigz
2025-09-27 06:38:36.572 [DEBUG] VALIDATION - Starting wrapper validation for package: pigz
2025-09-27 06:38:36.573 [DEBUG] VALIDATION -   Wrapper validation passed for pigz
2025-09-27 06:38:36.574 [INFO] PORTX - Processing: pmd
2025-09-27 06:38:36.576 [DEBUG] PORTX - Validating package: pmd
2025-09-27 06:38:36.579 [DEBUG] PORTX - Package pmd validation passed
2025-09-27 06:38:36.581 [INFO] PORTX -   Import type: wrap
2025-09-27 06:38:36.582 [INFO] PORTX -   WRAP: pmd
2025-09-27 06:38:36.583 [DEBUG] PORTX - Processing tool: pmd, path: pmd.cmd
2025-09-27 06:38:36.584 [DEBUG] PORTX - About to create bash wrapper with: PackageName=pmd, ToolName=pmd, ExecutablePath=pmd.cmd, DefaultArgs=''
2025-09-27 06:38:36.585 [DEBUG] PORTX - New-UniversalBashWrapper called with PackageName='pmd', ToolName='pmd'
2025-09-27 06:38:36.587 [DEBUG] SANITIZE - Sanitizing file: C:\App\PORTX\wrappers\posix\pmd
2025-09-27 06:38:36.589 [DEBUG] SANITIZE - File sanitized: C:\App\PORTX\wrappers\posix\pmd
2025-09-27 06:38:36.590 [DEBUG] PORTX - Created universal bash wrapper: C:\App\PORTX\wrappers\posix\pmd
2025-09-27 06:38:36.591 [DEBUG] PORTX - New-UniversalCmdWrapper called with PackageName='pmd', ToolName='pmd'
2025-09-27 06:38:36.594 [DEBUG] PORTX - Created universal CMD wrapper: C:\App\PORTX\wrappers\windows\pmd.cmd
2025-09-27 06:38:36.595 [DEBUG] PORTX - About to create Go wrapper with: PackageName=pmd, ToolName=pmd, ExecutablePath=pmd.cmd, DefaultArgs=''
2025-09-27 06:38:36.596 [INFO] PORTX -   Created 1 wrappers for pmd
2025-09-27 06:38:36.597 [DEBUG] VALIDATION - Starting wrapper validation for package: pmd
2025-09-27 06:38:36.599 [DEBUG] VALIDATION -   Wrapper validation passed for pmd
2025-09-27 06:38:36.600 [INFO] PORTX - Processing: pnpm
2025-09-27 06:38:36.602 [DEBUG] PORTX - Validating package: pnpm
2025-09-27 06:38:36.605 [DEBUG] PORTX - Package pnpm validation passed
2025-09-27 06:38:36.607 [INFO] PORTX -   Import type: wrap
2025-09-27 06:38:36.608 [INFO] PORTX -   WRAP: pnpm
2025-09-27 06:38:36.609 [DEBUG] PORTX - Processing tool: pnpm, path: pnpm.exe
2025-09-27 06:38:36.610 [DEBUG] PORTX - About to create bash wrapper with: PackageName=pnpm, ToolName=pnpm, ExecutablePath=pnpm.exe, DefaultArgs=''
2025-09-27 06:38:36.611 [DEBUG] PORTX - New-UniversalBashWrapper called with PackageName='pnpm', ToolName='pnpm'
2025-09-27 06:38:36.613 [DEBUG] SANITIZE - Sanitizing file: C:\App\PORTX\wrappers\posix\pnpm
2025-09-27 06:38:36.615 [DEBUG] SANITIZE - File sanitized: C:\App\PORTX\wrappers\posix\pnpm
2025-09-27 06:38:36.616 [DEBUG] PORTX - Created universal bash wrapper: C:\App\PORTX\wrappers\posix\pnpm
2025-09-27 06:38:36.617 [DEBUG] PORTX - New-UniversalCmdWrapper called with PackageName='pnpm', ToolName='pnpm'
2025-09-27 06:38:36.620 [DEBUG] PORTX - Created universal CMD wrapper: C:\App\PORTX\wrappers\windows\pnpm.cmd
2025-09-27 06:38:36.621 [DEBUG] PORTX - About to create Go wrapper with: PackageName=pnpm, ToolName=pnpm, ExecutablePath=pnpm.exe, DefaultArgs=''
2025-09-27 06:38:36.622 [INFO] PORTX -   Created 1 wrappers for pnpm
2025-09-27 06:38:36.624 [DEBUG] VALIDATION - Starting wrapper validation for package: pnpm
2025-09-27 06:38:36.625 [DEBUG] VALIDATION -   Wrapper validation passed for pnpm
2025-09-27 06:38:36.626 [INFO] PORTX - Processing: podman
2025-09-27 06:38:36.627 [DEBUG] PORTX - Validating package: podman
2025-09-27 06:38:36.633 [DEBUG] PORTX - Package podman validation passed
2025-09-27 06:38:36.635 [INFO] PORTX -   Import type: wrap
2025-09-27 06:38:36.636 [INFO] PORTX -   WRAP: podman
2025-09-27 06:38:36.637 [DEBUG] PORTX - Processing tool: podman, path: podman.exe
2025-09-27 06:38:36.638 [DEBUG] PORTX - About to create bash wrapper with: PackageName=podman, ToolName=podman, ExecutablePath=podman.exe, DefaultArgs=''
2025-09-27 06:38:36.639 [DEBUG] PORTX - New-UniversalBashWrapper called with PackageName='podman', ToolName='podman'
2025-09-27 06:38:36.641 [DEBUG] SANITIZE - Sanitizing file: C:\App\PORTX\wrappers\posix\podman
2025-09-27 06:38:36.643 [DEBUG] SANITIZE - File sanitized: C:\App\PORTX\wrappers\posix\podman
2025-09-27 06:38:36.644 [DEBUG] PORTX - Created universal bash wrapper: C:\App\PORTX\wrappers\posix\podman
2025-09-27 06:38:36.645 [DEBUG] PORTX - New-UniversalCmdWrapper called with PackageName='podman', ToolName='podman'
2025-09-27 06:38:36.648 [DEBUG] PORTX - Created universal CMD wrapper: C:\App\PORTX\wrappers\windows\podman.cmd
2025-09-27 06:38:36.649 [DEBUG] PORTX - About to create Go wrapper with: PackageName=podman, ToolName=podman, ExecutablePath=podman.exe, DefaultArgs=''
2025-09-27 06:38:36.650 [DEBUG] PORTX - Processing tool: gvproxy, path: gvproxy.exe
2025-09-27 06:38:36.651 [DEBUG] PORTX - About to create bash wrapper with: PackageName=podman, ToolName=gvproxy, ExecutablePath=gvproxy.exe, DefaultArgs=''
2025-09-27 06:38:36.653 [DEBUG] PORTX - New-UniversalBashWrapper called with PackageName='podman', ToolName='gvproxy'
2025-09-27 06:38:36.655 [DEBUG] SANITIZE - Sanitizing file: C:\App\PORTX\wrappers\posix\gvproxy
2025-09-27 06:38:36.657 [DEBUG] SANITIZE - File sanitized: C:\App\PORTX\wrappers\posix\gvproxy
2025-09-27 06:38:36.658 [DEBUG] PORTX - Created universal bash wrapper: C:\App\PORTX\wrappers\posix\gvproxy
2025-09-27 06:38:36.659 [DEBUG] PORTX - New-UniversalCmdWrapper called with PackageName='podman', ToolName='gvproxy'
2025-09-27 06:38:36.662 [DEBUG] PORTX - Created universal CMD wrapper: C:\App\PORTX\wrappers\windows\gvproxy.cmd
2025-09-27 06:38:36.663 [DEBUG] PORTX - About to create Go wrapper with: PackageName=podman, ToolName=gvproxy, ExecutablePath=gvproxy.exe, DefaultArgs=''
2025-09-27 06:38:36.664 [DEBUG] PORTX - Processing tool: win-sshproxy, path: win-sshproxy.exe
2025-09-27 06:38:36.665 [DEBUG] PORTX - About to create bash wrapper with: PackageName=podman, ToolName=win-sshproxy, ExecutablePath=win-sshproxy.exe, DefaultArgs=''
2025-09-27 06:38:36.666 [DEBUG] PORTX - New-UniversalBashWrapper called with PackageName='podman', ToolName='win-sshproxy'
2025-09-27 06:38:36.668 [DEBUG] SANITIZE - Sanitizing file: C:\App\PORTX\wrappers\posix\win-sshproxy
2025-09-27 06:38:36.670 [DEBUG] SANITIZE - File sanitized: C:\App\PORTX\wrappers\posix\win-sshproxy
2025-09-27 06:38:36.671 [DEBUG] PORTX - Created universal bash wrapper: C:\App\PORTX\wrappers\posix\win-sshproxy
2025-09-27 06:38:36.673 [DEBUG] PORTX - New-UniversalCmdWrapper called with PackageName='podman', ToolName='win-sshproxy'
2025-09-27 06:38:36.675 [DEBUG] PORTX - Created universal CMD wrapper: C:\App\PORTX\wrappers\windows\win-sshproxy.cmd
2025-09-27 06:38:36.676 [DEBUG] PORTX - About to create Go wrapper with: PackageName=podman, ToolName=win-sshproxy, ExecutablePath=win-sshproxy.exe, DefaultArgs=''
2025-09-27 06:38:36.678 [INFO] PORTX -   Created 3 wrappers for podman
2025-09-27 06:38:36.679 [DEBUG] VALIDATION - Starting wrapper validation for package: podman
2025-09-27 06:38:36.680 [DEBUG] VALIDATION -   Wrapper validation passed for podman
2025-09-27 06:38:36.681 [INFO] PORTX - Processing: polaris
2025-09-27 06:38:36.683 [DEBUG] PORTX - Validating package: polaris
2025-09-27 06:38:36.687 [DEBUG] PORTX - Package polaris validation passed
2025-09-27 06:38:36.689 [INFO] PORTX -   Import type: wrap
2025-09-27 06:38:36.690 [INFO] PORTX -   WRAP: polaris
2025-09-27 06:38:36.691 [DEBUG] PORTX - Processing tool: polaris, path: polaris.exe
2025-09-27 06:38:36.692 [DEBUG] PORTX - About to create bash wrapper with: PackageName=polaris, ToolName=polaris, ExecutablePath=polaris.exe, DefaultArgs=''
2025-09-27 06:38:36.693 [DEBUG] PORTX - New-UniversalBashWrapper called with PackageName='polaris', ToolName='polaris'
2025-09-27 06:38:36.695 [DEBUG] SANITIZE - Sanitizing file: C:\App\PORTX\wrappers\posix\polaris
2025-09-27 06:38:36.697 [DEBUG] SANITIZE - File sanitized: C:\App\PORTX\wrappers\posix\polaris
2025-09-27 06:38:36.698 [DEBUG] PORTX - Created universal bash wrapper: C:\App\PORTX\wrappers\posix\polaris
2025-09-27 06:38:36.699 [DEBUG] PORTX - New-UniversalCmdWrapper called with PackageName='polaris', ToolName='polaris'
2025-09-27 06:38:36.701 [DEBUG] PORTX - Created universal CMD wrapper: C:\App\PORTX\wrappers\windows\polaris.cmd
2025-09-27 06:38:36.702 [DEBUG] PORTX - About to create Go wrapper with: PackageName=polaris, ToolName=polaris, ExecutablePath=polaris.exe, DefaultArgs=''
2025-09-27 06:38:36.704 [INFO] PORTX -   Created 1 wrappers for polaris
2025-09-27 06:38:36.705 [DEBUG] VALIDATION - Starting wrapper validation for package: polaris
2025-09-27 06:38:36.706 [DEBUG] VALIDATION -   Wrapper validation passed for polaris
2025-09-27 06:38:36.708 [INFO] PORTX - Processing: powershell-core
2025-09-27 06:38:36.709 [DEBUG] PORTX - Validating package: powershell-core
2025-09-27 06:38:36.712 [DEBUG] PORTX - Package powershell-core validation passed
2025-09-27 06:38:36.714 [INFO] PORTX -   Import type: wrap
2025-09-27 06:38:36.715 [INFO] PORTX -   WRAP: powershell-core
2025-09-27 06:38:36.717 [DEBUG] PORTX - Processing tool: pwsh, path: pwsh.exe
2025-09-27 06:38:36.718 [DEBUG] PORTX - About to create bash wrapper with: PackageName=powershell-core, ToolName=pwsh, ExecutablePath=pwsh.exe, DefaultArgs=''
2025-09-27 06:38:36.719 [DEBUG] PORTX - New-UniversalBashWrapper called with PackageName='powershell-core', ToolName='pwsh'
2025-09-27 06:38:36.721 [DEBUG] SANITIZE - Sanitizing file: C:\App\PORTX\wrappers\posix\pwsh
2025-09-27 06:38:36.723 [DEBUG] SANITIZE - File sanitized: C:\App\PORTX\wrappers\posix\pwsh
2025-09-27 06:38:36.724 [DEBUG] PORTX - Created universal bash wrapper: C:\App\PORTX\wrappers\posix\pwsh
2025-09-27 06:38:36.725 [DEBUG] PORTX - New-UniversalCmdWrapper called with PackageName='powershell-core', ToolName='pwsh'
2025-09-27 06:38:36.728 [DEBUG] PORTX - Created universal CMD wrapper: C:\App\PORTX\wrappers\windows\pwsh.cmd
2025-09-27 06:38:36.729 [DEBUG] PORTX - About to create Go wrapper with: PackageName=powershell-core, ToolName=pwsh, ExecutablePath=pwsh.exe, DefaultArgs=''
2025-09-27 06:38:36.730 [INFO] PORTX -   Created 1 wrappers for powershell-core
2025-09-27 06:38:36.731 [DEBUG] VALIDATION - Starting wrapper validation for package: powershell-core
2025-09-27 06:38:36.732 [DEBUG] VALIDATION -   Wrapper validation passed for powershell-core
2025-09-27 06:38:36.734 [INFO] PORTX - Processing: premake
2025-09-27 06:38:36.735 [DEBUG] PORTX - Validating package: premake
2025-09-27 06:38:36.738 [DEBUG] PORTX - Package premake validation passed
2025-09-27 06:38:36.740 [INFO] PORTX -   Import type: wrap
2025-09-27 06:38:36.741 [INFO] PORTX -   WRAP: premake
2025-09-27 06:38:36.742 [DEBUG] PORTX - Processing tool: premake, path: premake.exe
2025-09-27 06:38:36.743 [DEBUG] PORTX - About to create bash wrapper with: PackageName=premake, ToolName=premake, ExecutablePath=premake.exe, DefaultArgs=''
2025-09-27 06:38:36.745 [DEBUG] PORTX - New-UniversalBashWrapper called with PackageName='premake', ToolName='premake'
2025-09-27 06:38:36.746 [DEBUG] SANITIZE - Sanitizing file: C:\App\PORTX\wrappers\posix\premake
2025-09-27 06:38:36.748 [DEBUG] SANITIZE - File sanitized: C:\App\PORTX\wrappers\posix\premake
2025-09-27 06:38:36.749 [DEBUG] PORTX - Created universal bash wrapper: C:\App\PORTX\wrappers\posix\premake
2025-09-27 06:38:36.752 [DEBUG] PORTX - New-UniversalCmdWrapper called with PackageName='premake', ToolName='premake'
2025-09-27 06:38:36.755 [DEBUG] PORTX - Created universal CMD wrapper: C:\App\PORTX\wrappers\windows\premake.cmd
2025-09-27 06:38:36.756 [DEBUG] PORTX - About to create Go wrapper with: PackageName=premake, ToolName=premake, ExecutablePath=premake.exe, DefaultArgs=''
2025-09-27 06:38:36.757 [INFO] PORTX -   Created 1 wrappers for premake
2025-09-27 06:38:36.758 [DEBUG] VALIDATION - Starting wrapper validation for package: premake
2025-09-27 06:38:36.760 [DEBUG] VALIDATION -   Wrapper validation passed for premake
2025-09-27 06:38:36.761 [INFO] PORTX - Processing: presenterm
2025-09-27 06:38:36.762 [DEBUG] PORTX - Validating package: presenterm
2025-09-27 06:38:36.765 [DEBUG] PORTX - Package presenterm validation passed
2025-09-27 06:38:36.767 [INFO] PORTX -   Import type: wrap
2025-09-27 06:38:36.768 [INFO] PORTX -   WRAP: presenterm
2025-09-27 06:38:36.770 [DEBUG] PORTX - Processing tool: presenterm, path: presenterm.exe
2025-09-27 06:38:36.771 [DEBUG] PORTX - About to create bash wrapper with: PackageName=presenterm, ToolName=presenterm, ExecutablePath=presenterm.exe, DefaultArgs=''
2025-09-27 06:38:36.772 [DEBUG] PORTX - New-UniversalBashWrapper called with PackageName='presenterm', ToolName='presenterm'
2025-09-27 06:38:36.774 [DEBUG] SANITIZE - Sanitizing file: C:\App\PORTX\wrappers\posix\presenterm
2025-09-27 06:38:36.776 [DEBUG] SANITIZE - File sanitized: C:\App\PORTX\wrappers\posix\presenterm
2025-09-27 06:38:36.777 [DEBUG] PORTX - Created universal bash wrapper: C:\App\PORTX\wrappers\posix\presenterm
2025-09-27 06:38:36.778 [DEBUG] PORTX - New-UniversalCmdWrapper called with PackageName='presenterm', ToolName='presenterm'
2025-09-27 06:38:36.780 [DEBUG] PORTX - Created universal CMD wrapper: C:\App\PORTX\wrappers\windows\presenterm.cmd
2025-09-27 06:38:36.781 [DEBUG] PORTX - About to create Go wrapper with: PackageName=presenterm, ToolName=presenterm, ExecutablePath=presenterm.exe, DefaultArgs=''
2025-09-27 06:38:36.782 [INFO] PORTX -   Created 1 wrappers for presenterm
2025-09-27 06:38:36.784 [DEBUG] VALIDATION - Starting wrapper validation for package: presenterm
2025-09-27 06:38:36.785 [DEBUG] VALIDATION -   Wrapper validation passed for presenterm
2025-09-27 06:38:36.786 [INFO] PORTX - Processing: procs
2025-09-27 06:38:36.788 [DEBUG] PORTX - Validating package: procs
2025-09-27 06:38:36.791 [DEBUG] PORTX - Package procs validation passed
2025-09-27 06:38:36.793 [INFO] PORTX -   Import type: wrap
2025-09-27 06:38:36.794 [INFO] PORTX -   WRAP: procs
2025-09-27 06:38:36.796 [DEBUG] PORTX - Processing tool: procs, path: procs.exe
2025-09-27 06:38:36.797 [DEBUG] PORTX - About to create bash wrapper with: PackageName=procs, ToolName=procs, ExecutablePath=procs.exe, DefaultArgs=''
2025-09-27 06:38:36.798 [DEBUG] PORTX - New-UniversalBashWrapper called with PackageName='procs', ToolName='procs'
2025-09-27 06:38:36.800 [DEBUG] SANITIZE - Sanitizing file: C:\App\PORTX\wrappers\posix\procs
2025-09-27 06:38:36.802 [DEBUG] SANITIZE - File sanitized: C:\App\PORTX\wrappers\posix\procs
2025-09-27 06:38:36.803 [DEBUG] PORTX - Created universal bash wrapper: C:\App\PORTX\wrappers\posix\procs
2025-09-27 06:38:36.805 [DEBUG] PORTX - New-UniversalCmdWrapper called with PackageName='procs', ToolName='procs'
2025-09-27 06:38:36.807 [DEBUG] PORTX - Created universal CMD wrapper: C:\App\PORTX\wrappers\windows\procs.cmd
2025-09-27 06:38:36.808 [DEBUG] PORTX - About to create Go wrapper with: PackageName=procs, ToolName=procs, ExecutablePath=procs.exe, DefaultArgs=''
2025-09-27 06:38:36.809 [INFO] PORTX -   Created 1 wrappers for procs
2025-09-27 06:38:36.811 [DEBUG] VALIDATION - Starting wrapper validation for package: procs
2025-09-27 06:38:36.812 [DEBUG] VALIDATION -   Wrapper validation passed for procs
2025-09-27 06:38:36.813 [INFO] PORTX - Processing: pueue
2025-09-27 06:38:36.815 [DEBUG] PORTX - Validating package: pueue
2025-09-27 06:38:36.819 [DEBUG] PORTX - Package pueue validation passed
2025-09-27 06:38:36.821 [INFO] PORTX -   Import type: wrap
2025-09-27 06:38:36.822 [INFO] PORTX -   WRAP: pueue
2025-09-27 06:38:36.823 [DEBUG] PORTX - Processing tool: pueue, path: pueue.exe
2025-09-27 06:38:36.824 [DEBUG] PORTX - About to create bash wrapper with: PackageName=pueue, ToolName=pueue, ExecutablePath=pueue.exe, DefaultArgs=''
2025-09-27 06:38:36.825 [DEBUG] PORTX - New-UniversalBashWrapper called with PackageName='pueue', ToolName='pueue'
2025-09-27 06:38:36.827 [DEBUG] SANITIZE - Sanitizing file: C:\App\PORTX\wrappers\posix\pueue
2025-09-27 06:38:36.829 [DEBUG] SANITIZE - File sanitized: C:\App\PORTX\wrappers\posix\pueue
2025-09-27 06:38:36.830 [DEBUG] PORTX - Created universal bash wrapper: C:\App\PORTX\wrappers\posix\pueue
2025-09-27 06:38:36.831 [DEBUG] PORTX - New-UniversalCmdWrapper called with PackageName='pueue', ToolName='pueue'
2025-09-27 06:38:36.834 [DEBUG] PORTX - Created universal CMD wrapper: C:\App\PORTX\wrappers\windows\pueue.cmd
2025-09-27 06:38:36.835 [DEBUG] PORTX - About to create Go wrapper with: PackageName=pueue, ToolName=pueue, ExecutablePath=pueue.exe, DefaultArgs=''
2025-09-27 06:38:36.836 [DEBUG] PORTX - Processing tool: pueued, path: pueued.exe
2025-09-27 06:38:36.837 [DEBUG] PORTX - About to create bash wrapper with: PackageName=pueue, ToolName=pueued, ExecutablePath=pueued.exe, DefaultArgs=''
2025-09-27 06:38:36.838 [DEBUG] PORTX - New-UniversalBashWrapper called with PackageName='pueue', ToolName='pueued'
2025-09-27 06:38:36.840 [DEBUG] SANITIZE - Sanitizing file: C:\App\PORTX\wrappers\posix\pueued
2025-09-27 06:38:36.842 [DEBUG] SANITIZE - File sanitized: C:\App\PORTX\wrappers\posix\pueued
2025-09-27 06:38:36.843 [DEBUG] PORTX - Created universal bash wrapper: C:\App\PORTX\wrappers\posix\pueued
2025-09-27 06:38:36.845 [DEBUG] PORTX - New-UniversalCmdWrapper called with PackageName='pueue', ToolName='pueued'
2025-09-27 06:38:36.847 [DEBUG] PORTX - Created universal CMD wrapper: C:\App\PORTX\wrappers\windows\pueued.cmd
2025-09-27 06:38:36.848 [DEBUG] PORTX - About to create Go wrapper with: PackageName=pueue, ToolName=pueued, ExecutablePath=pueued.exe, DefaultArgs=''
2025-09-27 06:38:36.849 [INFO] PORTX -   Created 2 wrappers for pueue
2025-09-27 06:38:36.852 [DEBUG] VALIDATION - Starting wrapper validation for package: pueue
2025-09-27 06:38:36.853 [DEBUG] VALIDATION -   Wrapper validation passed for pueue
2025-09-27 06:38:36.855 [INFO] PORTX - Processing: python-micromamba
2025-09-27 06:38:36.856 [DEBUG] PORTX - Validating package: python-micromamba
2025-09-27 06:38:36.860 [DEBUG] PORTX - Package python-micromamba validation passed
2025-09-27 06:38:36.862 [INFO] PORTX -   Import type: wrap
2025-09-27 06:38:36.864 [INFO] PORTX -   WRAP: python-micromamba
2025-09-27 06:38:36.865 [DEBUG] PORTX - Processing tool: conda, path: conda.exe
2025-09-27 06:38:36.866 [DEBUG] PORTX - About to create bash wrapper with: PackageName=python-micromamba, ToolName=conda, ExecutablePath=conda.exe, DefaultArgs=''
2025-09-27 06:38:36.867 [DEBUG] PORTX - New-UniversalBashWrapper called with PackageName='python-micromamba', ToolName='conda'
2025-09-27 06:38:36.869 [DEBUG] SANITIZE - Sanitizing file: C:\App\PORTX\wrappers\posix\conda
2025-09-27 06:38:36.871 [DEBUG] SANITIZE - File sanitized: C:\App\PORTX\wrappers\posix\conda
2025-09-27 06:38:36.872 [DEBUG] PORTX - Created universal bash wrapper: C:\App\PORTX\wrappers\posix\conda
2025-09-27 06:38:36.873 [DEBUG] PORTX - New-UniversalCmdWrapper called with PackageName='python-micromamba', ToolName='conda'
2025-09-27 06:38:36.876 [DEBUG] PORTX - Created universal CMD wrapper: C:\App\PORTX\wrappers\windows\conda.cmd
2025-09-27 06:38:36.877 [DEBUG] PORTX - About to create Go wrapper with: PackageName=python-micromamba, ToolName=conda, ExecutablePath=conda.exe, DefaultArgs=''
2025-09-27 06:38:36.878 [DEBUG] PORTX - Processing tool: micromamba, path: micromamba.exe
2025-09-27 06:38:36.879 [DEBUG] PORTX - About to create bash wrapper with: PackageName=python-micromamba, ToolName=micromamba, ExecutablePath=micromamba.exe, DefaultArgs=''
2025-09-27 06:38:36.880 [DEBUG] PORTX - New-UniversalBashWrapper called with PackageName='python-micromamba', ToolName='micromamba'
2025-09-27 06:38:36.882 [DEBUG] SANITIZE - Sanitizing file: C:\App\PORTX\wrappers\posix\micromamba
2025-09-27 06:38:36.884 [DEBUG] SANITIZE - File sanitized: C:\App\PORTX\wrappers\posix\micromamba
2025-09-27 06:38:36.885 [DEBUG] PORTX - Created universal bash wrapper: C:\App\PORTX\wrappers\posix\micromamba
2025-09-27 06:38:36.886 [DEBUG] PORTX - New-UniversalCmdWrapper called with PackageName='python-micromamba', ToolName='micromamba'
2025-09-27 06:38:36.889 [DEBUG] PORTX - Created universal CMD wrapper: C:\App\PORTX\wrappers\windows\micromamba.cmd
2025-09-27 06:38:36.890 [DEBUG] PORTX - About to create Go wrapper with: PackageName=python-micromamba, ToolName=micromamba, ExecutablePath=micromamba.exe, DefaultArgs=''
2025-09-27 06:38:36.891 [INFO] PORTX -   Created 2 wrappers for python-micromamba
2025-09-27 06:38:36.892 [DEBUG] VALIDATION - Starting wrapper validation for package: python-micromamba
2025-09-27 06:38:36.894 [DEBUG] VALIDATION -   Wrapper validation passed for python-micromamba
2025-09-27 06:38:36.895 [INFO] PORTX - Processing: python-runtime
2025-09-27 06:38:36.896 [DEBUG] PORTX - Validating package: python-runtime
2025-09-27 06:38:36.901 [DEBUG] PORTX - Package python-runtime validation passed
2025-09-27 06:38:36.903 [INFO] PORTX -   Import type: wrap
2025-09-27 06:38:36.904 [INFO] PORTX -   WRAP: python-runtime
2025-09-27 06:38:36.905 [DEBUG] PORTX - Processing tool: python, path: python.exe
2025-09-27 06:38:36.907 [DEBUG] PORTX - About to create bash wrapper with: PackageName=python-runtime, ToolName=python, ExecutablePath=python.exe, DefaultArgs=''
2025-09-27 06:38:36.908 [DEBUG] PORTX - New-UniversalBashWrapper called with PackageName='python-runtime', ToolName='python'
2025-09-27 06:38:36.909 [DEBUG] SANITIZE - Sanitizing file: C:\App\PORTX\wrappers\posix\python
2025-09-27 06:38:36.911 [DEBUG] SANITIZE - File sanitized: C:\App\PORTX\wrappers\posix\python
2025-09-27 06:38:36.912 [DEBUG] PORTX - Created universal bash wrapper: C:\App\PORTX\wrappers\posix\python
2025-09-27 06:38:36.913 [DEBUG] PORTX - New-UniversalCmdWrapper called with PackageName='python-runtime', ToolName='python'
2025-09-27 06:38:36.916 [DEBUG] PORTX - Created universal CMD wrapper: C:\App\PORTX\wrappers\windows\python.cmd
2025-09-27 06:38:36.917 [DEBUG] PORTX - About to create Go wrapper with: PackageName=python-runtime, ToolName=python, ExecutablePath=python.exe, DefaultArgs=''
2025-09-27 06:38:36.918 [DEBUG] PORTX - Processing tool: pythonw, path: pythonw.exe
2025-09-27 06:38:36.919 [DEBUG] PORTX - About to create bash wrapper with: PackageName=python-runtime, ToolName=pythonw, ExecutablePath=pythonw.exe, DefaultArgs=''
2025-09-27 06:38:36.921 [DEBUG] PORTX - New-UniversalBashWrapper called with PackageName='python-runtime', ToolName='pythonw'
2025-09-27 06:38:36.922 [DEBUG] SANITIZE - Sanitizing file: C:\App\PORTX\wrappers\posix\pythonw
2025-09-27 06:38:36.924 [DEBUG] SANITIZE - File sanitized: C:\App\PORTX\wrappers\posix\pythonw
2025-09-27 06:38:36.925 [DEBUG] PORTX - Created universal bash wrapper: C:\App\PORTX\wrappers\posix\pythonw
2025-09-27 06:38:36.926 [DEBUG] PORTX - New-UniversalCmdWrapper called with PackageName='python-runtime', ToolName='pythonw'
2025-09-27 06:38:36.929 [DEBUG] PORTX - Created universal CMD wrapper: C:\App\PORTX\wrappers\windows\pythonw.cmd
2025-09-27 06:38:36.930 [DEBUG] PORTX - About to create Go wrapper with: PackageName=python-runtime, ToolName=pythonw, ExecutablePath=pythonw.exe, DefaultArgs=''
2025-09-27 06:38:36.931 [INFO] PORTX -   Created 2 wrappers for python-runtime
2025-09-27 06:38:36.932 [DEBUG] VALIDATION - Starting wrapper validation for package: python-runtime
2025-09-27 06:38:36.933 [DEBUG] VALIDATION -   Wrapper validation passed for python-runtime
2025-09-27 06:38:36.935 [INFO] PORTX - Processing: qrencode
2025-09-27 06:38:36.936 [DEBUG] PORTX - Validating package: qrencode
2025-09-27 06:38:36.939 [DEBUG] PORTX - Package qrencode validation passed
2025-09-27 06:38:36.941 [INFO] PORTX -   Import type: wrap
2025-09-27 06:38:36.942 [INFO] PORTX -   WRAP: qrencode
2025-09-27 06:38:36.943 [DEBUG] PORTX - Processing tool: qrencode, path: qrencode.exe
2025-09-27 06:38:36.944 [DEBUG] PORTX - About to create bash wrapper with: PackageName=qrencode, ToolName=qrencode, ExecutablePath=qrencode.exe, DefaultArgs=''
2025-09-27 06:38:36.945 [DEBUG] PORTX - New-UniversalBashWrapper called with PackageName='qrencode', ToolName='qrencode'
2025-09-27 06:38:36.947 [DEBUG] SANITIZE - Sanitizing file: C:\App\PORTX\wrappers\posix\qrencode
2025-09-27 06:38:36.951 [DEBUG] SANITIZE - File sanitized: C:\App\PORTX\wrappers\posix\qrencode
2025-09-27 06:38:36.952 [DEBUG] PORTX - Created universal bash wrapper: C:\App\PORTX\wrappers\posix\qrencode
2025-09-27 06:38:36.953 [DEBUG] PORTX - New-UniversalCmdWrapper called with PackageName='qrencode', ToolName='qrencode'
2025-09-27 06:38:36.956 [DEBUG] PORTX - Created universal CMD wrapper: C:\App\PORTX\wrappers\windows\qrencode.cmd
2025-09-27 06:38:36.957 [DEBUG] PORTX - About to create Go wrapper with: PackageName=qrencode, ToolName=qrencode, ExecutablePath=qrencode.exe, DefaultArgs=''
2025-09-27 06:38:36.958 [INFO] PORTX -   Created 1 wrappers for qrencode
2025-09-27 06:38:36.959 [DEBUG] VALIDATION - Starting wrapper validation for package: qrencode
2025-09-27 06:38:36.961 [DEBUG] VALIDATION -   Wrapper validation passed for qrencode
2025-09-27 06:38:36.962 [INFO] PORTX - Processing: qsv
2025-09-27 06:38:36.963 [DEBUG] PORTX - Validating package: qsv
2025-09-27 06:38:36.978 [DEBUG] PORTX - Package qsv validation passed
2025-09-27 06:38:36.980 [INFO] PORTX -   Import type: wrap
2025-09-27 06:38:36.981 [INFO] PORTX -   WRAP: qsv
2025-09-27 06:38:36.982 [DEBUG] PORTX - Processing tool: qsv, path: qsv.exe
2025-09-27 06:38:36.983 [DEBUG] PORTX - About to create bash wrapper with: PackageName=qsv, ToolName=qsv, ExecutablePath=qsv.exe, DefaultArgs=''
2025-09-27 06:38:36.984 [DEBUG] PORTX - New-UniversalBashWrapper called with PackageName='qsv', ToolName='qsv'
2025-09-27 06:38:36.986 [DEBUG] SANITIZE - Sanitizing file: C:\App\PORTX\wrappers\posix\qsv
2025-09-27 06:38:36.988 [DEBUG] SANITIZE - File sanitized: C:\App\PORTX\wrappers\posix\qsv
2025-09-27 06:38:36.989 [DEBUG] PORTX - Created universal bash wrapper: C:\App\PORTX\wrappers\posix\qsv
2025-09-27 06:38:36.990 [DEBUG] PORTX - New-UniversalCmdWrapper called with PackageName='qsv', ToolName='qsv'
2025-09-27 06:38:36.993 [DEBUG] PORTX - Created universal CMD wrapper: C:\App\PORTX\wrappers\windows\qsv.cmd
2025-09-27 06:38:36.994 [DEBUG] PORTX - About to create Go wrapper with: PackageName=qsv, ToolName=qsv, ExecutablePath=qsv.exe, DefaultArgs=''
2025-09-27 06:38:36.995 [DEBUG] PORTX - Processing tool: qsvdp, path: qsvdp.exe
2025-09-27 06:38:36.996 [DEBUG] PORTX - About to create bash wrapper with: PackageName=qsv, ToolName=qsvdp, ExecutablePath=qsvdp.exe, DefaultArgs=''
2025-09-27 06:38:36.997 [DEBUG] PORTX - New-UniversalBashWrapper called with PackageName='qsv', ToolName='qsvdp'
2025-09-27 06:38:36.999 [DEBUG] SANITIZE - Sanitizing file: C:\App\PORTX\wrappers\posix\qsvdp
2025-09-27 06:38:37.001 [DEBUG] SANITIZE - File sanitized: C:\App\PORTX\wrappers\posix\qsvdp
2025-09-27 06:38:37.002 [DEBUG] PORTX - Created universal bash wrapper: C:\App\PORTX\wrappers\posix\qsvdp
2025-09-27 06:38:37.003 [DEBUG] PORTX - New-UniversalCmdWrapper called with PackageName='qsv', ToolName='qsvdp'
2025-09-27 06:38:37.006 [DEBUG] PORTX - Created universal CMD wrapper: C:\App\PORTX\wrappers\windows\qsvdp.cmd
2025-09-27 06:38:37.007 [DEBUG] PORTX - About to create Go wrapper with: PackageName=qsv, ToolName=qsvdp, ExecutablePath=qsvdp.exe, DefaultArgs=''
2025-09-27 06:38:37.008 [DEBUG] PORTX - Processing tool: qsvlite, path: qsvlite.exe
2025-09-27 06:38:37.009 [DEBUG] PORTX - About to create bash wrapper with: PackageName=qsv, ToolName=qsvlite, ExecutablePath=qsvlite.exe, DefaultArgs=''
2025-09-27 06:38:37.010 [DEBUG] PORTX - New-UniversalBashWrapper called with PackageName='qsv', ToolName='qsvlite'
2025-09-27 06:38:37.012 [DEBUG] SANITIZE - Sanitizing file: C:\App\PORTX\wrappers\posix\qsvlite
2025-09-27 06:38:37.013 [DEBUG] SANITIZE - File sanitized: C:\App\PORTX\wrappers\posix\qsvlite
2025-09-27 06:38:37.014 [DEBUG] PORTX - Created universal bash wrapper: C:\App\PORTX\wrappers\posix\qsvlite
2025-09-27 06:38:37.015 [DEBUG] PORTX - New-UniversalCmdWrapper called with PackageName='qsv', ToolName='qsvlite'
2025-09-27 06:38:37.018 [DEBUG] PORTX - Created universal CMD wrapper: C:\App\PORTX\wrappers\windows\qsvlite.cmd
2025-09-27 06:38:37.019 [DEBUG] PORTX - About to create Go wrapper with: PackageName=qsv, ToolName=qsvlite, ExecutablePath=qsvlite.exe, DefaultArgs=''
2025-09-27 06:38:37.020 [DEBUG] PORTX - Processing tool: qsvlite-nightly, path: qsvlite_nightly.exe
2025-09-27 06:38:37.021 [DEBUG] PORTX - About to create bash wrapper with: PackageName=qsv, ToolName=qsvlite-nightly, ExecutablePath=qsvlite_nightly.exe, DefaultArgs=''
2025-09-27 06:38:37.022 [DEBUG] PORTX - New-UniversalBashWrapper called with PackageName='qsv', ToolName='qsvlite-nightly'
2025-09-27 06:38:37.024 [DEBUG] SANITIZE - Sanitizing file: C:\App\PORTX\wrappers\posix\qsvlite-nightly
2025-09-27 06:38:37.026 [DEBUG] SANITIZE - File sanitized: C:\App\PORTX\wrappers\posix\qsvlite-nightly
2025-09-27 06:38:37.027 [DEBUG] PORTX - Created universal bash wrapper: C:\App\PORTX\wrappers\posix\qsvlite-nightly
2025-09-27 06:38:37.028 [DEBUG] PORTX - New-UniversalCmdWrapper called with PackageName='qsv', ToolName='qsvlite-nightly'
2025-09-27 06:38:37.031 [DEBUG] PORTX - Created universal CMD wrapper: C:\App\PORTX\wrappers\windows\qsvlite-nightly.cmd
2025-09-27 06:38:37.032 [DEBUG] PORTX - About to create Go wrapper with: PackageName=qsv, ToolName=qsvlite-nightly, ExecutablePath=qsvlite_nightly.exe, DefaultArgs=''
2025-09-27 06:38:37.033 [DEBUG] PORTX - Processing tool: qsvp, path: qsvp.exe
2025-09-27 06:38:37.034 [DEBUG] PORTX - About to create bash wrapper with: PackageName=qsv, ToolName=qsvp, ExecutablePath=qsvp.exe, DefaultArgs=''
2025-09-27 06:38:37.035 [DEBUG] PORTX - New-UniversalBashWrapper called with PackageName='qsv', ToolName='qsvp'
2025-09-27 06:38:37.037 [DEBUG] SANITIZE - Sanitizing file: C:\App\PORTX\wrappers\posix\qsvp
2025-09-27 06:38:37.038 [DEBUG] SANITIZE - File sanitized: C:\App\PORTX\wrappers\posix\qsvp
2025-09-27 06:38:37.039 [DEBUG] PORTX - Created universal bash wrapper: C:\App\PORTX\wrappers\posix\qsvp
2025-09-27 06:38:37.040 [DEBUG] PORTX - New-UniversalCmdWrapper called with PackageName='qsv', ToolName='qsvp'
2025-09-27 06:38:37.043 [DEBUG] PORTX - Created universal CMD wrapper: C:\App\PORTX\wrappers\windows\qsvp.cmd
2025-09-27 06:38:37.044 [DEBUG] PORTX - About to create Go wrapper with: PackageName=qsv, ToolName=qsvp, ExecutablePath=qsvp.exe, DefaultArgs=''
2025-09-27 06:38:37.045 [DEBUG] PORTX - Processing tool: qsvpdp, path: qsvpdp.exe
2025-09-27 06:38:37.046 [DEBUG] PORTX - About to create bash wrapper with: PackageName=qsv, ToolName=qsvpdp, ExecutablePath=qsvpdp.exe, DefaultArgs=''
2025-09-27 06:38:37.047 [DEBUG] PORTX - New-UniversalBashWrapper called with PackageName='qsv', ToolName='qsvpdp'
2025-09-27 06:38:37.051 [DEBUG] SANITIZE - Sanitizing file: C:\App\PORTX\wrappers\posix\qsvpdp
2025-09-27 06:38:37.053 [DEBUG] SANITIZE - File sanitized: C:\App\PORTX\wrappers\posix\qsvpdp
2025-09-27 06:38:37.054 [DEBUG] PORTX - Created universal bash wrapper: C:\App\PORTX\wrappers\posix\qsvpdp
2025-09-27 06:38:37.055 [DEBUG] PORTX - New-UniversalCmdWrapper called with PackageName='qsv', ToolName='qsvpdp'
2025-09-27 06:38:37.057 [DEBUG] PORTX - Created universal CMD wrapper: C:\App\PORTX\wrappers\windows\qsvpdp.cmd
2025-09-27 06:38:37.058 [DEBUG] PORTX - About to create Go wrapper with: PackageName=qsv, ToolName=qsvpdp, ExecutablePath=qsvpdp.exe, DefaultArgs=''
2025-09-27 06:38:37.060 [DEBUG] PORTX - Processing tool: qsvplite, path: qsvplite.exe
2025-09-27 06:38:37.061 [DEBUG] PORTX - About to create bash wrapper with: PackageName=qsv, ToolName=qsvplite, ExecutablePath=qsvplite.exe, DefaultArgs=''
2025-09-27 06:38:37.062 [DEBUG] PORTX - New-UniversalBashWrapper called with PackageName='qsv', ToolName='qsvplite'
2025-09-27 06:38:37.063 [DEBUG] SANITIZE - Sanitizing file: C:\App\PORTX\wrappers\posix\qsvplite
2025-09-27 06:38:37.065 [DEBUG] SANITIZE - File sanitized: C:\App\PORTX\wrappers\posix\qsvplite
2025-09-27 06:38:37.066 [DEBUG] PORTX - Created universal bash wrapper: C:\App\PORTX\wrappers\posix\qsvplite
2025-09-27 06:38:37.067 [DEBUG] PORTX - New-UniversalCmdWrapper called with PackageName='qsv', ToolName='qsvplite'
2025-09-27 06:38:37.070 [DEBUG] PORTX - Created universal CMD wrapper: C:\App\PORTX\wrappers\windows\qsvplite.cmd
2025-09-27 06:38:37.071 [DEBUG] PORTX - About to create Go wrapper with: PackageName=qsv, ToolName=qsvplite, ExecutablePath=qsvplite.exe, DefaultArgs=''
2025-09-27 06:38:37.072 [DEBUG] PORTX - Processing tool: qsvpy310, path: qsvpy310.exe
2025-09-27 06:38:37.073 [DEBUG] PORTX - About to create bash wrapper with: PackageName=qsv, ToolName=qsvpy310, ExecutablePath=qsvpy310.exe, DefaultArgs=''
2025-09-27 06:38:37.074 [DEBUG] PORTX - New-UniversalBashWrapper called with PackageName='qsv', ToolName='qsvpy310'
2025-09-27 06:38:37.076 [DEBUG] SANITIZE - Sanitizing file: C:\App\PORTX\wrappers\posix\qsvpy310
2025-09-27 06:38:37.078 [DEBUG] SANITIZE - File sanitized: C:\App\PORTX\wrappers\posix\qsvpy310
2025-09-27 06:38:37.079 [DEBUG] PORTX - Created universal bash wrapper: C:\App\PORTX\wrappers\posix\qsvpy310
2025-09-27 06:38:37.080 [DEBUG] PORTX - New-UniversalCmdWrapper called with PackageName='qsv', ToolName='qsvpy310'
2025-09-27 06:38:37.083 [DEBUG] PORTX - Created universal CMD wrapper: C:\App\PORTX\wrappers\windows\qsvpy310.cmd
2025-09-27 06:38:37.084 [DEBUG] PORTX - About to create Go wrapper with: PackageName=qsv, ToolName=qsvpy310, ExecutablePath=qsvpy310.exe, DefaultArgs=''
2025-09-27 06:38:37.085 [DEBUG] PORTX - Processing tool: qsvpy311, path: qsvpy311.exe
2025-09-27 06:38:37.086 [DEBUG] PORTX - About to create bash wrapper with: PackageName=qsv, ToolName=qsvpy311, ExecutablePath=qsvpy311.exe, DefaultArgs=''
2025-09-27 06:38:37.087 [DEBUG] PORTX - New-UniversalBashWrapper called with PackageName='qsv', ToolName='qsvpy311'
2025-09-27 06:38:37.088 [DEBUG] SANITIZE - Sanitizing file: C:\App\PORTX\wrappers\posix\qsvpy311
2025-09-27 06:38:37.090 [DEBUG] SANITIZE - File sanitized: C:\App\PORTX\wrappers\posix\qsvpy311
2025-09-27 06:38:37.091 [DEBUG] PORTX - Created universal bash wrapper: C:\App\PORTX\wrappers\posix\qsvpy311
2025-09-27 06:38:37.092 [DEBUG] PORTX - New-UniversalCmdWrapper called with PackageName='qsv', ToolName='qsvpy311'
2025-09-27 06:38:37.095 [DEBUG] PORTX - Created universal CMD wrapper: C:\App\PORTX\wrappers\windows\qsvpy311.cmd
2025-09-27 06:38:37.096 [DEBUG] PORTX - About to create Go wrapper with: PackageName=qsv, ToolName=qsvpy311, ExecutablePath=qsvpy311.exe, DefaultArgs=''
2025-09-27 06:38:37.097 [DEBUG] PORTX - Processing tool: qsvpy312, path: qsvpy312.exe
2025-09-27 06:38:37.098 [DEBUG] PORTX - About to create bash wrapper with: PackageName=qsv, ToolName=qsvpy312, ExecutablePath=qsvpy312.exe, DefaultArgs=''
2025-09-27 06:38:37.100 [DEBUG] PORTX - New-UniversalBashWrapper called with PackageName='qsv', ToolName='qsvpy312'
2025-09-27 06:38:37.101 [DEBUG] SANITIZE - Sanitizing file: C:\App\PORTX\wrappers\posix\qsvpy312
2025-09-27 06:38:37.103 [DEBUG] SANITIZE - File sanitized: C:\App\PORTX\wrappers\posix\qsvpy312
2025-09-27 06:38:37.104 [DEBUG] PORTX - Created universal bash wrapper: C:\App\PORTX\wrappers\posix\qsvpy312
2025-09-27 06:38:37.105 [DEBUG] PORTX - New-UniversalCmdWrapper called with PackageName='qsv', ToolName='qsvpy312'
2025-09-27 06:38:37.108 [DEBUG] PORTX - Created universal CMD wrapper: C:\App\PORTX\wrappers\windows\qsvpy312.cmd
2025-09-27 06:38:37.109 [DEBUG] PORTX - About to create Go wrapper with: PackageName=qsv, ToolName=qsvpy312, ExecutablePath=qsvpy312.exe, DefaultArgs=''
2025-09-27 06:38:37.110 [DEBUG] PORTX - Processing tool: qsvpy313, path: qsvpy313.exe
2025-09-27 06:38:37.111 [DEBUG] PORTX - About to create bash wrapper with: PackageName=qsv, ToolName=qsvpy313, ExecutablePath=qsvpy313.exe, DefaultArgs=''
2025-09-27 06:38:37.112 [DEBUG] PORTX - New-UniversalBashWrapper called with PackageName='qsv', ToolName='qsvpy313'
2025-09-27 06:38:37.114 [DEBUG] SANITIZE - Sanitizing file: C:\App\PORTX\wrappers\posix\qsvpy313
2025-09-27 06:38:37.116 [DEBUG] SANITIZE - File sanitized: C:\App\PORTX\wrappers\posix\qsvpy313
2025-09-27 06:38:37.117 [DEBUG] PORTX - Created universal bash wrapper: C:\App\PORTX\wrappers\posix\qsvpy313
2025-09-27 06:38:37.118 [DEBUG] PORTX - New-UniversalCmdWrapper called with PackageName='qsv', ToolName='qsvpy313'
2025-09-27 06:38:37.120 [DEBUG] PORTX - Created universal CMD wrapper: C:\App\PORTX\wrappers\windows\qsvpy313.cmd
2025-09-27 06:38:37.121 [DEBUG] PORTX - About to create Go wrapper with: PackageName=qsv, ToolName=qsvpy313, ExecutablePath=qsvpy313.exe, DefaultArgs=''
2025-09-27 06:38:37.122 [DEBUG] PORTX - Processing tool: qsv-nightly, path: qsv_nightly.exe
2025-09-27 06:38:37.123 [DEBUG] PORTX - About to create bash wrapper with: PackageName=qsv, ToolName=qsv-nightly, ExecutablePath=qsv_nightly.exe, DefaultArgs=''
2025-09-27 06:38:37.124 [DEBUG] PORTX - New-UniversalBashWrapper called with PackageName='qsv', ToolName='qsv-nightly'
2025-09-27 06:38:37.126 [DEBUG] SANITIZE - Sanitizing file: C:\App\PORTX\wrappers\posix\qsv-nightly
2025-09-27 06:38:37.128 [DEBUG] SANITIZE - File sanitized: C:\App\PORTX\wrappers\posix\qsv-nightly
2025-09-27 06:38:37.129 [DEBUG] PORTX - Created universal bash wrapper: C:\App\PORTX\wrappers\posix\qsv-nightly
2025-09-27 06:38:37.130 [DEBUG] PORTX - New-UniversalCmdWrapper called with PackageName='qsv', ToolName='qsv-nightly'
2025-09-27 06:38:37.133 [DEBUG] PORTX - Created universal CMD wrapper: C:\App\PORTX\wrappers\windows\qsv-nightly.cmd
2025-09-27 06:38:37.134 [DEBUG] PORTX - About to create Go wrapper with: PackageName=qsv, ToolName=qsv-nightly, ExecutablePath=qsv_nightly.exe, DefaultArgs=''
2025-09-27 06:38:37.135 [INFO] PORTX -   Created 12 wrappers for qsv
2025-09-27 06:38:37.136 [DEBUG] VALIDATION - Starting wrapper validation for package: qsv
2025-09-27 06:38:37.138 [DEBUG] VALIDATION -   Wrapper validation passed for qsv
2025-09-27 06:38:37.139 [INFO] PORTX - Processing: radare2
2025-09-27 06:38:37.140 [DEBUG] PORTX - Validating package: radare2
2025-09-27 06:38:37.159 [DEBUG] PORTX - Package radare2 validation passed
2025-09-27 06:38:37.161 [INFO] PORTX -   Import type: wrap
2025-09-27 06:38:37.162 [INFO] PORTX -   WRAP: radare2
2025-09-27 06:38:37.163 [DEBUG] PORTX - Processing tool: r2agent, path: bin/r2agent.exe
2025-09-27 06:38:37.164 [DEBUG] PORTX - About to create bash wrapper with: PackageName=radare2, ToolName=r2agent, ExecutablePath=bin/r2agent.exe, DefaultArgs=''
2025-09-27 06:38:37.165 [DEBUG] PORTX - New-UniversalBashWrapper called with PackageName='radare2', ToolName='r2agent'
2025-09-27 06:38:37.167 [DEBUG] SANITIZE - Sanitizing file: C:\App\PORTX\wrappers\posix\r2agent
2025-09-27 06:38:37.169 [DEBUG] SANITIZE - File sanitized: C:\App\PORTX\wrappers\posix\r2agent
2025-09-27 06:38:37.170 [DEBUG] PORTX - Created universal bash wrapper: C:\App\PORTX\wrappers\posix\r2agent
2025-09-27 06:38:37.171 [DEBUG] PORTX - New-UniversalCmdWrapper called with PackageName='radare2', ToolName='r2agent'
2025-09-27 06:38:37.173 [DEBUG] PORTX - Created universal CMD wrapper: C:\App\PORTX\wrappers\windows\r2agent.cmd
2025-09-27 06:38:37.174 [DEBUG] PORTX - About to create Go wrapper with: PackageName=radare2, ToolName=r2agent, ExecutablePath=bin/r2agent.exe, DefaultArgs=''
2025-09-27 06:38:37.175 [DEBUG] PORTX - Processing tool: r2pm, path: bin/r2pm.exe
2025-09-27 06:38:37.177 [DEBUG] PORTX - About to create bash wrapper with: PackageName=radare2, ToolName=r2pm, ExecutablePath=bin/r2pm.exe, DefaultArgs=''
2025-09-27 06:38:37.178 [DEBUG] PORTX - New-UniversalBashWrapper called with PackageName='radare2', ToolName='r2pm'
2025-09-27 06:38:37.179 [DEBUG] SANITIZE - Sanitizing file: C:\App\PORTX\wrappers\posix\r2pm
2025-09-27 06:38:37.181 [DEBUG] SANITIZE - File sanitized: C:\App\PORTX\wrappers\posix\r2pm
2025-09-27 06:38:37.182 [DEBUG] PORTX - Created universal bash wrapper: C:\App\PORTX\wrappers\posix\r2pm
2025-09-27 06:38:37.183 [DEBUG] PORTX - New-UniversalCmdWrapper called with PackageName='radare2', ToolName='r2pm'
2025-09-27 06:38:37.186 [DEBUG] PORTX - Created universal CMD wrapper: C:\App\PORTX\wrappers\windows\r2pm.cmd
2025-09-27 06:38:37.187 [DEBUG] PORTX - About to create Go wrapper with: PackageName=radare2, ToolName=r2pm, ExecutablePath=bin/r2pm.exe, DefaultArgs=''
2025-09-27 06:38:37.188 [DEBUG] PORTX - Processing tool: r2r, path: bin/r2r.exe
2025-09-27 06:38:37.189 [DEBUG] PORTX - About to create bash wrapper with: PackageName=radare2, ToolName=r2r, ExecutablePath=bin/r2r.exe, DefaultArgs=''
2025-09-27 06:38:37.190 [DEBUG] PORTX - New-UniversalBashWrapper called with PackageName='radare2', ToolName='r2r'
2025-09-27 06:38:37.192 [DEBUG] SANITIZE - Sanitizing file: C:\App\PORTX\wrappers\posix\r2r
2025-09-27 06:38:37.193 [DEBUG] SANITIZE - File sanitized: C:\App\PORTX\wrappers\posix\r2r
2025-09-27 06:38:37.194 [DEBUG] PORTX - Created universal bash wrapper: C:\App\PORTX\wrappers\posix\r2r
2025-09-27 06:38:37.195 [DEBUG] PORTX - New-UniversalCmdWrapper called with PackageName='radare2', ToolName='r2r'
2025-09-27 06:38:37.198 [DEBUG] PORTX - Created universal CMD wrapper: C:\App\PORTX\wrappers\windows\r2r.cmd
2025-09-27 06:38:37.199 [DEBUG] PORTX - About to create Go wrapper with: PackageName=radare2, ToolName=r2r, ExecutablePath=bin/r2r.exe, DefaultArgs=''
2025-09-27 06:38:37.200 [DEBUG] PORTX - Processing tool: rabin2, path: bin/rabin2.exe
2025-09-27 06:38:37.201 [DEBUG] PORTX - About to create bash wrapper with: PackageName=radare2, ToolName=rabin2, ExecutablePath=bin/rabin2.exe, DefaultArgs=''
2025-09-27 06:38:37.202 [DEBUG] PORTX - New-UniversalBashWrapper called with PackageName='radare2', ToolName='rabin2'
2025-09-27 06:38:37.204 [DEBUG] SANITIZE - Sanitizing file: C:\App\PORTX\wrappers\posix\rabin2
2025-09-27 06:38:37.206 [DEBUG] SANITIZE - File sanitized: C:\App\PORTX\wrappers\posix\rabin2
2025-09-27 06:38:37.207 [DEBUG] PORTX - Created universal bash wrapper: C:\App\PORTX\wrappers\posix\rabin2
2025-09-27 06:38:37.208 [DEBUG] PORTX - New-UniversalCmdWrapper called with PackageName='radare2', ToolName='rabin2'
2025-09-27 06:38:37.210 [DEBUG] PORTX - Created universal CMD wrapper: C:\App\PORTX\wrappers\windows\rabin2.cmd
2025-09-27 06:38:37.211 [DEBUG] PORTX - About to create Go wrapper with: PackageName=radare2, ToolName=rabin2, ExecutablePath=bin/rabin2.exe, DefaultArgs=''
2025-09-27 06:38:37.213 [DEBUG] PORTX - Processing tool: radare2, path: bin/radare2.exe
2025-09-27 06:38:37.214 [DEBUG] PORTX - About to create bash wrapper with: PackageName=radare2, ToolName=radare2, ExecutablePath=bin/radare2.exe, DefaultArgs=''
2025-09-27 06:38:37.215 [DEBUG] PORTX - New-UniversalBashWrapper called with PackageName='radare2', ToolName='radare2'
2025-09-27 06:38:37.216 [DEBUG] SANITIZE - Sanitizing file: C:\App\PORTX\wrappers\posix\radare2
2025-09-27 06:38:37.218 [DEBUG] SANITIZE - File sanitized: C:\App\PORTX\wrappers\posix\radare2
2025-09-27 06:38:37.219 [DEBUG] PORTX - Created universal bash wrapper: C:\App\PORTX\wrappers\posix\radare2
2025-09-27 06:38:37.220 [DEBUG] PORTX - New-UniversalCmdWrapper called with PackageName='radare2', ToolName='radare2'
2025-09-27 06:38:37.223 [DEBUG] PORTX - Created universal CMD wrapper: C:\App\PORTX\wrappers\windows\radare2.cmd
2025-09-27 06:38:37.224 [DEBUG] PORTX - About to create Go wrapper with: PackageName=radare2, ToolName=radare2, ExecutablePath=bin/radare2.exe, DefaultArgs=''
2025-09-27 06:38:37.225 [DEBUG] PORTX - Processing tool: radiff2, path: bin/radiff2.exe
2025-09-27 06:38:37.226 [DEBUG] PORTX - About to create bash wrapper with: PackageName=radare2, ToolName=radiff2, ExecutablePath=bin/radiff2.exe, DefaultArgs=''
2025-09-27 06:38:37.227 [DEBUG] PORTX - New-UniversalBashWrapper called with PackageName='radare2', ToolName='radiff2'
2025-09-27 06:38:37.229 [DEBUG] SANITIZE - Sanitizing file: C:\App\PORTX\wrappers\posix\radiff2
2025-09-27 06:38:37.230 [DEBUG] SANITIZE - File sanitized: C:\App\PORTX\wrappers\posix\radiff2
2025-09-27 06:38:37.232 [DEBUG] PORTX - Created universal bash wrapper: C:\App\PORTX\wrappers\posix\radiff2
2025-09-27 06:38:37.233 [DEBUG] PORTX - New-UniversalCmdWrapper called with PackageName='radare2', ToolName='radiff2'
2025-09-27 06:38:37.235 [DEBUG] PORTX - Created universal CMD wrapper: C:\App\PORTX\wrappers\windows\radiff2.cmd
2025-09-27 06:38:37.236 [DEBUG] PORTX - About to create Go wrapper with: PackageName=radare2, ToolName=radiff2, ExecutablePath=bin/radiff2.exe, DefaultArgs=''
2025-09-27 06:38:37.237 [DEBUG] PORTX - Processing tool: rafind2, path: bin/rafind2.exe
2025-09-27 06:38:37.239 [DEBUG] PORTX - About to create bash wrapper with: PackageName=radare2, ToolName=rafind2, ExecutablePath=bin/rafind2.exe, DefaultArgs=''
2025-09-27 06:38:37.240 [DEBUG] PORTX - New-UniversalBashWrapper called with PackageName='radare2', ToolName='rafind2'
2025-09-27 06:38:37.242 [DEBUG] SANITIZE - Sanitizing file: C:\App\PORTX\wrappers\posix\rafind2
2025-09-27 06:38:37.244 [DEBUG] SANITIZE - File sanitized: C:\App\PORTX\wrappers\posix\rafind2
2025-09-27 06:38:37.245 [DEBUG] PORTX - Created universal bash wrapper: C:\App\PORTX\wrappers\posix\rafind2
2025-09-27 06:38:37.246 [DEBUG] PORTX - New-UniversalCmdWrapper called with PackageName='radare2', ToolName='rafind2'
2025-09-27 06:38:37.249 [DEBUG] PORTX - Created universal CMD wrapper: C:\App\PORTX\wrappers\windows\rafind2.cmd
2025-09-27 06:38:37.250 [DEBUG] PORTX - About to create Go wrapper with: PackageName=radare2, ToolName=rafind2, ExecutablePath=bin/rafind2.exe, DefaultArgs=''
2025-09-27 06:38:37.251 [DEBUG] PORTX - Processing tool: ragg2, path: bin/ragg2.exe
2025-09-27 06:38:37.252 [DEBUG] PORTX - About to create bash wrapper with: PackageName=radare2, ToolName=ragg2, ExecutablePath=bin/ragg2.exe, DefaultArgs=''
2025-09-27 06:38:37.253 [DEBUG] PORTX - New-UniversalBashWrapper called with PackageName='radare2', ToolName='ragg2'
2025-09-27 06:38:37.255 [DEBUG] SANITIZE - Sanitizing file: C:\App\PORTX\wrappers\posix\ragg2
2025-09-27 06:38:37.256 [DEBUG] SANITIZE - File sanitized: C:\App\PORTX\wrappers\posix\ragg2
2025-09-27 06:38:37.257 [DEBUG] PORTX - Created universal bash wrapper: C:\App\PORTX\wrappers\posix\ragg2
2025-09-27 06:38:37.259 [DEBUG] PORTX - New-UniversalCmdWrapper called with PackageName='radare2', ToolName='ragg2'
2025-09-27 06:38:37.261 [DEBUG] PORTX - Created universal CMD wrapper: C:\App\PORTX\wrappers\windows\ragg2.cmd
2025-09-27 06:38:37.262 [DEBUG] PORTX - About to create Go wrapper with: PackageName=radare2, ToolName=ragg2, ExecutablePath=bin/ragg2.exe, DefaultArgs=''
2025-09-27 06:38:37.263 [DEBUG] PORTX - Processing tool: rahash2, path: bin/rahash2.exe
2025-09-27 06:38:37.264 [DEBUG] PORTX - About to create bash wrapper with: PackageName=radare2, ToolName=rahash2, ExecutablePath=bin/rahash2.exe, DefaultArgs=''
2025-09-27 06:38:37.265 [DEBUG] PORTX - New-UniversalBashWrapper called with PackageName='radare2', ToolName='rahash2'
2025-09-27 06:38:37.267 [DEBUG] SANITIZE - Sanitizing file: C:\App\PORTX\wrappers\posix\rahash2
2025-09-27 06:38:37.269 [DEBUG] SANITIZE - File sanitized: C:\App\PORTX\wrappers\posix\rahash2
2025-09-27 06:38:37.270 [DEBUG] PORTX - Created universal bash wrapper: C:\App\PORTX\wrappers\posix\rahash2
2025-09-27 06:38:37.271 [DEBUG] PORTX - New-UniversalCmdWrapper called with PackageName='radare2', ToolName='rahash2'
2025-09-27 06:38:37.274 [DEBUG] PORTX - Created universal CMD wrapper: C:\App\PORTX\wrappers\windows\rahash2.cmd
2025-09-27 06:38:37.275 [DEBUG] PORTX - About to create Go wrapper with: PackageName=radare2, ToolName=rahash2, ExecutablePath=bin/rahash2.exe, DefaultArgs=''
2025-09-27 06:38:37.276 [DEBUG] PORTX - Processing tool: rapatch2, path: bin/rapatch2.exe
2025-09-27 06:38:37.277 [DEBUG] PORTX - About to create bash wrapper with: PackageName=radare2, ToolName=rapatch2, ExecutablePath=bin/rapatch2.exe, DefaultArgs=''
2025-09-27 06:38:37.278 [DEBUG] PORTX - New-UniversalBashWrapper called with PackageName='radare2', ToolName='rapatch2'
2025-09-27 06:38:37.280 [DEBUG] SANITIZE - Sanitizing file: C:\App\PORTX\wrappers\posix\rapatch2
2025-09-27 06:38:37.282 [DEBUG] SANITIZE - File sanitized: C:\App\PORTX\wrappers\posix\rapatch2
2025-09-27 06:38:37.283 [DEBUG] PORTX - Created universal bash wrapper: C:\App\PORTX\wrappers\posix\rapatch2
2025-09-27 06:38:37.284 [DEBUG] PORTX - New-UniversalCmdWrapper called with PackageName='radare2', ToolName='rapatch2'
2025-09-27 06:38:37.286 [DEBUG] PORTX - Created universal CMD wrapper: C:\App\PORTX\wrappers\windows\rapatch2.cmd
2025-09-27 06:38:37.287 [DEBUG] PORTX - About to create Go wrapper with: PackageName=radare2, ToolName=rapatch2, ExecutablePath=bin/rapatch2.exe, DefaultArgs=''
2025-09-27 06:38:37.288 [DEBUG] PORTX - Processing tool: rarun2, path: bin/rarun2.exe
2025-09-27 06:38:37.289 [DEBUG] PORTX - About to create bash wrapper with: PackageName=radare2, ToolName=rarun2, ExecutablePath=bin/rarun2.exe, DefaultArgs=''
2025-09-27 06:38:37.291 [DEBUG] PORTX - New-UniversalBashWrapper called with PackageName='radare2', ToolName='rarun2'
2025-09-27 06:38:37.292 [DEBUG] SANITIZE - Sanitizing file: C:\App\PORTX\wrappers\posix\rarun2
2025-09-27 06:38:37.294 [DEBUG] SANITIZE - File sanitized: C:\App\PORTX\wrappers\posix\rarun2
2025-09-27 06:38:37.295 [DEBUG] PORTX - Created universal bash wrapper: C:\App\PORTX\wrappers\posix\rarun2
2025-09-27 06:38:37.296 [DEBUG] PORTX - New-UniversalCmdWrapper called with PackageName='radare2', ToolName='rarun2'
2025-09-27 06:38:37.299 [DEBUG] PORTX - Created universal CMD wrapper: C:\App\PORTX\wrappers\windows\rarun2.cmd
2025-09-27 06:38:37.300 [DEBUG] PORTX - About to create Go wrapper with: PackageName=radare2, ToolName=rarun2, ExecutablePath=bin/rarun2.exe, DefaultArgs=''
2025-09-27 06:38:37.301 [DEBUG] PORTX - Processing tool: rasign2, path: bin/rasign2.exe
2025-09-27 06:38:37.302 [DEBUG] PORTX - About to create bash wrapper with: PackageName=radare2, ToolName=rasign2, ExecutablePath=bin/rasign2.exe, DefaultArgs=''
2025-09-27 06:38:37.303 [DEBUG] PORTX - New-UniversalBashWrapper called with PackageName='radare2', ToolName='rasign2'
2025-09-27 06:38:37.305 [DEBUG] SANITIZE - Sanitizing file: C:\App\PORTX\wrappers\posix\rasign2
2025-09-27 06:38:37.306 [DEBUG] SANITIZE - File sanitized: C:\App\PORTX\wrappers\posix\rasign2
2025-09-27 06:38:37.307 [DEBUG] PORTX - Created universal bash wrapper: C:\App\PORTX\wrappers\posix\rasign2
2025-09-27 06:38:37.309 [DEBUG] PORTX - New-UniversalCmdWrapper called with PackageName='radare2', ToolName='rasign2'
2025-09-27 06:38:37.311 [DEBUG] PORTX - Created universal CMD wrapper: C:\App\PORTX\wrappers\windows\rasign2.cmd
2025-09-27 06:38:37.312 [DEBUG] PORTX - About to create Go wrapper with: PackageName=radare2, ToolName=rasign2, ExecutablePath=bin/rasign2.exe, DefaultArgs=''
2025-09-27 06:38:37.313 [DEBUG] PORTX - Processing tool: rasm2, path: bin/rasm2.exe
2025-09-27 06:38:37.314 [DEBUG] PORTX - About to create bash wrapper with: PackageName=radare2, ToolName=rasm2, ExecutablePath=bin/rasm2.exe, DefaultArgs=''
2025-09-27 06:38:37.315 [DEBUG] PORTX - New-UniversalBashWrapper called with PackageName='radare2', ToolName='rasm2'
2025-09-27 06:38:37.317 [DEBUG] SANITIZE - Sanitizing file: C:\App\PORTX\wrappers\posix\rasm2
2025-09-27 06:38:37.319 [DEBUG] SANITIZE - File sanitized: C:\App\PORTX\wrappers\posix\rasm2
2025-09-27 06:38:37.320 [DEBUG] PORTX - Created universal bash wrapper: C:\App\PORTX\wrappers\posix\rasm2
2025-09-27 06:38:37.321 [DEBUG] PORTX - New-UniversalCmdWrapper called with PackageName='radare2', ToolName='rasm2'
2025-09-27 06:38:37.323 [DEBUG] PORTX - Created universal CMD wrapper: C:\App\PORTX\wrappers\windows\rasm2.cmd
2025-09-27 06:38:37.324 [DEBUG] PORTX - About to create Go wrapper with: PackageName=radare2, ToolName=rasm2, ExecutablePath=bin/rasm2.exe, DefaultArgs=''
2025-09-27 06:38:37.325 [DEBUG] PORTX - Processing tool: ravc2, path: bin/ravc2.exe
2025-09-27 06:38:37.327 [DEBUG] PORTX - About to create bash wrapper with: PackageName=radare2, ToolName=ravc2, ExecutablePath=bin/ravc2.exe, DefaultArgs=''
2025-09-27 06:38:37.328 [DEBUG] PORTX - New-UniversalBashWrapper called with PackageName='radare2', ToolName='ravc2'
2025-09-27 06:38:37.330 [DEBUG] SANITIZE - Sanitizing file: C:\App\PORTX\wrappers\posix\ravc2
2025-09-27 06:38:37.331 [DEBUG] SANITIZE - File sanitized: C:\App\PORTX\wrappers\posix\ravc2
2025-09-27 06:38:37.332 [DEBUG] PORTX - Created universal bash wrapper: C:\App\PORTX\wrappers\posix\ravc2
2025-09-27 06:38:37.333 [DEBUG] PORTX - New-UniversalCmdWrapper called with PackageName='radare2', ToolName='ravc2'
2025-09-27 06:38:37.337 [DEBUG] PORTX - Created universal CMD wrapper: C:\App\PORTX\wrappers\windows\ravc2.cmd
2025-09-27 06:38:37.338 [DEBUG] PORTX - About to create Go wrapper with: PackageName=radare2, ToolName=ravc2, ExecutablePath=bin/ravc2.exe, DefaultArgs=''
2025-09-27 06:38:37.339 [DEBUG] PORTX - Processing tool: rax2, path: bin/rax2.exe
2025-09-27 06:38:37.340 [DEBUG] PORTX - About to create bash wrapper with: PackageName=radare2, ToolName=rax2, ExecutablePath=bin/rax2.exe, DefaultArgs=''
2025-09-27 06:38:37.341 [DEBUG] PORTX - New-UniversalBashWrapper called with PackageName='radare2', ToolName='rax2'
2025-09-27 06:38:37.343 [DEBUG] SANITIZE - Sanitizing file: C:\App\PORTX\wrappers\posix\rax2
2025-09-27 06:38:37.345 [DEBUG] SANITIZE - File sanitized: C:\App\PORTX\wrappers\posix\rax2
2025-09-27 06:38:37.346 [DEBUG] PORTX - Created universal bash wrapper: C:\App\PORTX\wrappers\posix\rax2
2025-09-27 06:38:37.347 [DEBUG] PORTX - New-UniversalCmdWrapper called with PackageName='radare2', ToolName='rax2'
2025-09-27 06:38:37.349 [DEBUG] PORTX - Created universal CMD wrapper: C:\App\PORTX\wrappers\windows\rax2.cmd
2025-09-27 06:38:37.350 [DEBUG] PORTX - About to create Go wrapper with: PackageName=radare2, ToolName=rax2, ExecutablePath=bin/rax2.exe, DefaultArgs=''
2025-09-27 06:38:37.352 [INFO] PORTX -   Created 15 wrappers for radare2
2025-09-27 06:38:37.353 [DEBUG] VALIDATION - Starting wrapper validation for package: radare2
2025-09-27 06:38:37.354 [DEBUG] VALIDATION -   Wrapper validation passed for radare2
2025-09-27 06:38:37.355 [INFO] PORTX - Processing: rclone
2025-09-27 06:38:37.357 [DEBUG] PORTX - Validating package: rclone
2025-09-27 06:38:37.360 [DEBUG] PORTX - Package rclone validation passed
2025-09-27 06:38:37.362 [INFO] PORTX -   Import type: wrap
2025-09-27 06:38:37.363 [INFO] PORTX -   WRAP: rclone
2025-09-27 06:38:37.364 [DEBUG] PORTX - Processing tool: rclone, path: rclone.exe
2025-09-27 06:38:37.365 [DEBUG] PORTX - About to create bash wrapper with: PackageName=rclone, ToolName=rclone, ExecutablePath=rclone.exe, DefaultArgs=''
2025-09-27 06:38:37.366 [DEBUG] PORTX - New-UniversalBashWrapper called with PackageName='rclone', ToolName='rclone'
2025-09-27 06:38:37.368 [DEBUG] SANITIZE - Sanitizing file: C:\App\PORTX\wrappers\posix\rclone
2025-09-27 06:38:37.370 [DEBUG] SANITIZE - File sanitized: C:\App\PORTX\wrappers\posix\rclone
2025-09-27 06:38:37.371 [DEBUG] PORTX - Created universal bash wrapper: C:\App\PORTX\wrappers\posix\rclone
2025-09-27 06:38:37.372 [DEBUG] PORTX - New-UniversalCmdWrapper called with PackageName='rclone', ToolName='rclone'
2025-09-27 06:38:37.374 [DEBUG] PORTX - Created universal CMD wrapper: C:\App\PORTX\wrappers\windows\rclone.cmd
2025-09-27 06:38:37.375 [DEBUG] PORTX - About to create Go wrapper with: PackageName=rclone, ToolName=rclone, ExecutablePath=rclone.exe, DefaultArgs=''
2025-09-27 06:38:37.376 [INFO] PORTX -   Created 1 wrappers for rclone
2025-09-27 06:38:37.378 [DEBUG] VALIDATION - Starting wrapper validation for package: rclone
2025-09-27 06:38:37.379 [DEBUG] VALIDATION -   Wrapper validation passed for rclone
2025-09-27 06:38:37.380 [INFO] PORTX - Processing: regctl
2025-09-27 06:38:37.382 [DEBUG] PORTX - Validating package: regctl
2025-09-27 06:38:37.385 [DEBUG] PORTX - Package regctl validation passed
2025-09-27 06:38:37.387 [INFO] PORTX -   Import type: wrap
2025-09-27 06:38:37.388 [INFO] PORTX -   WRAP: regctl
2025-09-27 06:38:37.389 [DEBUG] PORTX - Processing tool: regctl, path: regctl.exe
2025-09-27 06:38:37.390 [DEBUG] PORTX - About to create bash wrapper with: PackageName=regctl, ToolName=regctl, ExecutablePath=regctl.exe, DefaultArgs=''
2025-09-27 06:38:37.391 [DEBUG] PORTX - New-UniversalBashWrapper called with PackageName='regctl', ToolName='regctl'
2025-09-27 06:38:37.393 [DEBUG] SANITIZE - Sanitizing file: C:\App\PORTX\wrappers\posix\regctl
2025-09-27 06:38:37.395 [DEBUG] SANITIZE - File sanitized: C:\App\PORTX\wrappers\posix\regctl
2025-09-27 06:38:37.396 [DEBUG] PORTX - Created universal bash wrapper: C:\App\PORTX\wrappers\posix\regctl
2025-09-27 06:38:37.397 [DEBUG] PORTX - New-UniversalCmdWrapper called with PackageName='regctl', ToolName='regctl'
2025-09-27 06:38:37.400 [DEBUG] PORTX - Created universal CMD wrapper: C:\App\PORTX\wrappers\windows\regctl.cmd
2025-09-27 06:38:37.401 [DEBUG] PORTX - About to create Go wrapper with: PackageName=regctl, ToolName=regctl, ExecutablePath=regctl.exe, DefaultArgs=''
2025-09-27 06:38:37.402 [INFO] PORTX -   Created 1 wrappers for regctl
2025-09-27 06:38:37.403 [DEBUG] VALIDATION - Starting wrapper validation for package: regctl
2025-09-27 06:38:37.404 [DEBUG] VALIDATION -   Wrapper validation passed for regctl
2025-09-27 06:38:37.406 [INFO] PORTX - Processing: repgrep
2025-09-27 06:38:37.407 [DEBUG] PORTX - Validating package: repgrep
2025-09-27 06:38:37.410 [DEBUG] PORTX - Package repgrep validation passed
2025-09-27 06:38:37.412 [INFO] PORTX -   Import type: wrap
2025-09-27 06:38:37.413 [INFO] PORTX -   WRAP: repgrep
2025-09-27 06:38:37.414 [DEBUG] PORTX - Processing tool: rgr, path: rgr.exe
2025-09-27 06:38:37.415 [DEBUG] PORTX - About to create bash wrapper with: PackageName=repgrep, ToolName=rgr, ExecutablePath=rgr.exe, DefaultArgs=''
2025-09-27 06:38:37.416 [DEBUG] PORTX - New-UniversalBashWrapper called with PackageName='repgrep', ToolName='rgr'
2025-09-27 06:38:37.418 [DEBUG] SANITIZE - Sanitizing file: C:\App\PORTX\wrappers\posix\rgr
2025-09-27 06:38:37.420 [DEBUG] SANITIZE - File sanitized: C:\App\PORTX\wrappers\posix\rgr
2025-09-27 06:38:37.421 [DEBUG] PORTX - Created universal bash wrapper: C:\App\PORTX\wrappers\posix\rgr
2025-09-27 06:38:37.422 [DEBUG] PORTX - New-UniversalCmdWrapper called with PackageName='repgrep', ToolName='rgr'
2025-09-27 06:38:37.424 [DEBUG] PORTX - Created universal CMD wrapper: C:\App\PORTX\wrappers\windows\rgr.cmd
2025-09-27 06:38:37.425 [DEBUG] PORTX - About to create Go wrapper with: PackageName=repgrep, ToolName=rgr, ExecutablePath=rgr.exe, DefaultArgs=''
2025-09-27 06:38:37.426 [INFO] PORTX -   Created 1 wrappers for repgrep
2025-09-27 06:38:37.428 [DEBUG] VALIDATION - Starting wrapper validation for package: repgrep
2025-09-27 06:38:37.429 [DEBUG] VALIDATION -   Wrapper validation passed for repgrep
2025-09-27 06:38:37.431 [INFO] PORTX - Processing: restic
2025-09-27 06:38:37.432 [DEBUG] PORTX - Validating package: restic
2025-09-27 06:38:37.436 [DEBUG] PORTX - Package restic validation passed
2025-09-27 06:38:37.437 [INFO] PORTX -   Import type: wrap
2025-09-27 06:38:37.438 [INFO] PORTX -   WRAP: restic
2025-09-27 06:38:37.439 [DEBUG] PORTX - Processing tool: restic, path: restic.exe
2025-09-27 06:38:37.440 [DEBUG] PORTX - About to create bash wrapper with: PackageName=restic, ToolName=restic, ExecutablePath=restic.exe, DefaultArgs=''
2025-09-27 06:38:37.441 [DEBUG] PORTX - New-UniversalBashWrapper called with PackageName='restic', ToolName='restic'
2025-09-27 06:38:37.443 [DEBUG] SANITIZE - Sanitizing file: C:\App\PORTX\wrappers\posix\restic
2025-09-27 06:38:37.445 [DEBUG] SANITIZE - File sanitized: C:\App\PORTX\wrappers\posix\restic
2025-09-27 06:38:37.446 [DEBUG] PORTX - Created universal bash wrapper: C:\App\PORTX\wrappers\posix\restic
2025-09-27 06:38:37.447 [DEBUG] PORTX - New-UniversalCmdWrapper called with PackageName='restic', ToolName='restic'
2025-09-27 06:38:37.449 [DEBUG] PORTX - Created universal CMD wrapper: C:\App\PORTX\wrappers\windows\restic.cmd
2025-09-27 06:38:37.450 [DEBUG] PORTX - About to create Go wrapper with: PackageName=restic, ToolName=restic, ExecutablePath=restic.exe, DefaultArgs=''
2025-09-27 06:38:37.451 [INFO] PORTX -   Created 1 wrappers for restic
2025-09-27 06:38:37.453 [DEBUG] VALIDATION - Starting wrapper validation for package: restic
2025-09-27 06:38:37.454 [DEBUG] VALIDATION -   Wrapper validation passed for restic
2025-09-27 06:38:37.455 [INFO] PORTX - Processing: ripgrep
2025-09-27 06:38:37.456 [DEBUG] PORTX - Validating package: ripgrep
2025-09-27 06:38:37.459 [DEBUG] PORTX - Package ripgrep validation passed
2025-09-27 06:38:37.461 [INFO] PORTX -   Import type: wrap
2025-09-27 06:38:37.462 [INFO] PORTX -   WRAP: ripgrep
2025-09-27 06:38:37.463 [DEBUG] PORTX - Processing tool: rg, path: rg.exe
2025-09-27 06:38:37.464 [DEBUG] PORTX - About to create bash wrapper with: PackageName=ripgrep, ToolName=rg, ExecutablePath=rg.exe, DefaultArgs=''
2025-09-27 06:38:37.465 [DEBUG] PORTX - New-UniversalBashWrapper called with PackageName='ripgrep', ToolName='rg'
2025-09-27 06:38:37.467 [DEBUG] SANITIZE - Sanitizing file: C:\App\PORTX\wrappers\posix\rg
2025-09-27 06:38:37.469 [DEBUG] SANITIZE - File sanitized: C:\App\PORTX\wrappers\posix\rg
2025-09-27 06:38:37.470 [DEBUG] PORTX - Created universal bash wrapper: C:\App\PORTX\wrappers\posix\rg
2025-09-27 06:38:37.471 [DEBUG] PORTX - New-UniversalCmdWrapper called with PackageName='ripgrep', ToolName='rg'
2025-09-27 06:38:37.473 [DEBUG] PORTX - Created universal CMD wrapper: C:\App\PORTX\wrappers\windows\rg.cmd
2025-09-27 06:38:37.474 [DEBUG] PORTX - About to create Go wrapper with: PackageName=ripgrep, ToolName=rg, ExecutablePath=rg.exe, DefaultArgs=''
2025-09-27 06:38:37.475 [INFO] PORTX -   Created 1 wrappers for ripgrep
2025-09-27 06:38:37.477 [DEBUG] VALIDATION - Starting wrapper validation for package: ripgrep
2025-09-27 06:38:37.478 [DEBUG] VALIDATION -   Wrapper validation passed for ripgrep
2025-09-27 06:38:37.479 [INFO] PORTX - Processing: ruff
2025-09-27 06:38:37.480 [DEBUG] PORTX - Validating package: ruff
2025-09-27 06:38:37.483 [DEBUG] PORTX - Package ruff validation passed
2025-09-27 06:38:37.485 [INFO] PORTX -   Import type: wrap
2025-09-27 06:38:37.486 [INFO] PORTX -   WRAP: ruff
2025-09-27 06:38:37.487 [DEBUG] PORTX - Processing tool: ruff, path: ruff.exe
2025-09-27 06:38:37.488 [DEBUG] PORTX - About to create bash wrapper with: PackageName=ruff, ToolName=ruff, ExecutablePath=ruff.exe, DefaultArgs=''
2025-09-27 06:38:37.490 [DEBUG] PORTX - New-UniversalBashWrapper called with PackageName='ruff', ToolName='ruff'
2025-09-27 06:38:37.491 [DEBUG] SANITIZE - Sanitizing file: C:\App\PORTX\wrappers\posix\ruff
2025-09-27 06:38:37.493 [DEBUG] SANITIZE - File sanitized: C:\App\PORTX\wrappers\posix\ruff
2025-09-27 06:38:37.494 [DEBUG] PORTX - Created universal bash wrapper: C:\App\PORTX\wrappers\posix\ruff
2025-09-27 06:38:37.495 [DEBUG] PORTX - New-UniversalCmdWrapper called with PackageName='ruff', ToolName='ruff'
2025-09-27 06:38:37.497 [DEBUG] PORTX - Created universal CMD wrapper: C:\App\PORTX\wrappers\windows\ruff.cmd
2025-09-27 06:38:37.498 [DEBUG] PORTX - About to create Go wrapper with: PackageName=ruff, ToolName=ruff, ExecutablePath=ruff.exe, DefaultArgs=''
2025-09-27 06:38:37.499 [INFO] PORTX -   Created 1 wrappers for ruff
2025-09-27 06:38:37.501 [DEBUG] VALIDATION - Starting wrapper validation for package: ruff
2025-09-27 06:38:37.502 [DEBUG] VALIDATION -   Wrapper validation passed for ruff
2025-09-27 06:38:37.503 [INFO] PORTX - Processing: rustscan
2025-09-27 06:38:37.504 [DEBUG] PORTX - Validating package: rustscan
2025-09-27 06:38:37.507 [DEBUG] PORTX - Package rustscan validation passed
2025-09-27 06:38:37.509 [INFO] PORTX -   Import type: wrap
2025-09-27 06:38:37.511 [INFO] PORTX -   WRAP: rustscan
2025-09-27 06:38:37.512 [DEBUG] PORTX - Processing tool: rustscan, path: rustscan.exe
2025-09-27 06:38:37.513 [DEBUG] PORTX - About to create bash wrapper with: PackageName=rustscan, ToolName=rustscan, ExecutablePath=rustscan.exe, DefaultArgs=''
2025-09-27 06:38:37.514 [DEBUG] PORTX - New-UniversalBashWrapper called with PackageName='rustscan', ToolName='rustscan'
2025-09-27 06:38:37.515 [DEBUG] SANITIZE - Sanitizing file: C:\App\PORTX\wrappers\posix\rustscan
2025-09-27 06:38:37.517 [DEBUG] SANITIZE - File sanitized: C:\App\PORTX\wrappers\posix\rustscan
2025-09-27 06:38:37.518 [DEBUG] PORTX - Created universal bash wrapper: C:\App\PORTX\wrappers\posix\rustscan
2025-09-27 06:38:37.520 [DEBUG] PORTX - New-UniversalCmdWrapper called with PackageName='rustscan', ToolName='rustscan'
2025-09-27 06:38:37.523 [DEBUG] PORTX - Created universal CMD wrapper: C:\App\PORTX\wrappers\windows\rustscan.cmd
2025-09-27 06:38:37.524 [DEBUG] PORTX - About to create Go wrapper with: PackageName=rustscan, ToolName=rustscan, ExecutablePath=rustscan.exe, DefaultArgs=''
2025-09-27 06:38:37.525 [INFO] PORTX -   Created 1 wrappers for rustscan
2025-09-27 06:38:37.526 [DEBUG] VALIDATION - Starting wrapper validation for package: rustscan
2025-09-27 06:38:37.527 [DEBUG] VALIDATION -   Wrapper validation passed for rustscan
2025-09-27 06:38:37.529 [INFO] PORTX - Processing: scc
2025-09-27 06:38:37.530 [DEBUG] PORTX - Validating package: scc
2025-09-27 06:38:37.534 [DEBUG] PORTX - Package scc validation passed
2025-09-27 06:38:37.535 [INFO] PORTX -   Import type: wrap
2025-09-27 06:38:37.536 [INFO] PORTX -   WRAP: scc
2025-09-27 06:38:37.537 [DEBUG] PORTX - Processing tool: scc, path: scc.exe
2025-09-27 06:38:37.538 [DEBUG] PORTX - About to create bash wrapper with: PackageName=scc, ToolName=scc, ExecutablePath=scc.exe, DefaultArgs=''
2025-09-27 06:38:37.539 [DEBUG] PORTX - New-UniversalBashWrapper called with PackageName='scc', ToolName='scc'
2025-09-27 06:38:37.541 [DEBUG] SANITIZE - Sanitizing file: C:\App\PORTX\wrappers\posix\scc
2025-09-27 06:38:37.543 [DEBUG] SANITIZE - File sanitized: C:\App\PORTX\wrappers\posix\scc
2025-09-27 06:38:37.544 [DEBUG] PORTX - Created universal bash wrapper: C:\App\PORTX\wrappers\posix\scc
2025-09-27 06:38:37.545 [DEBUG] PORTX - New-UniversalCmdWrapper called with PackageName='scc', ToolName='scc'
2025-09-27 06:38:37.547 [DEBUG] PORTX - Created universal CMD wrapper: C:\App\PORTX\wrappers\windows\scc.cmd
2025-09-27 06:38:37.548 [DEBUG] PORTX - About to create Go wrapper with: PackageName=scc, ToolName=scc, ExecutablePath=scc.exe, DefaultArgs=''
2025-09-27 06:38:37.549 [INFO] PORTX -   Created 1 wrappers for scc
2025-09-27 06:38:37.550 [DEBUG] VALIDATION - Starting wrapper validation for package: scc
2025-09-27 06:38:37.552 [DEBUG] VALIDATION -   Wrapper validation passed for scc
2025-09-27 06:38:37.553 [INFO] PORTX - Processing: scoop
2025-09-27 06:38:37.554 [DEBUG] PORTX - Validating package: scoop
2025-09-27 06:38:37.557 [DEBUG] PORTX - Package scoop validation passed
2025-09-27 06:38:37.559 [INFO] PORTX -   Import type: wrap
2025-09-27 06:38:37.560 [INFO] PORTX -   WRAP: scoop
2025-09-27 06:38:37.561 [DEBUG] PORTX - Processing tool: scoop, path: scoop.cmd
2025-09-27 06:38:37.562 [DEBUG] PORTX - About to create bash wrapper with: PackageName=scoop, ToolName=scoop, ExecutablePath=scoop.cmd, DefaultArgs=''
2025-09-27 06:38:37.563 [DEBUG] PORTX - New-UniversalBashWrapper called with PackageName='scoop', ToolName='scoop'
2025-09-27 06:38:37.564 [DEBUG] SANITIZE - Sanitizing file: C:\App\PORTX\wrappers\posix\scoop
2025-09-27 06:38:37.566 [DEBUG] SANITIZE - File sanitized: C:\App\PORTX\wrappers\posix\scoop
2025-09-27 06:38:37.567 [DEBUG] PORTX - Created universal bash wrapper: C:\App\PORTX\wrappers\posix\scoop
2025-09-27 06:38:37.568 [DEBUG] PORTX - New-UniversalCmdWrapper called with PackageName='scoop', ToolName='scoop'
2025-09-27 06:38:37.570 [DEBUG] PORTX - Created universal CMD wrapper: C:\App\PORTX\wrappers\windows\scoop.cmd
2025-09-27 06:38:37.571 [DEBUG] PORTX - About to create Go wrapper with: PackageName=scoop, ToolName=scoop, ExecutablePath=scoop.cmd, DefaultArgs=''
2025-09-27 06:38:37.573 [INFO] PORTX -   Created 1 wrappers for scoop
2025-09-27 06:38:37.574 [DEBUG] VALIDATION - Starting wrapper validation for package: scoop
2025-09-27 06:38:37.575 [DEBUG] VALIDATION -   Wrapper validation passed for scoop
2025-09-27 06:38:37.576 [INFO] PORTX - Processing: scrcpy
2025-09-27 06:38:37.577 [DEBUG] PORTX - Validating package: scrcpy
2025-09-27 06:38:37.581 [DEBUG] PORTX - Package scrcpy validation passed
2025-09-27 06:38:37.582 [INFO] PORTX -   Import type: wrap
2025-09-27 06:38:37.583 [INFO] PORTX -   WRAP: scrcpy
2025-09-27 06:38:37.584 [DEBUG] PORTX - Processing tool: adb, path: adb.exe
2025-09-27 06:38:37.585 [DEBUG] PORTX - About to create bash wrapper with: PackageName=scrcpy, ToolName=adb, ExecutablePath=adb.exe, DefaultArgs=''
2025-09-27 06:38:37.586 [DEBUG] PORTX - New-UniversalBashWrapper called with PackageName='scrcpy', ToolName='adb'
2025-09-27 06:38:37.588 [DEBUG] SANITIZE - Sanitizing file: C:\App\PORTX\wrappers\posix\adb
2025-09-27 06:38:37.590 [DEBUG] SANITIZE - File sanitized: C:\App\PORTX\wrappers\posix\adb
2025-09-27 06:38:37.590 [DEBUG] PORTX - Created universal bash wrapper: C:\App\PORTX\wrappers\posix\adb
2025-09-27 06:38:37.592 [DEBUG] PORTX - New-UniversalCmdWrapper called with PackageName='scrcpy', ToolName='adb'
2025-09-27 06:38:37.594 [DEBUG] PORTX - Created universal CMD wrapper: C:\App\PORTX\wrappers\windows\adb.cmd
2025-09-27 06:38:37.595 [DEBUG] PORTX - About to create Go wrapper with: PackageName=scrcpy, ToolName=adb, ExecutablePath=adb.exe, DefaultArgs=''
2025-09-27 06:38:37.596 [DEBUG] PORTX - Processing tool: scrcpy, path: scrcpy.exe
2025-09-27 06:38:37.597 [DEBUG] PORTX - About to create bash wrapper with: PackageName=scrcpy, ToolName=scrcpy, ExecutablePath=scrcpy.exe, DefaultArgs=''
2025-09-27 06:38:37.598 [DEBUG] PORTX - New-UniversalBashWrapper called with PackageName='scrcpy', ToolName='scrcpy'
2025-09-27 06:38:37.600 [DEBUG] SANITIZE - Sanitizing file: C:\App\PORTX\wrappers\posix\scrcpy
2025-09-27 06:38:37.601 [DEBUG] SANITIZE - File sanitized: C:\App\PORTX\wrappers\posix\scrcpy
2025-09-27 06:38:37.602 [DEBUG] PORTX - Created universal bash wrapper: C:\App\PORTX\wrappers\posix\scrcpy
2025-09-27 06:38:37.603 [DEBUG] PORTX - New-UniversalCmdWrapper called with PackageName='scrcpy', ToolName='scrcpy'
2025-09-27 06:38:37.606 [DEBUG] PORTX - Created universal CMD wrapper: C:\App\PORTX\wrappers\windows\scrcpy.cmd
2025-09-27 06:38:37.607 [DEBUG] PORTX - About to create Go wrapper with: PackageName=scrcpy, ToolName=scrcpy, ExecutablePath=scrcpy.exe, DefaultArgs=''
2025-09-27 06:38:37.608 [INFO] PORTX -   Created 2 wrappers for scrcpy
2025-09-27 06:38:37.609 [DEBUG] VALIDATION - Starting wrapper validation for package: scrcpy
2025-09-27 06:38:37.611 [DEBUG] VALIDATION -   Wrapper validation passed for scrcpy
2025-09-27 06:38:37.612 [INFO] PORTX - Processing: sd
2025-09-27 06:38:37.614 [DEBUG] PORTX - Validating package: sd
2025-09-27 06:38:37.617 [DEBUG] PORTX - Package sd validation passed
2025-09-27 06:38:37.619 [INFO] PORTX -   Import type: wrap
2025-09-27 06:38:37.619 [INFO] PORTX -   WRAP: sd
2025-09-27 06:38:37.621 [DEBUG] PORTX - Processing tool: sd, path: sd.exe
2025-09-27 06:38:37.622 [DEBUG] PORTX - About to create bash wrapper with: PackageName=sd, ToolName=sd, ExecutablePath=sd.exe, DefaultArgs=''
2025-09-27 06:38:37.623 [DEBUG] PORTX - New-UniversalBashWrapper called with PackageName='sd', ToolName='sd'
2025-09-27 06:38:37.624 [DEBUG] SANITIZE - Sanitizing file: C:\App\PORTX\wrappers\posix\sd
2025-09-27 06:38:37.626 [DEBUG] SANITIZE - File sanitized: C:\App\PORTX\wrappers\posix\sd
2025-09-27 06:38:37.627 [DEBUG] PORTX - Created universal bash wrapper: C:\App\PORTX\wrappers\posix\sd
2025-09-27 06:38:37.628 [DEBUG] PORTX - New-UniversalCmdWrapper called with PackageName='sd', ToolName='sd'
2025-09-27 06:38:37.654 [DEBUG] PORTX - Created universal CMD wrapper: C:\App\PORTX\wrappers\windows\sd.cmd
2025-09-27 06:38:37.656 [DEBUG] PORTX - About to create Go wrapper with: PackageName=sd, ToolName=sd, ExecutablePath=sd.exe, DefaultArgs=''
2025-09-27 06:38:37.657 [INFO] PORTX -   Created 1 wrappers for sd
2025-09-27 06:38:37.658 [DEBUG] VALIDATION - Starting wrapper validation for package: sd
2025-09-27 06:38:37.659 [DEBUG] VALIDATION -   Wrapper validation passed for sd
2025-09-27 06:38:37.660 [INFO] PORTX - Processing: semgrep
2025-09-27 06:38:37.662 [DEBUG] PORTX - Validating package: semgrep
2025-09-27 06:38:37.665 [DEBUG] PORTX - Package semgrep validation passed
2025-09-27 06:38:37.666 [INFO] PORTX -   Import type: wrap
2025-09-27 06:38:37.667 [INFO] PORTX -   WRAP: semgrep
2025-09-27 06:38:37.669 [DEBUG] PORTX - Processing tool: semgrep, path: semgrep.cmd
2025-09-27 06:38:37.670 [DEBUG] PORTX - About to create bash wrapper with: PackageName=semgrep, ToolName=semgrep, ExecutablePath=semgrep.cmd, DefaultArgs=''
2025-09-27 06:38:37.671 [DEBUG] PORTX - New-UniversalBashWrapper called with PackageName='semgrep', ToolName='semgrep'
2025-09-27 06:38:37.672 [DEBUG] SANITIZE - Sanitizing file: C:\App\PORTX\wrappers\posix\semgrep
2025-09-27 06:38:37.674 [DEBUG] SANITIZE - File sanitized: C:\App\PORTX\wrappers\posix\semgrep
2025-09-27 06:38:37.675 [DEBUG] PORTX - Created universal bash wrapper: C:\App\PORTX\wrappers\posix\semgrep
2025-09-27 06:38:37.676 [DEBUG] PORTX - New-UniversalCmdWrapper called with PackageName='semgrep', ToolName='semgrep'
2025-09-27 06:38:37.678 [DEBUG] PORTX - Created universal CMD wrapper: C:\App\PORTX\wrappers\windows\semgrep.cmd
2025-09-27 06:38:37.679 [DEBUG] PORTX - About to create Go wrapper with: PackageName=semgrep, ToolName=semgrep, ExecutablePath=semgrep.cmd, DefaultArgs=''
2025-09-27 06:38:37.680 [INFO] PORTX -   Created 1 wrappers for semgrep
2025-09-27 06:38:37.682 [DEBUG] VALIDATION - Starting wrapper validation for package: semgrep
2025-09-27 06:38:37.682 [DEBUG] VALIDATION -   Wrapper validation passed for semgrep
2025-09-27 06:38:37.684 [INFO] PORTX - Processing: shellcheck
2025-09-27 06:38:37.685 [DEBUG] PORTX - Validating package: shellcheck
2025-09-27 06:38:37.688 [DEBUG] PORTX - Package shellcheck validation passed
2025-09-27 06:38:37.689 [INFO] PORTX -   Import type: wrap
2025-09-27 06:38:37.691 [INFO] PORTX -   WRAP: shellcheck
2025-09-27 06:38:37.692 [DEBUG] PORTX - Processing tool: shellcheck, path: shellcheck.exe
2025-09-27 06:38:37.693 [DEBUG] PORTX - About to create bash wrapper with: PackageName=shellcheck, ToolName=shellcheck, ExecutablePath=shellcheck.exe, DefaultArgs=''
2025-09-27 06:38:37.694 [DEBUG] PORTX - New-UniversalBashWrapper called with PackageName='shellcheck', ToolName='shellcheck'
2025-09-27 06:38:37.695 [DEBUG] SANITIZE - Sanitizing file: C:\App\PORTX\wrappers\posix\shellcheck
2025-09-27 06:38:37.697 [DEBUG] SANITIZE - File sanitized: C:\App\PORTX\wrappers\posix\shellcheck
2025-09-27 06:38:37.698 [DEBUG] PORTX - Created universal bash wrapper: C:\App\PORTX\wrappers\posix\shellcheck
2025-09-27 06:38:37.699 [DEBUG] PORTX - New-UniversalCmdWrapper called with PackageName='shellcheck', ToolName='shellcheck'
2025-09-27 06:38:37.701 [DEBUG] PORTX - Created universal CMD wrapper: C:\App\PORTX\wrappers\windows\shellcheck.cmd
2025-09-27 06:38:37.702 [DEBUG] PORTX - About to create Go wrapper with: PackageName=shellcheck, ToolName=shellcheck, ExecutablePath=shellcheck.exe, DefaultArgs=''
2025-09-27 06:38:37.703 [INFO] PORTX -   Created 1 wrappers for shellcheck
2025-09-27 06:38:37.705 [DEBUG] VALIDATION - Starting wrapper validation for package: shellcheck
2025-09-27 06:38:37.706 [DEBUG] VALIDATION -   Wrapper validation passed for shellcheck
2025-09-27 06:38:37.707 [INFO] PORTX - Processing: shellspec
2025-09-27 06:38:37.708 [DEBUG] PORTX - Validating package: shellspec
2025-09-27 06:38:37.711 [DEBUG] PORTX - Package shellspec validation passed
2025-09-27 06:38:37.713 [INFO] PORTX -   Import type: wrap
2025-09-27 06:38:37.714 [INFO] PORTX -   WRAP: shellspec
2025-09-27 06:38:37.715 [DEBUG] PORTX - Processing tool: shellspec, path: shellspec.exe
2025-09-27 06:38:37.716 [DEBUG] PORTX - About to create bash wrapper with: PackageName=shellspec, ToolName=shellspec, ExecutablePath=shellspec.exe, DefaultArgs=''
2025-09-27 06:38:37.717 [DEBUG] PORTX - New-UniversalBashWrapper called with PackageName='shellspec', ToolName='shellspec'
2025-09-27 06:38:37.718 [DEBUG] SANITIZE - Sanitizing file: C:\App\PORTX\wrappers\posix\shellspec
2025-09-27 06:38:37.720 [DEBUG] SANITIZE - File sanitized: C:\App\PORTX\wrappers\posix\shellspec
2025-09-27 06:38:37.721 [DEBUG] PORTX - Created universal bash wrapper: C:\App\PORTX\wrappers\posix\shellspec
2025-09-27 06:38:37.722 [DEBUG] PORTX - New-UniversalCmdWrapper called with PackageName='shellspec', ToolName='shellspec'
2025-09-27 06:38:37.726 [DEBUG] PORTX - Created universal CMD wrapper: C:\App\PORTX\wrappers\windows\shellspec.cmd
2025-09-27 06:38:37.727 [DEBUG] PORTX - About to create Go wrapper with: PackageName=shellspec, ToolName=shellspec, ExecutablePath=shellspec.exe, DefaultArgs=''
2025-09-27 06:38:37.728 [INFO] PORTX -   Created 1 wrappers for shellspec
2025-09-27 06:38:37.729 [DEBUG] VALIDATION - Starting wrapper validation for package: shellspec
2025-09-27 06:38:37.731 [DEBUG] VALIDATION -   Wrapper validation passed for shellspec
2025-09-27 06:38:37.732 [INFO] PORTX - Processing: shfmt
2025-09-27 06:38:37.733 [DEBUG] PORTX - Validating package: shfmt
2025-09-27 06:38:37.736 [DEBUG] PORTX - Package shfmt validation passed
2025-09-27 06:38:37.738 [INFO] PORTX -   Import type: wrap
2025-09-27 06:38:37.739 [INFO] PORTX -   WRAP: shfmt
2025-09-27 06:38:37.740 [DEBUG] PORTX - Processing tool: shfmt, path: shfmt.exe
2025-09-27 06:38:37.741 [DEBUG] PORTX - About to create bash wrapper with: PackageName=shfmt, ToolName=shfmt, ExecutablePath=shfmt.exe, DefaultArgs=''
2025-09-27 06:38:37.742 [DEBUG] PORTX - New-UniversalBashWrapper called with PackageName='shfmt', ToolName='shfmt'
2025-09-27 06:38:37.744 [DEBUG] SANITIZE - Sanitizing file: C:\App\PORTX\wrappers\posix\shfmt
2025-09-27 06:38:37.746 [DEBUG] SANITIZE - File sanitized: C:\App\PORTX\wrappers\posix\shfmt
2025-09-27 06:38:37.747 [DEBUG] PORTX - Created universal bash wrapper: C:\App\PORTX\wrappers\posix\shfmt
2025-09-27 06:38:37.748 [DEBUG] PORTX - New-UniversalCmdWrapper called with PackageName='shfmt', ToolName='shfmt'
2025-09-27 06:38:37.750 [DEBUG] PORTX - Created universal CMD wrapper: C:\App\PORTX\wrappers\windows\shfmt.cmd
2025-09-27 06:38:37.751 [DEBUG] PORTX - About to create Go wrapper with: PackageName=shfmt, ToolName=shfmt, ExecutablePath=shfmt.exe, DefaultArgs=''
2025-09-27 06:38:37.752 [INFO] PORTX -   Created 1 wrappers for shfmt
2025-09-27 06:38:37.754 [DEBUG] VALIDATION - Starting wrapper validation for package: shfmt
2025-09-27 06:38:37.755 [DEBUG] VALIDATION -   Wrapper validation passed for shfmt
2025-09-27 06:38:37.756 [INFO] PORTX - Processing: skopeo
2025-09-27 06:38:37.757 [DEBUG] PORTX - Validating package: skopeo
2025-09-27 06:38:37.760 [DEBUG] PORTX - Package skopeo validation passed
2025-09-27 06:38:37.762 [INFO] PORTX -   Import type: wrap
2025-09-27 06:38:37.763 [INFO] PORTX -   WRAP: skopeo
2025-09-27 06:38:37.764 [DEBUG] PORTX - Processing tool: skopeo, path: skopeo.exe
2025-09-27 06:38:37.765 [DEBUG] PORTX - About to create bash wrapper with: PackageName=skopeo, ToolName=skopeo, ExecutablePath=skopeo.exe, DefaultArgs=''
2025-09-27 06:38:37.766 [DEBUG] PORTX - New-UniversalBashWrapper called with PackageName='skopeo', ToolName='skopeo'
2025-09-27 06:38:37.768 [DEBUG] SANITIZE - Sanitizing file: C:\App\PORTX\wrappers\posix\skopeo
2025-09-27 06:38:37.770 [DEBUG] SANITIZE - File sanitized: C:\App\PORTX\wrappers\posix\skopeo
2025-09-27 06:38:37.771 [DEBUG] PORTX - Created universal bash wrapper: C:\App\PORTX\wrappers\posix\skopeo
2025-09-27 06:38:37.772 [DEBUG] PORTX - New-UniversalCmdWrapper called with PackageName='skopeo', ToolName='skopeo'
2025-09-27 06:38:37.774 [DEBUG] PORTX - Created universal CMD wrapper: C:\App\PORTX\wrappers\windows\skopeo.cmd
2025-09-27 06:38:37.775 [DEBUG] PORTX - About to create Go wrapper with: PackageName=skopeo, ToolName=skopeo, ExecutablePath=skopeo.exe, DefaultArgs=''
2025-09-27 06:38:37.776 [INFO] PORTX -   Created 1 wrappers for skopeo
2025-09-27 06:38:37.777 [DEBUG] VALIDATION - Starting wrapper validation for package: skopeo
2025-09-27 06:38:37.778 [DEBUG] VALIDATION -   Wrapper validation passed for skopeo
2025-09-27 06:38:37.779 [INFO] PORTX - Processing: socat
2025-09-27 06:38:37.781 [DEBUG] PORTX - Validating package: socat
2025-09-27 06:38:37.784 [DEBUG] PORTX - Package socat validation passed
2025-09-27 06:38:37.785 [INFO] PORTX -   Import type: wrap
2025-09-27 06:38:37.786 [INFO] PORTX -   WRAP: socat
2025-09-27 06:38:37.787 [DEBUG] PORTX - Processing tool: socat, path: socat.exe
2025-09-27 06:38:37.789 [DEBUG] PORTX - About to create bash wrapper with: PackageName=socat, ToolName=socat, ExecutablePath=socat.exe, DefaultArgs=''
2025-09-27 06:38:37.790 [DEBUG] PORTX - New-UniversalBashWrapper called with PackageName='socat', ToolName='socat'
2025-09-27 06:38:37.791 [DEBUG] SANITIZE - Sanitizing file: C:\App\PORTX\wrappers\posix\socat
2025-09-27 06:38:37.793 [DEBUG] SANITIZE - File sanitized: C:\App\PORTX\wrappers\posix\socat
2025-09-27 06:38:37.794 [DEBUG] PORTX - Created universal bash wrapper: C:\App\PORTX\wrappers\posix\socat
2025-09-27 06:38:37.795 [DEBUG] PORTX - New-UniversalCmdWrapper called with PackageName='socat', ToolName='socat'
2025-09-27 06:38:37.797 [DEBUG] PORTX - Created universal CMD wrapper: C:\App\PORTX\wrappers\windows\socat.cmd
2025-09-27 06:38:37.798 [DEBUG] PORTX - About to create Go wrapper with: PackageName=socat, ToolName=socat, ExecutablePath=socat.exe, DefaultArgs=''
2025-09-27 06:38:37.799 [INFO] PORTX -   Created 1 wrappers for socat
2025-09-27 06:38:37.800 [DEBUG] VALIDATION - Starting wrapper validation for package: socat
2025-09-27 06:38:37.802 [DEBUG] VALIDATION -   Wrapper validation passed for socat
2025-09-27 06:38:37.803 [INFO] PORTX - Processing: sonar-scanner
2025-09-27 06:38:37.804 [DEBUG] PORTX - Validating package: sonar-scanner
2025-09-27 06:38:37.807 [DEBUG] PORTX - Package sonar-scanner validation passed
2025-09-27 06:38:37.809 [INFO] PORTX -   Import type: wrap
2025-09-27 06:38:37.810 [INFO] PORTX -   WRAP: sonar-scanner
2025-09-27 06:38:37.811 [DEBUG] PORTX - Processing tool: sonar-scanner, path: sonar-scanner.cmd
2025-09-27 06:38:37.812 [DEBUG] PORTX - About to create bash wrapper with: PackageName=sonar-scanner, ToolName=sonar-scanner, ExecutablePath=sonar-scanner.cmd, DefaultArgs=''
2025-09-27 06:38:37.813 [DEBUG] PORTX - New-UniversalBashWrapper called with PackageName='sonar-scanner', ToolName='sonar-scanner'
2025-09-27 06:38:37.816 [DEBUG] SANITIZE - Sanitizing file: C:\App\PORTX\wrappers\posix\sonar-scanner
2025-09-27 06:38:37.818 [DEBUG] SANITIZE - File sanitized: C:\App\PORTX\wrappers\posix\sonar-scanner
2025-09-27 06:38:37.819 [DEBUG] PORTX - Created universal bash wrapper: C:\App\PORTX\wrappers\posix\sonar-scanner
2025-09-27 06:38:37.820 [DEBUG] PORTX - New-UniversalCmdWrapper called with PackageName='sonar-scanner', ToolName='sonar-scanner'
2025-09-27 06:38:37.823 [DEBUG] PORTX - Created universal CMD wrapper: C:\App\PORTX\wrappers\windows\sonar-scanner.cmd
2025-09-27 06:38:37.824 [DEBUG] PORTX - About to create Go wrapper with: PackageName=sonar-scanner, ToolName=sonar-scanner, ExecutablePath=sonar-scanner.cmd, DefaultArgs=''
2025-09-27 06:38:37.825 [INFO] PORTX -   Created 1 wrappers for sonar-scanner
2025-09-27 06:38:37.826 [DEBUG] VALIDATION - Starting wrapper validation for package: sonar-scanner
2025-09-27 06:38:37.827 [DEBUG] VALIDATION -   Wrapper validation passed for sonar-scanner
2025-09-27 06:38:37.828 [INFO] PORTX - Processing: spotbugs
2025-09-27 06:38:37.830 [DEBUG] PORTX - Validating package: spotbugs
2025-09-27 06:38:37.833 [DEBUG] PORTX - Package spotbugs validation passed
2025-09-27 06:38:37.834 [INFO] PORTX -   Import type: wrap
2025-09-27 06:38:37.835 [INFO] PORTX -   WRAP: spotbugs
2025-09-27 06:38:37.836 [DEBUG] PORTX - Processing tool: spotbugs, path: spotbugs.cmd
2025-09-27 06:38:37.837 [DEBUG] PORTX - About to create bash wrapper with: PackageName=spotbugs, ToolName=spotbugs, ExecutablePath=spotbugs.cmd, DefaultArgs=''
2025-09-27 06:38:37.838 [DEBUG] PORTX - New-UniversalBashWrapper called with PackageName='spotbugs', ToolName='spotbugs'
2025-09-27 06:38:37.840 [DEBUG] SANITIZE - Sanitizing file: C:\App\PORTX\wrappers\posix\spotbugs
2025-09-27 06:38:37.841 [DEBUG] SANITIZE - File sanitized: C:\App\PORTX\wrappers\posix\spotbugs
2025-09-27 06:38:37.842 [DEBUG] PORTX - Created universal bash wrapper: C:\App\PORTX\wrappers\posix\spotbugs
2025-09-27 06:38:37.843 [DEBUG] PORTX - New-UniversalCmdWrapper called with PackageName='spotbugs', ToolName='spotbugs'
2025-09-27 06:38:37.845 [DEBUG] PORTX - Created universal CMD wrapper: C:\App\PORTX\wrappers\windows\spotbugs.cmd
2025-09-27 06:38:37.846 [DEBUG] PORTX - About to create Go wrapper with: PackageName=spotbugs, ToolName=spotbugs, ExecutablePath=spotbugs.cmd, DefaultArgs=''
2025-09-27 06:38:37.847 [INFO] PORTX -   Created 1 wrappers for spotbugs
2025-09-27 06:38:37.849 [DEBUG] VALIDATION - Starting wrapper validation for package: spotbugs
2025-09-27 06:38:37.850 [DEBUG] VALIDATION -   Wrapper validation passed for spotbugs
2025-09-27 06:38:37.851 [INFO] PORTX - Processing: sqlite
2025-09-27 06:38:37.852 [DEBUG] PORTX - Validating package: sqlite
2025-09-27 06:38:37.858 [DEBUG] PORTX - Package sqlite validation passed
2025-09-27 06:38:37.860 [INFO] PORTX -   Import type: wrap
2025-09-27 06:38:37.861 [INFO] PORTX -   WRAP: sqlite
2025-09-27 06:38:37.862 [DEBUG] PORTX - Processing tool: sqldiff, path: sqldiff.exe
2025-09-27 06:38:37.863 [DEBUG] PORTX - About to create bash wrapper with: PackageName=sqlite, ToolName=sqldiff, ExecutablePath=sqldiff.exe, DefaultArgs=''
2025-09-27 06:38:37.864 [DEBUG] PORTX - New-UniversalBashWrapper called with PackageName='sqlite', ToolName='sqldiff'
2025-09-27 06:38:37.865 [DEBUG] SANITIZE - Sanitizing file: C:\App\PORTX\wrappers\posix\sqldiff
2025-09-27 06:38:37.867 [DEBUG] SANITIZE - File sanitized: C:\App\PORTX\wrappers\posix\sqldiff
2025-09-27 06:38:37.868 [DEBUG] PORTX - Created universal bash wrapper: C:\App\PORTX\wrappers\posix\sqldiff
2025-09-27 06:38:37.869 [DEBUG] PORTX - New-UniversalCmdWrapper called with PackageName='sqlite', ToolName='sqldiff'
2025-09-27 06:38:37.871 [DEBUG] PORTX - Created universal CMD wrapper: C:\App\PORTX\wrappers\windows\sqldiff.cmd
2025-09-27 06:38:37.872 [DEBUG] PORTX - About to create Go wrapper with: PackageName=sqlite, ToolName=sqldiff, ExecutablePath=sqldiff.exe, DefaultArgs=''
2025-09-27 06:38:37.873 [DEBUG] PORTX - Processing tool: sqlite3, path: sqlite3.exe
2025-09-27 06:38:37.874 [DEBUG] PORTX - About to create bash wrapper with: PackageName=sqlite, ToolName=sqlite3, ExecutablePath=sqlite3.exe, DefaultArgs=''
2025-09-27 06:38:37.875 [DEBUG] PORTX - New-UniversalBashWrapper called with PackageName='sqlite', ToolName='sqlite3'
2025-09-27 06:38:37.876 [DEBUG] SANITIZE - Sanitizing file: C:\App\PORTX\wrappers\posix\sqlite3
2025-09-27 06:38:37.878 [DEBUG] SANITIZE - File sanitized: C:\App\PORTX\wrappers\posix\sqlite3
2025-09-27 06:38:37.879 [DEBUG] PORTX - Created universal bash wrapper: C:\App\PORTX\wrappers\posix\sqlite3
2025-09-27 06:38:37.880 [DEBUG] PORTX - New-UniversalCmdWrapper called with PackageName='sqlite', ToolName='sqlite3'
2025-09-27 06:38:37.882 [DEBUG] PORTX - Created universal CMD wrapper: C:\App\PORTX\wrappers\windows\sqlite3.cmd
2025-09-27 06:38:37.883 [DEBUG] PORTX - About to create Go wrapper with: PackageName=sqlite, ToolName=sqlite3, ExecutablePath=sqlite3.exe, DefaultArgs=''
2025-09-27 06:38:37.884 [DEBUG] PORTX - Processing tool: sqlite3-analyzer, path: sqlite3_analyzer.exe
2025-09-27 06:38:37.885 [DEBUG] PORTX - About to create bash wrapper with: PackageName=sqlite, ToolName=sqlite3-analyzer, ExecutablePath=sqlite3_analyzer.exe, DefaultArgs=''
2025-09-27 06:38:37.886 [DEBUG] PORTX - New-UniversalBashWrapper called with PackageName='sqlite', ToolName='sqlite3-analyzer'
2025-09-27 06:38:37.888 [DEBUG] SANITIZE - Sanitizing file: C:\App\PORTX\wrappers\posix\sqlite3-analyzer
2025-09-27 06:38:37.889 [DEBUG] SANITIZE - File sanitized: C:\App\PORTX\wrappers\posix\sqlite3-analyzer
2025-09-27 06:38:37.890 [DEBUG] PORTX - Created universal bash wrapper: C:\App\PORTX\wrappers\posix\sqlite3-analyzer
2025-09-27 06:38:37.891 [DEBUG] PORTX - New-UniversalCmdWrapper called with PackageName='sqlite', ToolName='sqlite3-analyzer'
2025-09-27 06:38:37.893 [DEBUG] PORTX - Created universal CMD wrapper: C:\App\PORTX\wrappers\windows\sqlite3-analyzer.cmd
2025-09-27 06:38:37.894 [DEBUG] PORTX - About to create Go wrapper with: PackageName=sqlite, ToolName=sqlite3-analyzer, ExecutablePath=sqlite3_analyzer.exe, DefaultArgs=''
2025-09-27 06:38:37.895 [DEBUG] PORTX - Processing tool: sqlite3-rsync, path: sqlite3_rsync.exe
2025-09-27 06:38:37.896 [DEBUG] PORTX - About to create bash wrapper with: PackageName=sqlite, ToolName=sqlite3-rsync, ExecutablePath=sqlite3_rsync.exe, DefaultArgs=''
2025-09-27 06:38:37.897 [DEBUG] PORTX - New-UniversalBashWrapper called with PackageName='sqlite', ToolName='sqlite3-rsync'
2025-09-27 06:38:37.899 [DEBUG] SANITIZE - Sanitizing file: C:\App\PORTX\wrappers\posix\sqlite3-rsync
2025-09-27 06:38:37.900 [DEBUG] SANITIZE - File sanitized: C:\App\PORTX\wrappers\posix\sqlite3-rsync
2025-09-27 06:38:37.902 [DEBUG] PORTX - Created universal bash wrapper: C:\App\PORTX\wrappers\posix\sqlite3-rsync
2025-09-27 06:38:37.903 [DEBUG] PORTX - New-UniversalCmdWrapper called with PackageName='sqlite', ToolName='sqlite3-rsync'
2025-09-27 06:38:37.905 [DEBUG] PORTX - Created universal CMD wrapper: C:\App\PORTX\wrappers\windows\sqlite3-rsync.cmd
2025-09-27 06:38:37.906 [DEBUG] PORTX - About to create Go wrapper with: PackageName=sqlite, ToolName=sqlite3-rsync, ExecutablePath=sqlite3_rsync.exe, DefaultArgs=''
2025-09-27 06:38:37.907 [INFO] PORTX -   Created 4 wrappers for sqlite
2025-09-27 06:38:37.909 [DEBUG] VALIDATION - Starting wrapper validation for package: sqlite
2025-09-27 06:38:37.909 [DEBUG] VALIDATION -   Wrapper validation passed for sqlite
2025-09-27 06:38:37.910 [INFO] PORTX - Processing: ssdeep
2025-09-27 06:38:37.912 [DEBUG] PORTX - Validating package: ssdeep
2025-09-27 06:38:37.915 [DEBUG] PORTX - Package ssdeep validation passed
2025-09-27 06:38:37.916 [INFO] PORTX -   Import type: wrap
2025-09-27 06:38:37.917 [INFO] PORTX -   WRAP: ssdeep
2025-09-27 06:38:37.918 [DEBUG] PORTX - Processing tool: ssdeep, path: ssdeep.exe
2025-09-27 06:38:37.919 [DEBUG] PORTX - About to create bash wrapper with: PackageName=ssdeep, ToolName=ssdeep, ExecutablePath=ssdeep.exe, DefaultArgs=''
2025-09-27 06:38:37.920 [DEBUG] PORTX - New-UniversalBashWrapper called with PackageName='ssdeep', ToolName='ssdeep'
2025-09-27 06:38:37.922 [DEBUG] SANITIZE - Sanitizing file: C:\App\PORTX\wrappers\posix\ssdeep
2025-09-27 06:38:37.923 [DEBUG] SANITIZE - File sanitized: C:\App\PORTX\wrappers\posix\ssdeep
2025-09-27 06:38:37.924 [DEBUG] PORTX - Created universal bash wrapper: C:\App\PORTX\wrappers\posix\ssdeep
2025-09-27 06:38:37.925 [DEBUG] PORTX - New-UniversalCmdWrapper called with PackageName='ssdeep', ToolName='ssdeep'
2025-09-27 06:38:37.927 [DEBUG] PORTX - Created universal CMD wrapper: C:\App\PORTX\wrappers\windows\ssdeep.cmd
2025-09-27 06:38:37.928 [DEBUG] PORTX - About to create Go wrapper with: PackageName=ssdeep, ToolName=ssdeep, ExecutablePath=ssdeep.exe, DefaultArgs=''
2025-09-27 06:38:37.929 [INFO] PORTX -   Created 1 wrappers for ssdeep
2025-09-27 06:38:37.931 [DEBUG] VALIDATION - Starting wrapper validation for package: ssdeep
2025-09-27 06:38:37.932 [DEBUG] VALIDATION -   Wrapper validation passed for ssdeep
2025-09-27 06:38:37.933 [INFO] PORTX - Processing: subfinder
2025-09-27 06:38:37.934 [DEBUG] PORTX - Validating package: subfinder
2025-09-27 06:38:37.937 [DEBUG] PORTX - Package subfinder validation passed
2025-09-27 06:38:37.939 [INFO] PORTX -   Import type: wrap
2025-09-27 06:38:37.940 [INFO] PORTX -   WRAP: subfinder
2025-09-27 06:38:37.941 [DEBUG] PORTX - Processing tool: subfinder, path: subfinder.exe
2025-09-27 06:38:37.942 [DEBUG] PORTX - About to create bash wrapper with: PackageName=subfinder, ToolName=subfinder, ExecutablePath=subfinder.exe, DefaultArgs=''
2025-09-27 06:38:37.943 [DEBUG] PORTX - New-UniversalBashWrapper called with PackageName='subfinder', ToolName='subfinder'
2025-09-27 06:38:37.944 [DEBUG] SANITIZE - Sanitizing file: C:\App\PORTX\wrappers\posix\subfinder
2025-09-27 06:38:37.946 [DEBUG] SANITIZE - File sanitized: C:\App\PORTX\wrappers\posix\subfinder
2025-09-27 06:38:37.947 [DEBUG] PORTX - Created universal bash wrapper: C:\App\PORTX\wrappers\posix\subfinder
2025-09-27 06:38:37.948 [DEBUG] PORTX - New-UniversalCmdWrapper called with PackageName='subfinder', ToolName='subfinder'
2025-09-27 06:38:37.950 [DEBUG] PORTX - Created universal CMD wrapper: C:\App\PORTX\wrappers\windows\subfinder.cmd
2025-09-27 06:38:37.951 [DEBUG] PORTX - About to create Go wrapper with: PackageName=subfinder, ToolName=subfinder, ExecutablePath=subfinder.exe, DefaultArgs=''
2025-09-27 06:38:37.952 [INFO] PORTX -   Created 1 wrappers for subfinder
2025-09-27 06:38:37.953 [DEBUG] VALIDATION - Starting wrapper validation for package: subfinder
2025-09-27 06:38:37.954 [DEBUG] VALIDATION -   Wrapper validation passed for subfinder
2025-09-27 06:38:37.955 [INFO] PORTX - Processing: superfile
2025-09-27 06:38:37.957 [DEBUG] PORTX - Validating package: superfile
2025-09-27 06:38:37.959 [DEBUG] PORTX - Package superfile validation passed
2025-09-27 06:38:37.961 [INFO] PORTX -   Import type: wrap
2025-09-27 06:38:37.962 [INFO] PORTX -   WRAP: superfile
2025-09-27 06:38:37.963 [DEBUG] PORTX - Processing tool: superfile, path: spf.exe
2025-09-27 06:38:37.964 [DEBUG] PORTX - About to create bash wrapper with: PackageName=superfile, ToolName=superfile, ExecutablePath=spf.exe, DefaultArgs=''
2025-09-27 06:38:37.965 [DEBUG] PORTX - New-UniversalBashWrapper called with PackageName='superfile', ToolName='superfile'
2025-09-27 06:38:37.967 [DEBUG] SANITIZE - Sanitizing file: C:\App\PORTX\wrappers\posix\superfile
2025-09-27 06:38:37.968 [DEBUG] SANITIZE - File sanitized: C:\App\PORTX\wrappers\posix\superfile
2025-09-27 06:38:37.969 [DEBUG] PORTX - Created universal bash wrapper: C:\App\PORTX\wrappers\posix\superfile
2025-09-27 06:38:37.970 [DEBUG] PORTX - New-UniversalCmdWrapper called with PackageName='superfile', ToolName='superfile'
2025-09-27 06:38:37.972 [DEBUG] PORTX - Created universal CMD wrapper: C:\App\PORTX\wrappers\windows\superfile.cmd
2025-09-27 06:38:37.973 [DEBUG] PORTX - About to create Go wrapper with: PackageName=superfile, ToolName=superfile, ExecutablePath=spf.exe, DefaultArgs=''
2025-09-27 06:38:37.974 [INFO] PORTX -   Created 1 wrappers for superfile
2025-09-27 06:38:37.976 [DEBUG] VALIDATION - Starting wrapper validation for package: superfile
2025-09-27 06:38:37.977 [DEBUG] VALIDATION -   Wrapper validation passed for superfile
2025-09-27 06:38:37.978 [INFO] PORTX - Processing: syft
2025-09-27 06:38:37.979 [DEBUG] PORTX - Validating package: syft
2025-09-27 06:38:37.982 [DEBUG] PORTX - Package syft validation passed
2025-09-27 06:38:37.984 [INFO] PORTX -   Import type: wrap
2025-09-27 06:38:37.985 [INFO] PORTX -   WRAP: syft
2025-09-27 06:38:37.986 [DEBUG] PORTX - Processing tool: syft, path: syft.exe
2025-09-27 06:38:37.988 [DEBUG] PORTX - About to create bash wrapper with: PackageName=syft, ToolName=syft, ExecutablePath=syft.exe, DefaultArgs=''
2025-09-27 06:38:37.989 [DEBUG] PORTX - New-UniversalBashWrapper called with PackageName='syft', ToolName='syft'
2025-09-27 06:38:37.990 [DEBUG] SANITIZE - Sanitizing file: C:\App\PORTX\wrappers\posix\syft
2025-09-27 06:38:37.992 [DEBUG] SANITIZE - File sanitized: C:\App\PORTX\wrappers\posix\syft
2025-09-27 06:38:37.993 [DEBUG] PORTX - Created universal bash wrapper: C:\App\PORTX\wrappers\posix\syft
2025-09-27 06:38:37.994 [DEBUG] PORTX - New-UniversalCmdWrapper called with PackageName='syft', ToolName='syft'
2025-09-27 06:38:37.996 [DEBUG] PORTX - Created universal CMD wrapper: C:\App\PORTX\wrappers\windows\syft.cmd
2025-09-27 06:38:37.997 [DEBUG] PORTX - About to create Go wrapper with: PackageName=syft, ToolName=syft, ExecutablePath=syft.exe, DefaultArgs=''
2025-09-27 06:38:37.998 [INFO] PORTX -   Created 1 wrappers for syft
2025-09-27 06:38:37.999 [DEBUG] VALIDATION - Starting wrapper validation for package: syft
2025-09-27 06:38:38.000 [DEBUG] VALIDATION -   Wrapper validation passed for syft
2025-09-27 06:38:38.001 [INFO] PORTX - Processing: sysinternals
2025-09-27 06:38:38.002 [DEBUG] PORTX - Validating package: sysinternals
2025-09-27 06:38:38.033 [DEBUG] PORTX - Package sysinternals validation passed
2025-09-27 06:38:38.035 [INFO] PORTX -   Import type: wrap
2025-09-27 06:38:38.036 [INFO] PORTX -   WRAP: sysinternals
2025-09-27 06:38:38.037 [DEBUG] PORTX - Processing tool: accesschk64, path: accesschk64.exe
2025-09-27 06:38:38.038 [DEBUG] PORTX - About to create bash wrapper with: PackageName=sysinternals, ToolName=accesschk64, ExecutablePath=accesschk64.exe, DefaultArgs=''
2025-09-27 06:38:38.039 [DEBUG] PORTX - New-UniversalBashWrapper called with PackageName='sysinternals', ToolName='accesschk64'
2025-09-27 06:38:38.041 [DEBUG] SANITIZE - Sanitizing file: C:\App\PORTX\wrappers\posix\accesschk64
2025-09-27 06:38:38.042 [DEBUG] SANITIZE - File sanitized: C:\App\PORTX\wrappers\posix\accesschk64
2025-09-27 06:38:38.043 [DEBUG] PORTX - Created universal bash wrapper: C:\App\PORTX\wrappers\posix\accesschk64
2025-09-27 06:38:38.044 [DEBUG] PORTX - New-UniversalCmdWrapper called with PackageName='sysinternals', ToolName='accesschk64'
2025-09-27 06:38:38.046 [DEBUG] PORTX - Created universal CMD wrapper: C:\App\PORTX\wrappers\windows\accesschk64.cmd
2025-09-27 06:38:38.047 [DEBUG] PORTX - About to create Go wrapper with: PackageName=sysinternals, ToolName=accesschk64, ExecutablePath=accesschk64.exe, DefaultArgs=''
2025-09-27 06:38:38.048 [DEBUG] PORTX - Processing tool: adrestore64, path: adrestore64.exe
2025-09-27 06:38:38.049 [DEBUG] PORTX - About to create bash wrapper with: PackageName=sysinternals, ToolName=adrestore64, ExecutablePath=adrestore64.exe, DefaultArgs=''
2025-09-27 06:38:38.050 [DEBUG] PORTX - New-UniversalBashWrapper called with PackageName='sysinternals', ToolName='adrestore64'
2025-09-27 06:38:38.052 [DEBUG] SANITIZE - Sanitizing file: C:\App\PORTX\wrappers\posix\adrestore64
2025-09-27 06:38:38.053 [DEBUG] SANITIZE - File sanitized: C:\App\PORTX\wrappers\posix\adrestore64
2025-09-27 06:38:38.054 [DEBUG] PORTX - Created universal bash wrapper: C:\App\PORTX\wrappers\posix\adrestore64
2025-09-27 06:38:38.055 [DEBUG] PORTX - New-UniversalCmdWrapper called with PackageName='sysinternals', ToolName='adrestore64'
2025-09-27 06:38:38.057 [DEBUG] PORTX - Created universal CMD wrapper: C:\App\PORTX\wrappers\windows\adrestore64.cmd
2025-09-27 06:38:38.058 [DEBUG] PORTX - About to create Go wrapper with: PackageName=sysinternals, ToolName=adrestore64, ExecutablePath=adrestore64.exe, DefaultArgs=''
2025-09-27 06:38:38.059 [DEBUG] PORTX - Processing tool: autorunsc64, path: autorunsc64.exe
2025-09-27 06:38:38.060 [DEBUG] PORTX - About to create bash wrapper with: PackageName=sysinternals, ToolName=autorunsc64, ExecutablePath=autorunsc64.exe, DefaultArgs=''
2025-09-27 06:38:38.061 [DEBUG] PORTX - New-UniversalBashWrapper called with PackageName='sysinternals', ToolName='autorunsc64'
2025-09-27 06:38:38.063 [DEBUG] SANITIZE - Sanitizing file: C:\App\PORTX\wrappers\posix\autorunsc64
2025-09-27 06:38:38.064 [DEBUG] SANITIZE - File sanitized: C:\App\PORTX\wrappers\posix\autorunsc64
2025-09-27 06:38:38.065 [DEBUG] PORTX - Created universal bash wrapper: C:\App\PORTX\wrappers\posix\autorunsc64
2025-09-27 06:38:38.067 [DEBUG] PORTX - New-UniversalCmdWrapper called with PackageName='sysinternals', ToolName='autorunsc64'
2025-09-27 06:38:38.069 [DEBUG] PORTX - Created universal CMD wrapper: C:\App\PORTX\wrappers\windows\autorunsc64.cmd
2025-09-27 06:38:38.070 [DEBUG] PORTX - About to create Go wrapper with: PackageName=sysinternals, ToolName=autorunsc64, ExecutablePath=autorunsc64.exe, DefaultArgs=''
2025-09-27 06:38:38.071 [DEBUG] PORTX - Processing tool: clockres64, path: clockres64.exe
2025-09-27 06:38:38.072 [DEBUG] PORTX - About to create bash wrapper with: PackageName=sysinternals, ToolName=clockres64, ExecutablePath=clockres64.exe, DefaultArgs=''
2025-09-27 06:38:38.073 [DEBUG] PORTX - New-UniversalBashWrapper called with PackageName='sysinternals', ToolName='clockres64'
2025-09-27 06:38:38.074 [DEBUG] SANITIZE - Sanitizing file: C:\App\PORTX\wrappers\posix\clockres64
2025-09-27 06:38:38.076 [DEBUG] SANITIZE - File sanitized: C:\App\PORTX\wrappers\posix\clockres64
2025-09-27 06:38:38.077 [DEBUG] PORTX - Created universal bash wrapper: C:\App\PORTX\wrappers\posix\clockres64
2025-09-27 06:38:38.078 [DEBUG] PORTX - New-UniversalCmdWrapper called with PackageName='sysinternals', ToolName='clockres64'
2025-09-27 06:38:38.080 [DEBUG] PORTX - Created universal CMD wrapper: C:\App\PORTX\wrappers\windows\clockres64.cmd
2025-09-27 06:38:38.081 [DEBUG] PORTX - About to create Go wrapper with: PackageName=sysinternals, ToolName=clockres64, ExecutablePath=clockres64.exe, DefaultArgs=''
2025-09-27 06:38:38.084 [DEBUG] PORTX - Processing tool: contig64, path: Contig64.exe
2025-09-27 06:38:38.085 [DEBUG] PORTX - About to create bash wrapper with: PackageName=sysinternals, ToolName=contig64, ExecutablePath=Contig64.exe, DefaultArgs=''
2025-09-27 06:38:38.086 [DEBUG] PORTX - New-UniversalBashWrapper called with PackageName='sysinternals', ToolName='contig64'
2025-09-27 06:38:38.087 [DEBUG] SANITIZE - Sanitizing file: C:\App\PORTX\wrappers\posix\contig64
2025-09-27 06:38:38.089 [DEBUG] SANITIZE - File sanitized: C:\App\PORTX\wrappers\posix\contig64
2025-09-27 06:38:38.090 [DEBUG] PORTX - Created universal bash wrapper: C:\App\PORTX\wrappers\posix\contig64
2025-09-27 06:38:38.091 [DEBUG] PORTX - New-UniversalCmdWrapper called with PackageName='sysinternals', ToolName='contig64'
2025-09-27 06:38:38.093 [DEBUG] PORTX - Created universal CMD wrapper: C:\App\PORTX\wrappers\windows\contig64.cmd
2025-09-27 06:38:38.094 [DEBUG] PORTX - About to create Go wrapper with: PackageName=sysinternals, ToolName=contig64, ExecutablePath=Contig64.exe, DefaultArgs=''
2025-09-27 06:38:38.095 [DEBUG] PORTX - Processing tool: coreinfo64, path: Coreinfo64.exe
2025-09-27 06:38:38.096 [DEBUG] PORTX - About to create bash wrapper with: PackageName=sysinternals, ToolName=coreinfo64, ExecutablePath=Coreinfo64.exe, DefaultArgs=''
2025-09-27 06:38:38.097 [DEBUG] PORTX - New-UniversalBashWrapper called with PackageName='sysinternals', ToolName='coreinfo64'
2025-09-27 06:38:38.098 [DEBUG] SANITIZE - Sanitizing file: C:\App\PORTX\wrappers\posix\coreinfo64
2025-09-27 06:38:38.100 [DEBUG] SANITIZE - File sanitized: C:\App\PORTX\wrappers\posix\coreinfo64
2025-09-27 06:38:38.101 [DEBUG] PORTX - Created universal bash wrapper: C:\App\PORTX\wrappers\posix\coreinfo64
2025-09-27 06:38:38.102 [DEBUG] PORTX - New-UniversalCmdWrapper called with PackageName='sysinternals', ToolName='coreinfo64'
2025-09-27 06:38:38.104 [DEBUG] PORTX - Created universal CMD wrapper: C:\App\PORTX\wrappers\windows\coreinfo64.cmd
2025-09-27 06:38:38.105 [DEBUG] PORTX - About to create Go wrapper with: PackageName=sysinternals, ToolName=coreinfo64, ExecutablePath=Coreinfo64.exe, DefaultArgs=''
2025-09-27 06:38:38.106 [DEBUG] PORTX - Processing tool: findlinks64, path: FindLinks64.exe
2025-09-27 06:38:38.107 [DEBUG] PORTX - About to create bash wrapper with: PackageName=sysinternals, ToolName=findlinks64, ExecutablePath=FindLinks64.exe, DefaultArgs=''
2025-09-27 06:38:38.108 [DEBUG] PORTX - New-UniversalBashWrapper called with PackageName='sysinternals', ToolName='findlinks64'
2025-09-27 06:38:38.110 [DEBUG] SANITIZE - Sanitizing file: C:\App\PORTX\wrappers\posix\findlinks64
2025-09-27 06:38:38.111 [DEBUG] SANITIZE - File sanitized: C:\App\PORTX\wrappers\posix\findlinks64
2025-09-27 06:38:38.112 [DEBUG] PORTX - Created universal bash wrapper: C:\App\PORTX\wrappers\posix\findlinks64
2025-09-27 06:38:38.113 [DEBUG] PORTX - New-UniversalCmdWrapper called with PackageName='sysinternals', ToolName='findlinks64'
2025-09-27 06:38:38.115 [DEBUG] PORTX - Created universal CMD wrapper: C:\App\PORTX\wrappers\windows\findlinks64.cmd
2025-09-27 06:38:38.116 [DEBUG] PORTX - About to create Go wrapper with: PackageName=sysinternals, ToolName=findlinks64, ExecutablePath=FindLinks64.exe, DefaultArgs=''
2025-09-27 06:38:38.117 [DEBUG] PORTX - Processing tool: handle64, path: handle64.exe
2025-09-27 06:38:38.118 [DEBUG] PORTX - About to create bash wrapper with: PackageName=sysinternals, ToolName=handle64, ExecutablePath=handle64.exe, DefaultArgs=''
2025-09-27 06:38:38.119 [DEBUG] PORTX - New-UniversalBashWrapper called with PackageName='sysinternals', ToolName='handle64'
2025-09-27 06:38:38.120 [DEBUG] SANITIZE - Sanitizing file: C:\App\PORTX\wrappers\posix\handle64
2025-09-27 06:38:38.122 [DEBUG] SANITIZE - File sanitized: C:\App\PORTX\wrappers\posix\handle64
2025-09-27 06:38:38.123 [DEBUG] PORTX - Created universal bash wrapper: C:\App\PORTX\wrappers\posix\handle64
2025-09-27 06:38:38.124 [DEBUG] PORTX - New-UniversalCmdWrapper called with PackageName='sysinternals', ToolName='handle64'
2025-09-27 06:38:38.126 [DEBUG] PORTX - Created universal CMD wrapper: C:\App\PORTX\wrappers\windows\handle64.cmd
2025-09-27 06:38:38.127 [DEBUG] PORTX - About to create Go wrapper with: PackageName=sysinternals, ToolName=handle64, ExecutablePath=handle64.exe, DefaultArgs=''
2025-09-27 06:38:38.128 [DEBUG] PORTX - Processing tool: hex2dec64, path: hex2dec64.exe
2025-09-27 06:38:38.129 [DEBUG] PORTX - About to create bash wrapper with: PackageName=sysinternals, ToolName=hex2dec64, ExecutablePath=hex2dec64.exe, DefaultArgs=''
2025-09-27 06:38:38.130 [DEBUG] PORTX - New-UniversalBashWrapper called with PackageName='sysinternals', ToolName='hex2dec64'
2025-09-27 06:38:38.131 [DEBUG] SANITIZE - Sanitizing file: C:\App\PORTX\wrappers\posix\hex2dec64
2025-09-27 06:38:38.133 [DEBUG] SANITIZE - File sanitized: C:\App\PORTX\wrappers\posix\hex2dec64
2025-09-27 06:38:38.134 [DEBUG] PORTX - Created universal bash wrapper: C:\App\PORTX\wrappers\posix\hex2dec64
2025-09-27 06:38:38.135 [DEBUG] PORTX - New-UniversalCmdWrapper called with PackageName='sysinternals', ToolName='hex2dec64'
2025-09-27 06:38:38.137 [DEBUG] PORTX - Created universal CMD wrapper: C:\App\PORTX\wrappers\windows\hex2dec64.cmd
2025-09-27 06:38:38.138 [DEBUG] PORTX - About to create Go wrapper with: PackageName=sysinternals, ToolName=hex2dec64, ExecutablePath=hex2dec64.exe, DefaultArgs=''
2025-09-27 06:38:38.139 [DEBUG] PORTX - Processing tool: junction64, path: junction64.exe
2025-09-27 06:38:38.140 [DEBUG] PORTX - About to create bash wrapper with: PackageName=sysinternals, ToolName=junction64, ExecutablePath=junction64.exe, DefaultArgs=''
2025-09-27 06:38:38.141 [DEBUG] PORTX - New-UniversalBashWrapper called with PackageName='sysinternals', ToolName='junction64'
2025-09-27 06:38:38.142 [DEBUG] SANITIZE - Sanitizing file: C:\App\PORTX\wrappers\posix\junction64
2025-09-27 06:38:38.144 [DEBUG] SANITIZE - File sanitized: C:\App\PORTX\wrappers\posix\junction64
2025-09-27 06:38:38.145 [DEBUG] PORTX - Created universal bash wrapper: C:\App\PORTX\wrappers\posix\junction64
2025-09-27 06:38:38.146 [DEBUG] PORTX - New-UniversalCmdWrapper called with PackageName='sysinternals', ToolName='junction64'
2025-09-27 06:38:38.148 [DEBUG] PORTX - Created universal CMD wrapper: C:\App\PORTX\wrappers\windows\junction64.cmd
2025-09-27 06:38:38.149 [DEBUG] PORTX - About to create Go wrapper with: PackageName=sysinternals, ToolName=junction64, ExecutablePath=junction64.exe, DefaultArgs=''
2025-09-27 06:38:38.150 [DEBUG] PORTX - Processing tool: listdlls64, path: listdlls64.exe
2025-09-27 06:38:38.151 [DEBUG] PORTX - About to create bash wrapper with: PackageName=sysinternals, ToolName=listdlls64, ExecutablePath=listdlls64.exe, DefaultArgs=''
2025-09-27 06:38:38.152 [DEBUG] PORTX - New-UniversalBashWrapper called with PackageName='sysinternals', ToolName='listdlls64'
2025-09-27 06:38:38.153 [DEBUG] SANITIZE - Sanitizing file: C:\App\PORTX\wrappers\posix\listdlls64
2025-09-27 06:38:38.155 [DEBUG] SANITIZE - File sanitized: C:\App\PORTX\wrappers\posix\listdlls64
2025-09-27 06:38:38.156 [DEBUG] PORTX - Created universal bash wrapper: C:\App\PORTX\wrappers\posix\listdlls64
2025-09-27 06:38:38.157 [DEBUG] PORTX - New-UniversalCmdWrapper called with PackageName='sysinternals', ToolName='listdlls64'
2025-09-27 06:38:38.159 [DEBUG] PORTX - Created universal CMD wrapper: C:\App\PORTX\wrappers\windows\listdlls64.cmd
2025-09-27 06:38:38.160 [DEBUG] PORTX - About to create Go wrapper with: PackageName=sysinternals, ToolName=listdlls64, ExecutablePath=listdlls64.exe, DefaultArgs=''
2025-09-27 06:38:38.161 [DEBUG] PORTX - Processing tool: logonsessions64, path: LogonSessions64.exe
2025-09-27 06:38:38.162 [DEBUG] PORTX - About to create bash wrapper with: PackageName=sysinternals, ToolName=logonsessions64, ExecutablePath=LogonSessions64.exe, DefaultArgs=''
2025-09-27 06:38:38.163 [DEBUG] PORTX - New-UniversalBashWrapper called with PackageName='sysinternals', ToolName='logonsessions64'
2025-09-27 06:38:38.164 [DEBUG] SANITIZE - Sanitizing file: C:\App\PORTX\wrappers\posix\logonsessions64
2025-09-27 06:38:38.167 [DEBUG] SANITIZE - File sanitized: C:\App\PORTX\wrappers\posix\logonsessions64
2025-09-27 06:38:38.168 [DEBUG] PORTX - Created universal bash wrapper: C:\App\PORTX\wrappers\posix\logonsessions64
2025-09-27 06:38:38.169 [DEBUG] PORTX - New-UniversalCmdWrapper called with PackageName='sysinternals', ToolName='logonsessions64'
2025-09-27 06:38:38.172 [DEBUG] PORTX - Created universal CMD wrapper: C:\App\PORTX\wrappers\windows\logonsessions64.cmd
2025-09-27 06:38:38.173 [DEBUG] PORTX - About to create Go wrapper with: PackageName=sysinternals, ToolName=logonsessions64, ExecutablePath=LogonSessions64.exe, DefaultArgs=''
2025-09-27 06:38:38.174 [DEBUG] PORTX - Processing tool: pendmoves64, path: PendMoves64.exe
2025-09-27 06:38:38.174 [DEBUG] PORTX - About to create bash wrapper with: PackageName=sysinternals, ToolName=pendmoves64, ExecutablePath=PendMoves64.exe, DefaultArgs=''
2025-09-27 06:38:38.175 [DEBUG] PORTX - New-UniversalBashWrapper called with PackageName='sysinternals', ToolName='pendmoves64'
2025-09-27 06:38:38.177 [DEBUG] SANITIZE - Sanitizing file: C:\App\PORTX\wrappers\posix\pendmoves64
2025-09-27 06:38:38.179 [DEBUG] SANITIZE - File sanitized: C:\App\PORTX\wrappers\posix\pendmoves64
2025-09-27 06:38:38.179 [DEBUG] PORTX - Created universal bash wrapper: C:\App\PORTX\wrappers\posix\pendmoves64
2025-09-27 06:38:38.180 [DEBUG] PORTX - New-UniversalCmdWrapper called with PackageName='sysinternals', ToolName='pendmoves64'
2025-09-27 06:38:38.183 [DEBUG] PORTX - Created universal CMD wrapper: C:\App\PORTX\wrappers\windows\pendmoves64.cmd
2025-09-27 06:38:38.184 [DEBUG] PORTX - About to create Go wrapper with: PackageName=sysinternals, ToolName=pendmoves64, ExecutablePath=PendMoves64.exe, DefaultArgs=''
2025-09-27 06:38:38.185 [DEBUG] PORTX - Processing tool: pipelist64, path: pipelist64.exe
2025-09-27 06:38:38.186 [DEBUG] PORTX - About to create bash wrapper with: PackageName=sysinternals, ToolName=pipelist64, ExecutablePath=pipelist64.exe, DefaultArgs=''
2025-09-27 06:38:38.186 [DEBUG] PORTX - New-UniversalBashWrapper called with PackageName='sysinternals', ToolName='pipelist64'
2025-09-27 06:38:38.188 [DEBUG] SANITIZE - Sanitizing file: C:\App\PORTX\wrappers\posix\pipelist64
2025-09-27 06:38:38.189 [DEBUG] SANITIZE - File sanitized: C:\App\PORTX\wrappers\posix\pipelist64
2025-09-27 06:38:38.190 [DEBUG] PORTX - Created universal bash wrapper: C:\App\PORTX\wrappers\posix\pipelist64
2025-09-27 06:38:38.191 [DEBUG] PORTX - New-UniversalCmdWrapper called with PackageName='sysinternals', ToolName='pipelist64'
2025-09-27 06:38:38.193 [DEBUG] PORTX - Created universal CMD wrapper: C:\App\PORTX\wrappers\windows\pipelist64.cmd
2025-09-27 06:38:38.194 [DEBUG] PORTX - About to create Go wrapper with: PackageName=sysinternals, ToolName=pipelist64, ExecutablePath=pipelist64.exe, DefaultArgs=''
2025-09-27 06:38:38.195 [DEBUG] PORTX - Processing tool: procdump64, path: procdump64.exe
2025-09-27 06:38:38.196 [DEBUG] PORTX - About to create bash wrapper with: PackageName=sysinternals, ToolName=procdump64, ExecutablePath=procdump64.exe, DefaultArgs=''
2025-09-27 06:38:38.197 [DEBUG] PORTX - New-UniversalBashWrapper called with PackageName='sysinternals', ToolName='procdump64'
2025-09-27 06:38:38.199 [DEBUG] SANITIZE - Sanitizing file: C:\App\PORTX\wrappers\posix\procdump64
2025-09-27 06:38:38.201 [DEBUG] SANITIZE - File sanitized: C:\App\PORTX\wrappers\posix\procdump64
2025-09-27 06:38:38.201 [DEBUG] PORTX - Created universal bash wrapper: C:\App\PORTX\wrappers\posix\procdump64
2025-09-27 06:38:38.202 [DEBUG] PORTX - New-UniversalCmdWrapper called with PackageName='sysinternals', ToolName='procdump64'
2025-09-27 06:38:38.205 [DEBUG] PORTX - Created universal CMD wrapper: C:\App\PORTX\wrappers\windows\procdump64.cmd
2025-09-27 06:38:38.206 [DEBUG] PORTX - About to create Go wrapper with: PackageName=sysinternals, ToolName=procdump64, ExecutablePath=procdump64.exe, DefaultArgs=''
2025-09-27 06:38:38.207 [DEBUG] PORTX - Processing tool: psexec64, path: PsExec64.exe
2025-09-27 06:38:38.208 [DEBUG] PORTX - About to create bash wrapper with: PackageName=sysinternals, ToolName=psexec64, ExecutablePath=PsExec64.exe, DefaultArgs=''
2025-09-27 06:38:38.209 [DEBUG] PORTX - New-UniversalBashWrapper called with PackageName='sysinternals', ToolName='psexec64'
2025-09-27 06:38:38.210 [DEBUG] SANITIZE - Sanitizing file: C:\App\PORTX\wrappers\posix\psexec64
2025-09-27 06:38:38.212 [DEBUG] SANITIZE - File sanitized: C:\App\PORTX\wrappers\posix\psexec64
2025-09-27 06:38:38.213 [DEBUG] PORTX - Created universal bash wrapper: C:\App\PORTX\wrappers\posix\psexec64
2025-09-27 06:38:38.214 [DEBUG] PORTX - New-UniversalCmdWrapper called with PackageName='sysinternals', ToolName='psexec64'
2025-09-27 06:38:38.216 [DEBUG] PORTX - Created universal CMD wrapper: C:\App\PORTX\wrappers\windows\psexec64.cmd
2025-09-27 06:38:38.217 [DEBUG] PORTX - About to create Go wrapper with: PackageName=sysinternals, ToolName=psexec64, ExecutablePath=PsExec64.exe, DefaultArgs=''
2025-09-27 06:38:38.218 [DEBUG] PORTX - Processing tool: psfile64, path: psfile64.exe
2025-09-27 06:38:38.219 [DEBUG] PORTX - About to create bash wrapper with: PackageName=sysinternals, ToolName=psfile64, ExecutablePath=psfile64.exe, DefaultArgs=''
2025-09-27 06:38:38.220 [DEBUG] PORTX - New-UniversalBashWrapper called with PackageName='sysinternals', ToolName='psfile64'
2025-09-27 06:38:38.221 [DEBUG] SANITIZE - Sanitizing file: C:\App\PORTX\wrappers\posix\psfile64
2025-09-27 06:38:38.223 [DEBUG] SANITIZE - File sanitized: C:\App\PORTX\wrappers\posix\psfile64
2025-09-27 06:38:38.224 [DEBUG] PORTX - Created universal bash wrapper: C:\App\PORTX\wrappers\posix\psfile64
2025-09-27 06:38:38.225 [DEBUG] PORTX - New-UniversalCmdWrapper called with PackageName='sysinternals', ToolName='psfile64'
2025-09-27 06:38:38.228 [DEBUG] PORTX - Created universal CMD wrapper: C:\App\PORTX\wrappers\windows\psfile64.cmd
2025-09-27 06:38:38.228 [DEBUG] PORTX - About to create Go wrapper with: PackageName=sysinternals, ToolName=psfile64, ExecutablePath=psfile64.exe, DefaultArgs=''
2025-09-27 06:38:38.229 [DEBUG] PORTX - Processing tool: psgetsid64, path: PsGetsid64.exe
2025-09-27 06:38:38.230 [DEBUG] PORTX - About to create bash wrapper with: PackageName=sysinternals, ToolName=psgetsid64, ExecutablePath=PsGetsid64.exe, DefaultArgs=''
2025-09-27 06:38:38.231 [DEBUG] PORTX - New-UniversalBashWrapper called with PackageName='sysinternals', ToolName='psgetsid64'
2025-09-27 06:38:38.233 [DEBUG] SANITIZE - Sanitizing file: C:\App\PORTX\wrappers\posix\psgetsid64
2025-09-27 06:38:38.235 [DEBUG] SANITIZE - File sanitized: C:\App\PORTX\wrappers\posix\psgetsid64
2025-09-27 06:38:38.236 [DEBUG] PORTX - Created universal bash wrapper: C:\App\PORTX\wrappers\posix\psgetsid64
2025-09-27 06:38:38.236 [DEBUG] PORTX - New-UniversalCmdWrapper called with PackageName='sysinternals', ToolName='psgetsid64'
2025-09-27 06:38:38.239 [DEBUG] PORTX - Created universal CMD wrapper: C:\App\PORTX\wrappers\windows\psgetsid64.cmd
2025-09-27 06:38:38.240 [DEBUG] PORTX - About to create Go wrapper with: PackageName=sysinternals, ToolName=psgetsid64, ExecutablePath=PsGetsid64.exe, DefaultArgs=''
2025-09-27 06:38:38.241 [DEBUG] PORTX - Processing tool: psinfo64, path: psinfo64.exe
2025-09-27 06:38:38.242 [DEBUG] PORTX - About to create bash wrapper with: PackageName=sysinternals, ToolName=psinfo64, ExecutablePath=psinfo64.exe, DefaultArgs=''
2025-09-27 06:38:38.242 [DEBUG] PORTX - New-UniversalBashWrapper called with PackageName='sysinternals', ToolName='psinfo64'
2025-09-27 06:38:38.244 [DEBUG] SANITIZE - Sanitizing file: C:\App\PORTX\wrappers\posix\psinfo64
2025-09-27 06:38:38.245 [DEBUG] SANITIZE - File sanitized: C:\App\PORTX\wrappers\posix\psinfo64
2025-09-27 06:38:38.246 [DEBUG] PORTX - Created universal bash wrapper: C:\App\PORTX\wrappers\posix\psinfo64
2025-09-27 06:38:38.247 [DEBUG] PORTX - New-UniversalCmdWrapper called with PackageName='sysinternals', ToolName='psinfo64'
2025-09-27 06:38:38.250 [DEBUG] PORTX - Created universal CMD wrapper: C:\App\PORTX\wrappers\windows\psinfo64.cmd
2025-09-27 06:38:38.251 [DEBUG] PORTX - About to create Go wrapper with: PackageName=sysinternals, ToolName=psinfo64, ExecutablePath=psinfo64.exe, DefaultArgs=''
2025-09-27 06:38:38.252 [DEBUG] PORTX - Processing tool: pskill64, path: pskill64.exe
2025-09-27 06:38:38.253 [DEBUG] PORTX - About to create bash wrapper with: PackageName=sysinternals, ToolName=pskill64, ExecutablePath=pskill64.exe, DefaultArgs=''
2025-09-27 06:38:38.254 [DEBUG] PORTX - New-UniversalBashWrapper called with PackageName='sysinternals', ToolName='pskill64'
2025-09-27 06:38:38.256 [DEBUG] SANITIZE - Sanitizing file: C:\App\PORTX\wrappers\posix\pskill64
2025-09-27 06:38:38.257 [DEBUG] SANITIZE - File sanitized: C:\App\PORTX\wrappers\posix\pskill64
2025-09-27 06:38:38.258 [DEBUG] PORTX - Created universal bash wrapper: C:\App\PORTX\wrappers\posix\pskill64
2025-09-27 06:38:38.259 [DEBUG] PORTX - New-UniversalCmdWrapper called with PackageName='sysinternals', ToolName='pskill64'
2025-09-27 06:38:38.261 [DEBUG] PORTX - Created universal CMD wrapper: C:\App\PORTX\wrappers\windows\pskill64.cmd
2025-09-27 06:38:38.262 [DEBUG] PORTX - About to create Go wrapper with: PackageName=sysinternals, ToolName=pskill64, ExecutablePath=pskill64.exe, DefaultArgs=''
2025-09-27 06:38:38.263 [DEBUG] PORTX - Processing tool: pslist64, path: PsList64.exe
2025-09-27 06:38:38.264 [DEBUG] PORTX - About to create bash wrapper with: PackageName=sysinternals, ToolName=pslist64, ExecutablePath=PsList64.exe, DefaultArgs=''
2025-09-27 06:38:38.265 [DEBUG] PORTX - New-UniversalBashWrapper called with PackageName='sysinternals', ToolName='pslist64'
2025-09-27 06:38:38.267 [DEBUG] SANITIZE - Sanitizing file: C:\App\PORTX\wrappers\posix\pslist64
2025-09-27 06:38:38.268 [DEBUG] SANITIZE - File sanitized: C:\App\PORTX\wrappers\posix\pslist64
2025-09-27 06:38:38.269 [DEBUG] PORTX - Created universal bash wrapper: C:\App\PORTX\wrappers\posix\pslist64
2025-09-27 06:38:38.270 [DEBUG] PORTX - New-UniversalCmdWrapper called with PackageName='sysinternals', ToolName='pslist64'
2025-09-27 06:38:38.272 [DEBUG] PORTX - Created universal CMD wrapper: C:\App\PORTX\wrappers\windows\pslist64.cmd
2025-09-27 06:38:38.273 [DEBUG] PORTX - About to create Go wrapper with: PackageName=sysinternals, ToolName=pslist64, ExecutablePath=PsList64.exe, DefaultArgs=''
2025-09-27 06:38:38.274 [DEBUG] PORTX - Processing tool: psloggedon64, path: PsLoggedon64.exe
2025-09-27 06:38:38.275 [DEBUG] PORTX - About to create bash wrapper with: PackageName=sysinternals, ToolName=psloggedon64, ExecutablePath=PsLoggedon64.exe, DefaultArgs=''
2025-09-27 06:38:38.276 [DEBUG] PORTX - New-UniversalBashWrapper called with PackageName='sysinternals', ToolName='psloggedon64'
2025-09-27 06:38:38.277 [DEBUG] SANITIZE - Sanitizing file: C:\App\PORTX\wrappers\posix\psloggedon64
2025-09-27 06:38:38.279 [DEBUG] SANITIZE - File sanitized: C:\App\PORTX\wrappers\posix\psloggedon64
2025-09-27 06:38:38.280 [DEBUG] PORTX - Created universal bash wrapper: C:\App\PORTX\wrappers\posix\psloggedon64
2025-09-27 06:38:38.281 [DEBUG] PORTX - New-UniversalCmdWrapper called with PackageName='sysinternals', ToolName='psloggedon64'
2025-09-27 06:38:38.284 [DEBUG] PORTX - Created universal CMD wrapper: C:\App\PORTX\wrappers\windows\psloggedon64.cmd
2025-09-27 06:38:38.284 [DEBUG] PORTX - About to create Go wrapper with: PackageName=sysinternals, ToolName=psloggedon64, ExecutablePath=PsLoggedon64.exe, DefaultArgs=''
2025-09-27 06:38:38.285 [DEBUG] PORTX - Processing tool: psping64, path: psping64.exe
2025-09-27 06:38:38.286 [DEBUG] PORTX - About to create bash wrapper with: PackageName=sysinternals, ToolName=psping64, ExecutablePath=psping64.exe, DefaultArgs=''
2025-09-27 06:38:38.287 [DEBUG] PORTX - New-UniversalBashWrapper called with PackageName='sysinternals', ToolName='psping64'
2025-09-27 06:38:38.289 [DEBUG] SANITIZE - Sanitizing file: C:\App\PORTX\wrappers\posix\psping64
2025-09-27 06:38:38.291 [DEBUG] SANITIZE - File sanitized: C:\App\PORTX\wrappers\posix\psping64
2025-09-27 06:38:38.292 [DEBUG] PORTX - Created universal bash wrapper: C:\App\PORTX\wrappers\posix\psping64
2025-09-27 06:38:38.292 [DEBUG] PORTX - New-UniversalCmdWrapper called with PackageName='sysinternals', ToolName='psping64'
2025-09-27 06:38:38.295 [DEBUG] PORTX - Created universal CMD wrapper: C:\App\PORTX\wrappers\windows\psping64.cmd
2025-09-27 06:38:38.296 [DEBUG] PORTX - About to create Go wrapper with: PackageName=sysinternals, ToolName=psping64, ExecutablePath=psping64.exe, DefaultArgs=''
2025-09-27 06:38:38.297 [DEBUG] PORTX - Processing tool: regdelnull64, path: RegDelNull64.exe
2025-09-27 06:38:38.298 [DEBUG] PORTX - About to create bash wrapper with: PackageName=sysinternals, ToolName=regdelnull64, ExecutablePath=RegDelNull64.exe, DefaultArgs=''
2025-09-27 06:38:38.299 [DEBUG] PORTX - New-UniversalBashWrapper called with PackageName='sysinternals', ToolName='regdelnull64'
2025-09-27 06:38:38.300 [DEBUG] SANITIZE - Sanitizing file: C:\App\PORTX\wrappers\posix\regdelnull64
2025-09-27 06:38:38.302 [DEBUG] SANITIZE - File sanitized: C:\App\PORTX\wrappers\posix\regdelnull64
2025-09-27 06:38:38.303 [DEBUG] PORTX - Created universal bash wrapper: C:\App\PORTX\wrappers\posix\regdelnull64
2025-09-27 06:38:38.304 [DEBUG] PORTX - New-UniversalCmdWrapper called with PackageName='sysinternals', ToolName='regdelnull64'
2025-09-27 06:38:38.306 [DEBUG] PORTX - Created universal CMD wrapper: C:\App\PORTX\wrappers\windows\regdelnull64.cmd
2025-09-27 06:38:38.307 [DEBUG] PORTX - About to create Go wrapper with: PackageName=sysinternals, ToolName=regdelnull64, ExecutablePath=RegDelNull64.exe, DefaultArgs=''
2025-09-27 06:38:38.308 [DEBUG] PORTX - Processing tool: streams64, path: streams64.exe
2025-09-27 06:38:38.309 [DEBUG] PORTX - About to create bash wrapper with: PackageName=sysinternals, ToolName=streams64, ExecutablePath=streams64.exe, DefaultArgs=''
2025-09-27 06:38:38.310 [DEBUG] PORTX - New-UniversalBashWrapper called with PackageName='sysinternals', ToolName='streams64'
2025-09-27 06:38:38.311 [DEBUG] SANITIZE - Sanitizing file: C:\App\PORTX\wrappers\posix\streams64
2025-09-27 06:38:38.312 [DEBUG] SANITIZE - File sanitized: C:\App\PORTX\wrappers\posix\streams64
2025-09-27 06:38:38.313 [DEBUG] PORTX - Created universal bash wrapper: C:\App\PORTX\wrappers\posix\streams64
2025-09-27 06:38:38.314 [DEBUG] PORTX - New-UniversalCmdWrapper called with PackageName='sysinternals', ToolName='streams64'
2025-09-27 06:38:38.317 [DEBUG] PORTX - Created universal CMD wrapper: C:\App\PORTX\wrappers\windows\streams64.cmd
2025-09-27 06:38:38.318 [DEBUG] PORTX - About to create Go wrapper with: PackageName=sysinternals, ToolName=streams64, ExecutablePath=streams64.exe, DefaultArgs=''
2025-09-27 06:38:38.318 [DEBUG] PORTX - Processing tool: strings64, path: strings64.exe
2025-09-27 06:38:38.319 [DEBUG] PORTX - About to create bash wrapper with: PackageName=sysinternals, ToolName=strings64, ExecutablePath=strings64.exe, DefaultArgs=''
2025-09-27 06:38:38.320 [DEBUG] PORTX - New-UniversalBashWrapper called with PackageName='sysinternals', ToolName='strings64'
2025-09-27 06:38:38.321 [DEBUG] SANITIZE - Sanitizing file: C:\App\PORTX\wrappers\posix\strings64
2025-09-27 06:38:38.323 [DEBUG] SANITIZE - File sanitized: C:\App\PORTX\wrappers\posix\strings64
2025-09-27 06:38:38.324 [DEBUG] PORTX - Created universal bash wrapper: C:\App\PORTX\wrappers\posix\strings64
2025-09-27 06:38:38.325 [DEBUG] PORTX - New-UniversalCmdWrapper called with PackageName='sysinternals', ToolName='strings64'
2025-09-27 06:38:38.327 [DEBUG] PORTX - Created universal CMD wrapper: C:\App\PORTX\wrappers\windows\strings64.cmd
2025-09-27 06:38:38.328 [DEBUG] PORTX - About to create Go wrapper with: PackageName=sysinternals, ToolName=strings64, ExecutablePath=strings64.exe, DefaultArgs=''
2025-09-27 06:38:38.329 [DEBUG] PORTX - Processing tool: sync64, path: sync64.exe
2025-09-27 06:38:38.330 [DEBUG] PORTX - About to create bash wrapper with: PackageName=sysinternals, ToolName=sync64, ExecutablePath=sync64.exe, DefaultArgs=''
2025-09-27 06:38:38.333 [DEBUG] PORTX - New-UniversalBashWrapper called with PackageName='sysinternals', ToolName='sync64'
2025-09-27 06:38:38.334 [DEBUG] SANITIZE - Sanitizing file: C:\App\PORTX\wrappers\posix\sync64
2025-09-27 06:38:38.336 [DEBUG] SANITIZE - File sanitized: C:\App\PORTX\wrappers\posix\sync64
2025-09-27 06:38:38.337 [DEBUG] PORTX - Created universal bash wrapper: C:\App\PORTX\wrappers\posix\sync64
2025-09-27 06:38:38.338 [DEBUG] PORTX - New-UniversalCmdWrapper called with PackageName='sysinternals', ToolName='sync64'
2025-09-27 06:38:38.340 [DEBUG] PORTX - Created universal CMD wrapper: C:\App\PORTX\wrappers\windows\sync64.cmd
2025-09-27 06:38:38.341 [DEBUG] PORTX - About to create Go wrapper with: PackageName=sysinternals, ToolName=sync64, ExecutablePath=sync64.exe, DefaultArgs=''
2025-09-27 06:38:38.342 [DEBUG] PORTX - Processing tool: volumeid64, path: VolumeId64.exe
2025-09-27 06:38:38.343 [DEBUG] PORTX - About to create bash wrapper with: PackageName=sysinternals, ToolName=volumeid64, ExecutablePath=VolumeId64.exe, DefaultArgs=''
2025-09-27 06:38:38.344 [DEBUG] PORTX - New-UniversalBashWrapper called with PackageName='sysinternals', ToolName='volumeid64'
2025-09-27 06:38:38.345 [DEBUG] SANITIZE - Sanitizing file: C:\App\PORTX\wrappers\posix\volumeid64
2025-09-27 06:38:38.347 [DEBUG] SANITIZE - File sanitized: C:\App\PORTX\wrappers\posix\volumeid64
2025-09-27 06:38:38.348 [DEBUG] PORTX - Created universal bash wrapper: C:\App\PORTX\wrappers\posix\volumeid64
2025-09-27 06:38:38.349 [DEBUG] PORTX - New-UniversalCmdWrapper called with PackageName='sysinternals', ToolName='volumeid64'
2025-09-27 06:38:38.351 [DEBUG] PORTX - Created universal CMD wrapper: C:\App\PORTX\wrappers\windows\volumeid64.cmd
2025-09-27 06:38:38.352 [DEBUG] PORTX - About to create Go wrapper with: PackageName=sysinternals, ToolName=volumeid64, ExecutablePath=VolumeId64.exe, DefaultArgs=''
2025-09-27 06:38:38.353 [DEBUG] PORTX - Processing tool: whois64, path: whois64.exe
2025-09-27 06:38:38.354 [DEBUG] PORTX - About to create bash wrapper with: PackageName=sysinternals, ToolName=whois64, ExecutablePath=whois64.exe, DefaultArgs=''
2025-09-27 06:38:38.355 [DEBUG] PORTX - New-UniversalBashWrapper called with PackageName='sysinternals', ToolName='whois64'
2025-09-27 06:38:38.356 [DEBUG] SANITIZE - Sanitizing file: C:\App\PORTX\wrappers\posix\whois64
2025-09-27 06:38:38.358 [DEBUG] SANITIZE - File sanitized: C:\App\PORTX\wrappers\posix\whois64
2025-09-27 06:38:38.359 [DEBUG] PORTX - Created universal bash wrapper: C:\App\PORTX\wrappers\posix\whois64
2025-09-27 06:38:38.360 [DEBUG] PORTX - New-UniversalCmdWrapper called with PackageName='sysinternals', ToolName='whois64'
2025-09-27 06:38:38.362 [DEBUG] PORTX - Created universal CMD wrapper: C:\App\PORTX\wrappers\windows\whois64.cmd
2025-09-27 06:38:38.363 [DEBUG] PORTX - About to create Go wrapper with: PackageName=sysinternals, ToolName=whois64, ExecutablePath=whois64.exe, DefaultArgs=''
2025-09-27 06:38:38.364 [INFO] PORTX -   Created 29 wrappers for sysinternals
2025-09-27 06:38:38.365 [DEBUG] VALIDATION - Starting wrapper validation for package: sysinternals
2025-09-27 06:38:38.366 [DEBUG] VALIDATION -   Wrapper validation passed for sysinternals
2025-09-27 06:38:38.367 [INFO] PORTX - Processing: task
2025-09-27 06:38:38.368 [DEBUG] PORTX - Validating package: task
2025-09-27 06:38:38.371 [DEBUG] PORTX - Package task validation passed
2025-09-27 06:38:38.373 [INFO] PORTX -   Import type: wrap
2025-09-27 06:38:38.374 [INFO] PORTX -   WRAP: task
2025-09-27 06:38:38.375 [DEBUG] PORTX - Processing tool: task, path: task.exe
2025-09-27 06:38:38.376 [DEBUG] PORTX - About to create bash wrapper with: PackageName=task, ToolName=task, ExecutablePath=task.exe, DefaultArgs=''
2025-09-27 06:38:38.376 [DEBUG] PORTX - New-UniversalBashWrapper called with PackageName='task', ToolName='task'
2025-09-27 06:38:38.378 [DEBUG] SANITIZE - Sanitizing file: C:\App\PORTX\wrappers\posix\task
2025-09-27 06:38:38.380 [DEBUG] SANITIZE - File sanitized: C:\App\PORTX\wrappers\posix\task
2025-09-27 06:38:38.381 [DEBUG] PORTX - Created universal bash wrapper: C:\App\PORTX\wrappers\posix\task
2025-09-27 06:38:38.382 [DEBUG] PORTX - New-UniversalCmdWrapper called with PackageName='task', ToolName='task'
2025-09-27 06:38:38.384 [DEBUG] PORTX - Created universal CMD wrapper: C:\App\PORTX\wrappers\windows\task.cmd
2025-09-27 06:38:38.385 [DEBUG] PORTX - About to create Go wrapper with: PackageName=task, ToolName=task, ExecutablePath=task.exe, DefaultArgs=''
2025-09-27 06:38:38.386 [INFO] PORTX -   Created 1 wrappers for task
2025-09-27 06:38:38.387 [DEBUG] VALIDATION - Starting wrapper validation for package: task
2025-09-27 06:38:38.388 [DEBUG] VALIDATION -   Wrapper validation passed for task
2025-09-27 06:38:38.389 [INFO] PORTX - Processing: tealdeer
2025-09-27 06:38:38.390 [DEBUG] PORTX - Validating package: tealdeer
2025-09-27 06:38:38.393 [DEBUG] PORTX - Package tealdeer validation passed
2025-09-27 06:38:38.395 [INFO] PORTX -   Import type: wrap
2025-09-27 06:38:38.395 [INFO] PORTX -   WRAP: tealdeer
2025-09-27 06:38:38.396 [DEBUG] PORTX - Processing tool: tldr, path: tealdeer.exe
2025-09-27 06:38:38.397 [DEBUG] PORTX - About to create bash wrapper with: PackageName=tealdeer, ToolName=tldr, ExecutablePath=tealdeer.exe, DefaultArgs=''
2025-09-27 06:38:38.398 [DEBUG] PORTX - New-UniversalBashWrapper called with PackageName='tealdeer', ToolName='tldr'
2025-09-27 06:38:38.400 [DEBUG] SANITIZE - Sanitizing file: C:\App\PORTX\wrappers\posix\tldr
2025-09-27 06:38:38.402 [DEBUG] SANITIZE - File sanitized: C:\App\PORTX\wrappers\posix\tldr
2025-09-27 06:38:38.402 [DEBUG] PORTX - Created universal bash wrapper: C:\App\PORTX\wrappers\posix\tldr
2025-09-27 06:38:38.403 [DEBUG] PORTX - New-UniversalCmdWrapper called with PackageName='tealdeer', ToolName='tldr'
2025-09-27 06:38:38.406 [DEBUG] PORTX - Created universal CMD wrapper: C:\App\PORTX\wrappers\windows\tldr.cmd
2025-09-27 06:38:38.407 [DEBUG] PORTX - About to create Go wrapper with: PackageName=tealdeer, ToolName=tldr, ExecutablePath=tealdeer.exe, DefaultArgs=''
2025-09-27 06:38:38.408 [INFO] PORTX -   Created 1 wrappers for tealdeer
2025-09-27 06:38:38.409 [DEBUG] VALIDATION - Starting wrapper validation for package: tealdeer
2025-09-27 06:38:38.410 [DEBUG] VALIDATION -   Wrapper validation passed for tealdeer
2025-09-27 06:38:38.411 [INFO] PORTX - Processing: terraform
2025-09-27 06:38:38.412 [DEBUG] PORTX - Validating package: terraform
2025-09-27 06:38:38.417 [DEBUG] PORTX - Package terraform validation passed
2025-09-27 06:38:38.418 [INFO] PORTX -   Import type: wrap
2025-09-27 06:38:38.419 [INFO] PORTX -   WRAP: terraform
2025-09-27 06:38:38.421 [DEBUG] PORTX - Processing tool: terraform, path: terraform.exe
2025-09-27 06:38:38.422 [DEBUG] PORTX - About to create bash wrapper with: PackageName=terraform, ToolName=terraform, ExecutablePath=terraform.exe, DefaultArgs=''
2025-09-27 06:38:38.423 [DEBUG] PORTX - New-UniversalBashWrapper called with PackageName='terraform', ToolName='terraform'
2025-09-27 06:38:38.424 [DEBUG] SANITIZE - Sanitizing file: C:\App\PORTX\wrappers\posix\terraform
2025-09-27 06:38:38.425 [DEBUG] SANITIZE - File sanitized: C:\App\PORTX\wrappers\posix\terraform
2025-09-27 06:38:38.426 [DEBUG] PORTX - Created universal bash wrapper: C:\App\PORTX\wrappers\posix\terraform
2025-09-27 06:38:38.427 [DEBUG] PORTX - New-UniversalCmdWrapper called with PackageName='terraform', ToolName='terraform'
2025-09-27 06:38:38.429 [DEBUG] PORTX - Created universal CMD wrapper: C:\App\PORTX\wrappers\windows\terraform.cmd
2025-09-27 06:38:38.430 [DEBUG] PORTX - About to create Go wrapper with: PackageName=terraform, ToolName=terraform, ExecutablePath=terraform.exe, DefaultArgs=''
2025-09-27 06:38:38.431 [INFO] PORTX -   Created 1 wrappers for terraform
2025-09-27 06:38:38.433 [DEBUG] VALIDATION - Starting wrapper validation for package: terraform
2025-09-27 06:38:38.434 [DEBUG] VALIDATION -   Wrapper validation passed for terraform
2025-09-27 06:38:38.435 [INFO] PORTX - Processing: terragrunt
2025-09-27 06:38:38.436 [DEBUG] PORTX - Validating package: terragrunt
2025-09-27 06:38:38.439 [DEBUG] PORTX - Package terragrunt validation passed
2025-09-27 06:38:38.441 [INFO] PORTX -   Import type: wrap
2025-09-27 06:38:38.442 [INFO] PORTX -   WRAP: terragrunt
2025-09-27 06:38:38.443 [DEBUG] PORTX - Processing tool: terragrunt, path: terragrunt.exe
2025-09-27 06:38:38.444 [DEBUG] PORTX - About to create bash wrapper with: PackageName=terragrunt, ToolName=terragrunt, ExecutablePath=terragrunt.exe, DefaultArgs=''
2025-09-27 06:38:38.444 [DEBUG] PORTX - New-UniversalBashWrapper called with PackageName='terragrunt', ToolName='terragrunt'
2025-09-27 06:38:38.446 [DEBUG] SANITIZE - Sanitizing file: C:\App\PORTX\wrappers\posix\terragrunt
2025-09-27 06:38:38.448 [DEBUG] SANITIZE - File sanitized: C:\App\PORTX\wrappers\posix\terragrunt
2025-09-27 06:38:38.448 [DEBUG] PORTX - Created universal bash wrapper: C:\App\PORTX\wrappers\posix\terragrunt
2025-09-27 06:38:38.449 [DEBUG] PORTX - New-UniversalCmdWrapper called with PackageName='terragrunt', ToolName='terragrunt'
2025-09-27 06:38:38.451 [DEBUG] PORTX - Created universal CMD wrapper: C:\App\PORTX\wrappers\windows\terragrunt.cmd
2025-09-27 06:38:38.452 [DEBUG] PORTX - About to create Go wrapper with: PackageName=terragrunt, ToolName=terragrunt, ExecutablePath=terragrunt.exe, DefaultArgs=''
2025-09-27 06:38:38.453 [INFO] PORTX -   Created 1 wrappers for terragrunt
2025-09-27 06:38:38.454 [DEBUG] VALIDATION - Starting wrapper validation for package: terragrunt
2025-09-27 06:38:38.455 [DEBUG] VALIDATION -   Wrapper validation passed for terragrunt
2025-09-27 06:38:38.456 [INFO] PORTX - Processing: terrascan
2025-09-27 06:38:38.458 [DEBUG] PORTX - Validating package: terrascan
2025-09-27 06:38:38.460 [DEBUG] PORTX - Package terrascan validation passed
2025-09-27 06:38:38.462 [INFO] PORTX -   Import type: wrap
2025-09-27 06:38:38.463 [INFO] PORTX -   WRAP: terrascan
2025-09-27 06:38:38.464 [DEBUG] PORTX - Processing tool: terrascan, path: terrascan.exe
2025-09-27 06:38:38.465 [DEBUG] PORTX - About to create bash wrapper with: PackageName=terrascan, ToolName=terrascan, ExecutablePath=terrascan.exe, DefaultArgs=''
2025-09-27 06:38:38.465 [DEBUG] PORTX - New-UniversalBashWrapper called with PackageName='terrascan', ToolName='terrascan'
2025-09-27 06:38:38.467 [DEBUG] SANITIZE - Sanitizing file: C:\App\PORTX\wrappers\posix\terrascan
2025-09-27 06:38:38.469 [DEBUG] SANITIZE - File sanitized: C:\App\PORTX\wrappers\posix\terrascan
2025-09-27 06:38:38.470 [DEBUG] PORTX - Created universal bash wrapper: C:\App\PORTX\wrappers\posix\terrascan
2025-09-27 06:38:38.470 [DEBUG] PORTX - New-UniversalCmdWrapper called with PackageName='terrascan', ToolName='terrascan'
2025-09-27 06:38:38.473 [DEBUG] PORTX - Created universal CMD wrapper: C:\App\PORTX\wrappers\windows\terrascan.cmd
2025-09-27 06:38:38.473 [DEBUG] PORTX - About to create Go wrapper with: PackageName=terrascan, ToolName=terrascan, ExecutablePath=terrascan.exe, DefaultArgs=''
2025-09-27 06:38:38.474 [INFO] PORTX -   Created 1 wrappers for terrascan
2025-09-27 06:38:38.476 [DEBUG] VALIDATION - Starting wrapper validation for package: terrascan
2025-09-27 06:38:38.477 [DEBUG] VALIDATION -   Wrapper validation passed for terrascan
2025-09-27 06:38:38.478 [INFO] PORTX - Processing: tflint
2025-09-27 06:38:38.479 [DEBUG] PORTX - Validating package: tflint
2025-09-27 06:38:38.481 [DEBUG] PORTX - Package tflint validation passed
2025-09-27 06:38:38.483 [INFO] PORTX -   Import type: wrap
2025-09-27 06:38:38.484 [INFO] PORTX -   WRAP: tflint
2025-09-27 06:38:38.485 [DEBUG] PORTX - Processing tool: tflint, path: tflint.exe
2025-09-27 06:38:38.486 [DEBUG] PORTX - About to create bash wrapper with: PackageName=tflint, ToolName=tflint, ExecutablePath=tflint.exe, DefaultArgs=''
2025-09-27 06:38:38.487 [DEBUG] PORTX - New-UniversalBashWrapper called with PackageName='tflint', ToolName='tflint'
2025-09-27 06:38:38.488 [DEBUG] SANITIZE - Sanitizing file: C:\App\PORTX\wrappers\posix\tflint
2025-09-27 06:38:38.490 [DEBUG] SANITIZE - File sanitized: C:\App\PORTX\wrappers\posix\tflint
2025-09-27 06:38:38.491 [DEBUG] PORTX - Created universal bash wrapper: C:\App\PORTX\wrappers\posix\tflint
2025-09-27 06:38:38.492 [DEBUG] PORTX - New-UniversalCmdWrapper called with PackageName='tflint', ToolName='tflint'
2025-09-27 06:38:38.494 [DEBUG] PORTX - Created universal CMD wrapper: C:\App\PORTX\wrappers\windows\tflint.cmd
2025-09-27 06:38:38.495 [DEBUG] PORTX - About to create Go wrapper with: PackageName=tflint, ToolName=tflint, ExecutablePath=tflint.exe, DefaultArgs=''
2025-09-27 06:38:38.496 [INFO] PORTX -   Created 1 wrappers for tflint
2025-09-27 06:38:38.497 [DEBUG] VALIDATION - Starting wrapper validation for package: tflint
2025-09-27 06:38:38.499 [DEBUG] VALIDATION -   Wrapper validation passed for tflint
2025-09-27 06:38:38.500 [INFO] PORTX - Processing: tfsec
2025-09-27 06:38:38.502 [DEBUG] PORTX - Validating package: tfsec
2025-09-27 06:38:38.505 [DEBUG] PORTX - Package tfsec validation passed
2025-09-27 06:38:38.506 [INFO] PORTX -   Import type: wrap
2025-09-27 06:38:38.507 [INFO] PORTX -   WRAP: tfsec
2025-09-27 06:38:38.508 [DEBUG] PORTX - Processing tool: tfsec, path: tfsec.exe
2025-09-27 06:38:38.509 [DEBUG] PORTX - About to create bash wrapper with: PackageName=tfsec, ToolName=tfsec, ExecutablePath=tfsec.exe, DefaultArgs=''
2025-09-27 06:38:38.510 [DEBUG] PORTX - New-UniversalBashWrapper called with PackageName='tfsec', ToolName='tfsec'
2025-09-27 06:38:38.512 [DEBUG] SANITIZE - Sanitizing file: C:\App\PORTX\wrappers\posix\tfsec
2025-09-27 06:38:38.513 [DEBUG] SANITIZE - File sanitized: C:\App\PORTX\wrappers\posix\tfsec
2025-09-27 06:38:38.514 [DEBUG] PORTX - Created universal bash wrapper: C:\App\PORTX\wrappers\posix\tfsec
2025-09-27 06:38:38.515 [DEBUG] PORTX - New-UniversalCmdWrapper called with PackageName='tfsec', ToolName='tfsec'
2025-09-27 06:38:38.518 [DEBUG] PORTX - Created universal CMD wrapper: C:\App\PORTX\wrappers\windows\tfsec.cmd
2025-09-27 06:38:38.518 [DEBUG] PORTX - About to create Go wrapper with: PackageName=tfsec, ToolName=tfsec, ExecutablePath=tfsec.exe, DefaultArgs=''
2025-09-27 06:38:38.519 [INFO] PORTX -   Created 1 wrappers for tfsec
2025-09-27 06:38:38.520 [DEBUG] VALIDATION - Starting wrapper validation for package: tfsec
2025-09-27 06:38:38.522 [DEBUG] VALIDATION -   Wrapper validation passed for tfsec
2025-09-27 06:38:38.522 [INFO] PORTX - Processing: tinycc
2025-09-27 06:38:38.524 [DEBUG] PORTX - Validating package: tinycc
2025-09-27 06:38:38.528 [DEBUG] PORTX - Package tinycc validation passed
2025-09-27 06:38:38.530 [INFO] PORTX -   Import type: wrap
2025-09-27 06:38:38.531 [INFO] PORTX -   WRAP: tinycc
2025-09-27 06:38:38.532 [DEBUG] PORTX - Processing tool: tcc, path: tcc.exe
2025-09-27 06:38:38.533 [DEBUG] PORTX - About to create bash wrapper with: PackageName=tinycc, ToolName=tcc, ExecutablePath=tcc.exe, DefaultArgs=''
2025-09-27 06:38:38.534 [DEBUG] PORTX - New-UniversalBashWrapper called with PackageName='tinycc', ToolName='tcc'
2025-09-27 06:38:38.535 [DEBUG] SANITIZE - Sanitizing file: C:\App\PORTX\wrappers\posix\tcc
2025-09-27 06:38:38.537 [DEBUG] SANITIZE - File sanitized: C:\App\PORTX\wrappers\posix\tcc
2025-09-27 06:38:38.538 [DEBUG] PORTX - Created universal bash wrapper: C:\App\PORTX\wrappers\posix\tcc
2025-09-27 06:38:38.539 [DEBUG] PORTX - New-UniversalCmdWrapper called with PackageName='tinycc', ToolName='tcc'
2025-09-27 06:38:38.541 [DEBUG] PORTX - Created universal CMD wrapper: C:\App\PORTX\wrappers\windows\tcc.cmd
2025-09-27 06:38:38.542 [DEBUG] PORTX - About to create Go wrapper with: PackageName=tinycc, ToolName=tcc, ExecutablePath=tcc.exe, DefaultArgs=''
2025-09-27 06:38:38.543 [DEBUG] PORTX - Processing tool: tiny-impdef, path: tiny_impdef.exe
2025-09-27 06:38:38.544 [DEBUG] PORTX - About to create bash wrapper with: PackageName=tinycc, ToolName=tiny-impdef, ExecutablePath=tiny_impdef.exe, DefaultArgs=''
2025-09-27 06:38:38.545 [DEBUG] PORTX - New-UniversalBashWrapper called with PackageName='tinycc', ToolName='tiny-impdef'
2025-09-27 06:38:38.546 [DEBUG] SANITIZE - Sanitizing file: C:\App\PORTX\wrappers\posix\tiny-impdef
2025-09-27 06:38:38.548 [DEBUG] SANITIZE - File sanitized: C:\App\PORTX\wrappers\posix\tiny-impdef
2025-09-27 06:38:38.549 [DEBUG] PORTX - Created universal bash wrapper: C:\App\PORTX\wrappers\posix\tiny-impdef
2025-09-27 06:38:38.550 [DEBUG] PORTX - New-UniversalCmdWrapper called with PackageName='tinycc', ToolName='tiny-impdef'
2025-09-27 06:38:38.552 [DEBUG] PORTX - Created universal CMD wrapper: C:\App\PORTX\wrappers\windows\tiny-impdef.cmd
2025-09-27 06:38:38.553 [DEBUG] PORTX - About to create Go wrapper with: PackageName=tinycc, ToolName=tiny-impdef, ExecutablePath=tiny_impdef.exe, DefaultArgs=''
2025-09-27 06:38:38.554 [DEBUG] PORTX - Processing tool: tiny-libmaker, path: tiny_libmaker.exe
2025-09-27 06:38:38.555 [DEBUG] PORTX - About to create bash wrapper with: PackageName=tinycc, ToolName=tiny-libmaker, ExecutablePath=tiny_libmaker.exe, DefaultArgs=''
2025-09-27 06:38:38.556 [DEBUG] PORTX - New-UniversalBashWrapper called with PackageName='tinycc', ToolName='tiny-libmaker'
2025-09-27 06:38:38.557 [DEBUG] SANITIZE - Sanitizing file: C:\App\PORTX\wrappers\posix\tiny-libmaker
2025-09-27 06:38:38.559 [DEBUG] SANITIZE - File sanitized: C:\App\PORTX\wrappers\posix\tiny-libmaker
2025-09-27 06:38:38.559 [DEBUG] PORTX - Created universal bash wrapper: C:\App\PORTX\wrappers\posix\tiny-libmaker
2025-09-27 06:38:38.560 [DEBUG] PORTX - New-UniversalCmdWrapper called with PackageName='tinycc', ToolName='tiny-libmaker'
2025-09-27 06:38:38.562 [DEBUG] PORTX - Created universal CMD wrapper: C:\App\PORTX\wrappers\windows\tiny-libmaker.cmd
2025-09-27 06:38:38.563 [DEBUG] PORTX - About to create Go wrapper with: PackageName=tinycc, ToolName=tiny-libmaker, ExecutablePath=tiny_libmaker.exe, DefaultArgs=''
2025-09-27 06:38:38.564 [INFO] PORTX -   Created 3 wrappers for tinycc
2025-09-27 06:38:38.566 [DEBUG] VALIDATION - Starting wrapper validation for package: tinycc
2025-09-27 06:38:38.567 [DEBUG] VALIDATION -   Wrapper validation passed for tinycc
2025-09-27 06:38:38.568 [INFO] PORTX - Processing: tokei
2025-09-27 06:38:38.569 [DEBUG] PORTX - Validating package: tokei
2025-09-27 06:38:38.572 [DEBUG] PORTX - Package tokei validation passed
2025-09-27 06:38:38.573 [INFO] PORTX -   Import type: wrap
2025-09-27 06:38:38.574 [INFO] PORTX -   WRAP: tokei
2025-09-27 06:38:38.575 [DEBUG] PORTX - Processing tool: tokei, path: tokei.exe
2025-09-27 06:38:38.576 [DEBUG] PORTX - About to create bash wrapper with: PackageName=tokei, ToolName=tokei, ExecutablePath=tokei.exe, DefaultArgs=''
2025-09-27 06:38:38.577 [DEBUG] PORTX - New-UniversalBashWrapper called with PackageName='tokei', ToolName='tokei'
2025-09-27 06:38:38.578 [DEBUG] SANITIZE - Sanitizing file: C:\App\PORTX\wrappers\posix\tokei
2025-09-27 06:38:38.580 [DEBUG] SANITIZE - File sanitized: C:\App\PORTX\wrappers\posix\tokei
2025-09-27 06:38:38.582 [DEBUG] PORTX - Created universal bash wrapper: C:\App\PORTX\wrappers\posix\tokei
2025-09-27 06:38:38.583 [DEBUG] PORTX - New-UniversalCmdWrapper called with PackageName='tokei', ToolName='tokei'
2025-09-27 06:38:38.585 [DEBUG] PORTX - Created universal CMD wrapper: C:\App\PORTX\wrappers\windows\tokei.cmd
2025-09-27 06:38:38.586 [DEBUG] PORTX - About to create Go wrapper with: PackageName=tokei, ToolName=tokei, ExecutablePath=tokei.exe, DefaultArgs=''
2025-09-27 06:38:38.587 [INFO] PORTX -   Created 1 wrappers for tokei
2025-09-27 06:38:38.589 [DEBUG] VALIDATION - Starting wrapper validation for package: tokei
2025-09-27 06:38:38.590 [DEBUG] VALIDATION -   Wrapper validation passed for tokei
2025-09-27 06:38:38.590 [INFO] PORTX - Processing: tre
2025-09-27 06:38:38.592 [DEBUG] PORTX - Validating package: tre
2025-09-27 06:38:38.594 [DEBUG] PORTX - Package tre validation passed
2025-09-27 06:38:38.596 [INFO] PORTX -   Import type: wrap
2025-09-27 06:38:38.597 [INFO] PORTX -   WRAP: tre
2025-09-27 06:38:38.598 [DEBUG] PORTX - Processing tool: tre, path: tre.exe
2025-09-27 06:38:38.598 [DEBUG] PORTX - About to create bash wrapper with: PackageName=tre, ToolName=tre, ExecutablePath=tre.exe, DefaultArgs=''
2025-09-27 06:38:38.599 [DEBUG] PORTX - New-UniversalBashWrapper called with PackageName='tre', ToolName='tre'
2025-09-27 06:38:38.601 [DEBUG] SANITIZE - Sanitizing file: C:\App\PORTX\wrappers\posix\tre
2025-09-27 06:38:38.602 [DEBUG] SANITIZE - File sanitized: C:\App\PORTX\wrappers\posix\tre
2025-09-27 06:38:38.603 [DEBUG] PORTX - Created universal bash wrapper: C:\App\PORTX\wrappers\posix\tre
2025-09-27 06:38:38.604 [DEBUG] PORTX - New-UniversalCmdWrapper called with PackageName='tre', ToolName='tre'
2025-09-27 06:38:38.606 [DEBUG] PORTX - Created universal CMD wrapper: C:\App\PORTX\wrappers\windows\tre.cmd
2025-09-27 06:38:38.607 [DEBUG] PORTX - About to create Go wrapper with: PackageName=tre, ToolName=tre, ExecutablePath=tre.exe, DefaultArgs=''
2025-09-27 06:38:38.608 [INFO] PORTX -   Created 1 wrappers for tre
2025-09-27 06:38:38.609 [DEBUG] VALIDATION - Starting wrapper validation for package: tre
2025-09-27 06:38:38.610 [DEBUG] VALIDATION -   Wrapper validation passed for tre
2025-09-27 06:38:38.611 [INFO] PORTX - Processing: treesitter
2025-09-27 06:38:38.612 [DEBUG] PORTX - Validating package: treesitter
2025-09-27 06:38:38.616 [DEBUG] PORTX - Package treesitter validation passed
2025-09-27 06:38:38.617 [INFO] PORTX -   Import type: wrap
2025-09-27 06:38:38.618 [INFO] PORTX -   WRAP: treesitter
2025-09-27 06:38:38.619 [DEBUG] PORTX - Processing tool: treesitter-parse, path: treesitter-parse.cmd
2025-09-27 06:38:38.620 [DEBUG] PORTX - About to create bash wrapper with: PackageName=treesitter, ToolName=treesitter-parse, ExecutablePath=treesitter-parse.cmd, DefaultArgs=''
2025-09-27 06:38:38.621 [DEBUG] PORTX - New-UniversalBashWrapper called with PackageName='treesitter', ToolName='treesitter-parse'
2025-09-27 06:38:38.622 [DEBUG] SANITIZE - Sanitizing file: C:\App\PORTX\wrappers\posix\treesitter-parse
2025-09-27 06:38:38.624 [DEBUG] SANITIZE - File sanitized: C:\App\PORTX\wrappers\posix\treesitter-parse
2025-09-27 06:38:38.625 [DEBUG] PORTX - Created universal bash wrapper: C:\App\PORTX\wrappers\posix\treesitter-parse
2025-09-27 06:38:38.626 [DEBUG] PORTX - New-UniversalCmdWrapper called with PackageName='treesitter', ToolName='treesitter-parse'
2025-09-27 06:38:38.628 [DEBUG] PORTX - Created universal CMD wrapper: C:\App\PORTX\wrappers\windows\treesitter-parse.cmd
2025-09-27 06:38:38.629 [DEBUG] PORTX - About to create Go wrapper with: PackageName=treesitter, ToolName=treesitter-parse, ExecutablePath=treesitter-parse.cmd, DefaultArgs=''
2025-09-27 06:38:38.630 [DEBUG] PORTX - Processing tool: treesitter-parse-fallback, path: treesitter-parse-fallback.cmd
2025-09-27 06:38:38.631 [DEBUG] PORTX - About to create bash wrapper with: PackageName=treesitter, ToolName=treesitter-parse-fallback, ExecutablePath=treesitter-parse-fallback.cmd, DefaultArgs=''
2025-09-27 06:38:38.632 [DEBUG] PORTX - New-UniversalBashWrapper called with PackageName='treesitter', ToolName='treesitter-parse-fallback'
2025-09-27 06:38:38.633 [DEBUG] SANITIZE - Sanitizing file: C:\App\PORTX\wrappers\posix\treesitter-parse-fallback
2025-09-27 06:38:38.635 [DEBUG] SANITIZE - File sanitized: C:\App\PORTX\wrappers\posix\treesitter-parse-fallback
2025-09-27 06:38:38.636 [DEBUG] PORTX - Created universal bash wrapper: C:\App\PORTX\wrappers\posix\treesitter-parse-fallback
2025-09-27 06:38:38.637 [DEBUG] PORTX - New-UniversalCmdWrapper called with PackageName='treesitter', ToolName='treesitter-parse-fallback'
2025-09-27 06:38:38.639 [DEBUG] PORTX - Created universal CMD wrapper: C:\App\PORTX\wrappers\windows\treesitter-parse-fallback.cmd
2025-09-27 06:38:38.639 [DEBUG] PORTX - About to create Go wrapper with: PackageName=treesitter, ToolName=treesitter-parse-fallback, ExecutablePath=treesitter-parse-fallback.cmd, DefaultArgs=''
2025-09-27 06:38:38.640 [INFO] PORTX -   Created 2 wrappers for treesitter
2025-09-27 06:38:38.642 [DEBUG] VALIDATION - Starting wrapper validation for package: treesitter
2025-09-27 06:38:38.643 [DEBUG] VALIDATION -   Wrapper validation passed for treesitter
2025-09-27 06:38:38.644 [INFO] PORTX - Processing: trippy
2025-09-27 06:38:38.645 [DEBUG] PORTX - Validating package: trippy
2025-09-27 06:38:38.647 [DEBUG] PORTX - Package trippy validation passed
2025-09-27 06:38:38.649 [INFO] PORTX -   Import type: wrap
2025-09-27 06:38:38.650 [INFO] PORTX -   WRAP: trippy
2025-09-27 06:38:38.651 [DEBUG] PORTX - Processing tool: trippy, path: trip.exe
2025-09-27 06:38:38.652 [DEBUG] PORTX - About to create bash wrapper with: PackageName=trippy, ToolName=trippy, ExecutablePath=trip.exe, DefaultArgs=''
2025-09-27 06:38:38.652 [DEBUG] PORTX - New-UniversalBashWrapper called with PackageName='trippy', ToolName='trippy'
2025-09-27 06:38:38.654 [DEBUG] SANITIZE - Sanitizing file: C:\App\PORTX\wrappers\posix\trippy
2025-09-27 06:38:38.655 [DEBUG] SANITIZE - File sanitized: C:\App\PORTX\wrappers\posix\trippy
2025-09-27 06:38:38.656 [DEBUG] PORTX - Created universal bash wrapper: C:\App\PORTX\wrappers\posix\trippy
2025-09-27 06:38:38.657 [DEBUG] PORTX - New-UniversalCmdWrapper called with PackageName='trippy', ToolName='trippy'
2025-09-27 06:38:38.659 [DEBUG] PORTX - Created universal CMD wrapper: C:\App\PORTX\wrappers\windows\trippy.cmd
2025-09-27 06:38:38.660 [DEBUG] PORTX - About to create Go wrapper with: PackageName=trippy, ToolName=trippy, ExecutablePath=trip.exe, DefaultArgs=''
2025-09-27 06:38:38.663 [INFO] PORTX -   Created 1 wrappers for trippy
2025-09-27 06:38:38.664 [DEBUG] VALIDATION - Starting wrapper validation for package: trippy
2025-09-27 06:38:38.665 [DEBUG] VALIDATION -   Wrapper validation passed for trippy
2025-09-27 06:38:38.666 [INFO] PORTX - Processing: trivy
2025-09-27 06:38:38.667 [DEBUG] PORTX - Validating package: trivy
2025-09-27 06:38:38.670 [DEBUG] PORTX - Package trivy validation passed
2025-09-27 06:38:38.672 [INFO] PORTX -   Import type: wrap
2025-09-27 06:38:38.673 [INFO] PORTX -   WRAP: trivy
2025-09-27 06:38:38.674 [DEBUG] PORTX - Processing tool: trivy, path: trivy.exe
2025-09-27 06:38:38.674 [DEBUG] PORTX - About to create bash wrapper with: PackageName=trivy, ToolName=trivy, ExecutablePath=trivy.exe, DefaultArgs=''
2025-09-27 06:38:38.675 [DEBUG] PORTX - New-UniversalBashWrapper called with PackageName='trivy', ToolName='trivy'
2025-09-27 06:38:38.677 [DEBUG] SANITIZE - Sanitizing file: C:\App\PORTX\wrappers\posix\trivy
2025-09-27 06:38:38.678 [DEBUG] SANITIZE - File sanitized: C:\App\PORTX\wrappers\posix\trivy
2025-09-27 06:38:38.679 [DEBUG] PORTX - Created universal bash wrapper: C:\App\PORTX\wrappers\posix\trivy
2025-09-27 06:38:38.680 [DEBUG] PORTX - New-UniversalCmdWrapper called with PackageName='trivy', ToolName='trivy'
2025-09-27 06:38:38.682 [DEBUG] PORTX - Created universal CMD wrapper: C:\App\PORTX\wrappers\windows\trivy.cmd
2025-09-27 06:38:38.683 [DEBUG] PORTX - About to create Go wrapper with: PackageName=trivy, ToolName=trivy, ExecutablePath=trivy.exe, DefaultArgs=''
2025-09-27 06:38:38.684 [INFO] PORTX -   Created 1 wrappers for trivy
2025-09-27 06:38:38.685 [DEBUG] VALIDATION - Starting wrapper validation for package: trivy
2025-09-27 06:38:38.686 [DEBUG] VALIDATION -   Wrapper validation passed for trivy
2025-09-27 06:38:38.687 [INFO] PORTX - Processing: trufflehog
2025-09-27 06:38:38.688 [DEBUG] PORTX - Validating package: trufflehog
2025-09-27 06:38:38.691 [DEBUG] PORTX - Package trufflehog validation passed
2025-09-27 06:38:38.692 [INFO] PORTX -   Import type: wrap
2025-09-27 06:38:38.693 [INFO] PORTX -   WRAP: trufflehog
2025-09-27 06:38:38.694 [DEBUG] PORTX - Processing tool: trufflehog, path: trufflehog.exe
2025-09-27 06:38:38.695 [DEBUG] PORTX - About to create bash wrapper with: PackageName=trufflehog, ToolName=trufflehog, ExecutablePath=trufflehog.exe, DefaultArgs=''
2025-09-27 06:38:38.696 [DEBUG] PORTX - New-UniversalBashWrapper called with PackageName='trufflehog', ToolName='trufflehog'
2025-09-27 06:38:38.697 [DEBUG] SANITIZE - Sanitizing file: C:\App\PORTX\wrappers\posix\trufflehog
2025-09-27 06:38:38.699 [DEBUG] SANITIZE - File sanitized: C:\App\PORTX\wrappers\posix\trufflehog
2025-09-27 06:38:38.700 [DEBUG] PORTX - Created universal bash wrapper: C:\App\PORTX\wrappers\posix\trufflehog
2025-09-27 06:38:38.701 [DEBUG] PORTX - New-UniversalCmdWrapper called with PackageName='trufflehog', ToolName='trufflehog'
2025-09-27 06:38:38.703 [DEBUG] PORTX - Created universal CMD wrapper: C:\App\PORTX\wrappers\windows\trufflehog.cmd
2025-09-27 06:38:38.704 [DEBUG] PORTX - About to create Go wrapper with: PackageName=trufflehog, ToolName=trufflehog, ExecutablePath=trufflehog.exe, DefaultArgs=''
2025-09-27 06:38:38.705 [INFO] PORTX -   Created 1 wrappers for trufflehog
2025-09-27 06:38:38.706 [DEBUG] VALIDATION - Starting wrapper validation for package: trufflehog
2025-09-27 06:38:38.707 [DEBUG] VALIDATION -   Wrapper validation passed for trufflehog
2025-09-27 06:38:38.708 [INFO] PORTX - Processing: uefitools
2025-09-27 06:38:38.709 [DEBUG] PORTX - Validating package: uefitools
2025-09-27 06:38:38.713 [DEBUG] PORTX - Package uefitools validation passed
2025-09-27 06:38:38.714 [INFO] PORTX -   Import type: wrap
2025-09-27 06:38:38.715 [INFO] PORTX -   WRAP: uefitools
2025-09-27 06:38:38.716 [DEBUG] PORTX - Processing tool: uefi-extract, path: UEFIExtract.exe
2025-09-27 06:38:38.717 [DEBUG] PORTX - About to create bash wrapper with: PackageName=uefitools, ToolName=uefi-extract, ExecutablePath=UEFIExtract.exe, DefaultArgs=''
2025-09-27 06:38:38.718 [DEBUG] PORTX - New-UniversalBashWrapper called with PackageName='uefitools', ToolName='uefi-extract'
2025-09-27 06:38:38.719 [DEBUG] SANITIZE - Sanitizing file: C:\App\PORTX\wrappers\posix\uefi-extract
2025-09-27 06:38:38.721 [DEBUG] SANITIZE - File sanitized: C:\App\PORTX\wrappers\posix\uefi-extract
2025-09-27 06:38:38.722 [DEBUG] PORTX - Created universal bash wrapper: C:\App\PORTX\wrappers\posix\uefi-extract
2025-09-27 06:38:38.723 [DEBUG] PORTX - New-UniversalCmdWrapper called with PackageName='uefitools', ToolName='uefi-extract'
2025-09-27 06:38:38.725 [DEBUG] PORTX - Created universal CMD wrapper: C:\App\PORTX\wrappers\windows\uefi-extract.cmd
2025-09-27 06:38:38.726 [DEBUG] PORTX - About to create Go wrapper with: PackageName=uefitools, ToolName=uefi-extract, ExecutablePath=UEFIExtract.exe, DefaultArgs=''
2025-09-27 06:38:38.726 [DEBUG] PORTX - Processing tool: uefi-find, path: UEFIFind.exe
2025-09-27 06:38:38.727 [DEBUG] PORTX - About to create bash wrapper with: PackageName=uefitools, ToolName=uefi-find, ExecutablePath=UEFIFind.exe, DefaultArgs=''
2025-09-27 06:38:38.728 [DEBUG] PORTX - New-UniversalBashWrapper called with PackageName='uefitools', ToolName='uefi-find'
2025-09-27 06:38:38.729 [DEBUG] SANITIZE - Sanitizing file: C:\App\PORTX\wrappers\posix\uefi-find
2025-09-27 06:38:38.731 [DEBUG] SANITIZE - File sanitized: C:\App\PORTX\wrappers\posix\uefi-find
2025-09-27 06:38:38.732 [DEBUG] PORTX - Created universal bash wrapper: C:\App\PORTX\wrappers\posix\uefi-find
2025-09-27 06:38:38.733 [DEBUG] PORTX - New-UniversalCmdWrapper called with PackageName='uefitools', ToolName='uefi-find'
2025-09-27 06:38:38.735 [DEBUG] PORTX - Created universal CMD wrapper: C:\App\PORTX\wrappers\windows\uefi-find.cmd
2025-09-27 06:38:38.736 [DEBUG] PORTX - About to create Go wrapper with: PackageName=uefitools, ToolName=uefi-find, ExecutablePath=UEFIFind.exe, DefaultArgs=''
2025-09-27 06:38:38.737 [INFO] PORTX -   Created 2 wrappers for uefitools
2025-09-27 06:38:38.738 [DEBUG] VALIDATION - Starting wrapper validation for package: uefitools
2025-09-27 06:38:38.739 [DEBUG] VALIDATION -   Wrapper validation passed for uefitools
2025-09-27 06:38:38.740 [INFO] PORTX - Processing: upx
2025-09-27 06:38:38.743 [DEBUG] PORTX - Validating package: upx
2025-09-27 06:38:38.746 [DEBUG] PORTX - Package upx validation passed
2025-09-27 06:38:38.748 [INFO] PORTX -   Import type: wrap
2025-09-27 06:38:38.749 [INFO] PORTX -   WRAP: upx
2025-09-27 06:38:38.750 [DEBUG] PORTX - Processing tool: upx, path: upx.exe
2025-09-27 06:38:38.751 [DEBUG] PORTX - About to create bash wrapper with: PackageName=upx, ToolName=upx, ExecutablePath=upx.exe, DefaultArgs=''
2025-09-27 06:38:38.752 [DEBUG] PORTX - New-UniversalBashWrapper called with PackageName='upx', ToolName='upx'
2025-09-27 06:38:38.753 [DEBUG] SANITIZE - Sanitizing file: C:\App\PORTX\wrappers\posix\upx
2025-09-27 06:38:38.755 [DEBUG] SANITIZE - File sanitized: C:\App\PORTX\wrappers\posix\upx
2025-09-27 06:38:38.756 [DEBUG] PORTX - Created universal bash wrapper: C:\App\PORTX\wrappers\posix\upx
2025-09-27 06:38:38.757 [DEBUG] PORTX - New-UniversalCmdWrapper called with PackageName='upx', ToolName='upx'
2025-09-27 06:38:38.759 [DEBUG] PORTX - Created universal CMD wrapper: C:\App\PORTX\wrappers\windows\upx.cmd
2025-09-27 06:38:38.760 [DEBUG] PORTX - About to create Go wrapper with: PackageName=upx, ToolName=upx, ExecutablePath=upx.exe, DefaultArgs=''
2025-09-27 06:38:38.761 [INFO] PORTX -   Created 1 wrappers for upx
2025-09-27 06:38:38.762 [DEBUG] VALIDATION - Starting wrapper validation for package: upx
2025-09-27 06:38:38.763 [DEBUG] VALIDATION -   Wrapper validation passed for upx
2025-09-27 06:38:38.764 [INFO] PORTX - Processing: usql
2025-09-27 06:38:38.765 [DEBUG] PORTX - Validating package: usql
2025-09-27 06:38:38.768 [DEBUG] PORTX - Package usql validation passed
2025-09-27 06:38:38.769 [INFO] PORTX -   Import type: wrap
2025-09-27 06:38:38.770 [INFO] PORTX -   WRAP: usql
2025-09-27 06:38:38.771 [DEBUG] PORTX - Processing tool: usql, path: usql.exe
2025-09-27 06:38:38.772 [DEBUG] PORTX - About to create bash wrapper with: PackageName=usql, ToolName=usql, ExecutablePath=usql.exe, DefaultArgs=''
2025-09-27 06:38:38.773 [DEBUG] PORTX - New-UniversalBashWrapper called with PackageName='usql', ToolName='usql'
2025-09-27 06:38:38.775 [DEBUG] SANITIZE - Sanitizing file: C:\App\PORTX\wrappers\posix\usql
2025-09-27 06:38:38.776 [DEBUG] SANITIZE - File sanitized: C:\App\PORTX\wrappers\posix\usql
2025-09-27 06:38:38.777 [DEBUG] PORTX - Created universal bash wrapper: C:\App\PORTX\wrappers\posix\usql
2025-09-27 06:38:38.778 [DEBUG] PORTX - New-UniversalCmdWrapper called with PackageName='usql', ToolName='usql'
2025-09-27 06:38:38.780 [DEBUG] PORTX - Created universal CMD wrapper: C:\App\PORTX\wrappers\windows\usql.cmd
2025-09-27 06:38:38.781 [DEBUG] PORTX - About to create Go wrapper with: PackageName=usql, ToolName=usql, ExecutablePath=usql.exe, DefaultArgs=''
2025-09-27 06:38:38.782 [INFO] PORTX -   Created 1 wrappers for usql
2025-09-27 06:38:38.783 [DEBUG] VALIDATION - Starting wrapper validation for package: usql
2025-09-27 06:38:38.785 [DEBUG] VALIDATION -   Wrapper validation passed for usql
2025-09-27 06:38:38.786 [INFO] PORTX - Processing: vegeta
2025-09-27 06:38:38.787 [DEBUG] PORTX - Validating package: vegeta
2025-09-27 06:38:38.790 [DEBUG] PORTX - Package vegeta validation passed
2025-09-27 06:38:38.791 [INFO] PORTX -   Import type: wrap
2025-09-27 06:38:38.792 [INFO] PORTX -   WRAP: vegeta
2025-09-27 06:38:38.793 [DEBUG] PORTX - Processing tool: vegeta, path: vegeta.exe
2025-09-27 06:38:38.794 [DEBUG] PORTX - About to create bash wrapper with: PackageName=vegeta, ToolName=vegeta, ExecutablePath=vegeta.exe, DefaultArgs=''
2025-09-27 06:38:38.795 [DEBUG] PORTX - New-UniversalBashWrapper called with PackageName='vegeta', ToolName='vegeta'
2025-09-27 06:38:38.796 [DEBUG] SANITIZE - Sanitizing file: C:\App\PORTX\wrappers\posix\vegeta
2025-09-27 06:38:38.798 [DEBUG] SANITIZE - File sanitized: C:\App\PORTX\wrappers\posix\vegeta
2025-09-27 06:38:38.799 [DEBUG] PORTX - Created universal bash wrapper: C:\App\PORTX\wrappers\posix\vegeta
2025-09-27 06:38:38.800 [DEBUG] PORTX - New-UniversalCmdWrapper called with PackageName='vegeta', ToolName='vegeta'
2025-09-27 06:38:38.802 [DEBUG] PORTX - Created universal CMD wrapper: C:\App\PORTX\wrappers\windows\vegeta.cmd
2025-09-27 06:38:38.803 [DEBUG] PORTX - About to create Go wrapper with: PackageName=vegeta, ToolName=vegeta, ExecutablePath=vegeta.exe, DefaultArgs=''
2025-09-27 06:38:38.804 [INFO] PORTX -   Created 1 wrappers for vegeta
2025-09-27 06:38:38.805 [DEBUG] VALIDATION - Starting wrapper validation for package: vegeta
2025-09-27 06:38:38.806 [DEBUG] VALIDATION -   Wrapper validation passed for vegeta
2025-09-27 06:38:38.807 [INFO] PORTX - Processing: vhs
2025-09-27 06:38:38.808 [DEBUG] PORTX - Validating package: vhs
2025-09-27 06:38:38.811 [DEBUG] PORTX - Package vhs validation passed
2025-09-27 06:38:38.812 [INFO] PORTX -   Import type: wrap
2025-09-27 06:38:38.813 [INFO] PORTX -   WRAP: vhs
2025-09-27 06:38:38.814 [DEBUG] PORTX - Processing tool: vhs, path: vhs.exe
2025-09-27 06:38:38.815 [DEBUG] PORTX - About to create bash wrapper with: PackageName=vhs, ToolName=vhs, ExecutablePath=vhs.exe, DefaultArgs=''
2025-09-27 06:38:38.816 [DEBUG] PORTX - New-UniversalBashWrapper called with PackageName='vhs', ToolName='vhs'
2025-09-27 06:38:38.817 [DEBUG] SANITIZE - Sanitizing file: C:\App\PORTX\wrappers\posix\vhs
2025-09-27 06:38:38.819 [DEBUG] SANITIZE - File sanitized: C:\App\PORTX\wrappers\posix\vhs
2025-09-27 06:38:38.820 [DEBUG] PORTX - Created universal bash wrapper: C:\App\PORTX\wrappers\posix\vhs
2025-09-27 06:38:38.821 [DEBUG] PORTX - New-UniversalCmdWrapper called with PackageName='vhs', ToolName='vhs'
2025-09-27 06:38:38.823 [DEBUG] PORTX - Created universal CMD wrapper: C:\App\PORTX\wrappers\windows\vhs.cmd
2025-09-27 06:38:38.824 [DEBUG] PORTX - About to create Go wrapper with: PackageName=vhs, ToolName=vhs, ExecutablePath=vhs.exe, DefaultArgs=''
2025-09-27 06:38:38.827 [INFO] PORTX -   Created 1 wrappers for vhs
2025-09-27 06:38:38.828 [DEBUG] VALIDATION - Starting wrapper validation for package: vhs
2025-09-27 06:38:38.829 [DEBUG] VALIDATION -   Wrapper validation passed for vhs
2025-09-27 06:38:38.830 [INFO] PORTX - Processing: viu
2025-09-27 06:38:38.831 [DEBUG] PORTX - Validating package: viu
2025-09-27 06:38:38.834 [DEBUG] PORTX - Package viu validation passed
2025-09-27 06:38:38.835 [INFO] PORTX -   Import type: wrap
2025-09-27 06:38:38.836 [INFO] PORTX -   WRAP: viu
2025-09-27 06:38:38.837 [DEBUG] PORTX - Processing tool: viu, path: viu.exe
2025-09-27 06:38:38.838 [DEBUG] PORTX - About to create bash wrapper with: PackageName=viu, ToolName=viu, ExecutablePath=viu.exe, DefaultArgs=''
2025-09-27 06:38:38.839 [DEBUG] PORTX - New-UniversalBashWrapper called with PackageName='viu', ToolName='viu'
2025-09-27 06:38:38.841 [DEBUG] SANITIZE - Sanitizing file: C:\App\PORTX\wrappers\posix\viu
2025-09-27 06:38:38.842 [DEBUG] SANITIZE - File sanitized: C:\App\PORTX\wrappers\posix\viu
2025-09-27 06:38:38.843 [DEBUG] PORTX - Created universal bash wrapper: C:\App\PORTX\wrappers\posix\viu
2025-09-27 06:38:38.844 [DEBUG] PORTX - New-UniversalCmdWrapper called with PackageName='viu', ToolName='viu'
2025-09-27 06:38:38.846 [DEBUG] PORTX - Created universal CMD wrapper: C:\App\PORTX\wrappers\windows\viu.cmd
2025-09-27 06:38:38.847 [DEBUG] PORTX - About to create Go wrapper with: PackageName=viu, ToolName=viu, ExecutablePath=viu.exe, DefaultArgs=''
2025-09-27 06:38:38.848 [INFO] PORTX -   Created 1 wrappers for viu
2025-09-27 06:38:38.849 [DEBUG] VALIDATION - Starting wrapper validation for package: viu
2025-09-27 06:38:38.850 [DEBUG] VALIDATION -   Wrapper validation passed for viu
2025-09-27 06:38:38.851 [INFO] PORTX - Processing: volatility
2025-09-27 06:38:38.852 [DEBUG] PORTX - Validating package: volatility
2025-09-27 06:38:38.855 [DEBUG] PORTX - Package volatility validation passed
2025-09-27 06:38:38.856 [INFO] PORTX -   Import type: wrap
2025-09-27 06:38:38.858 [INFO] PORTX -   WRAP: volatility
2025-09-27 06:38:38.859 [DEBUG] PORTX - Processing tool: vol, path: vol.exe
2025-09-27 06:38:38.860 [DEBUG] PORTX - About to create bash wrapper with: PackageName=volatility, ToolName=vol, ExecutablePath=vol.exe, DefaultArgs=''
2025-09-27 06:38:38.860 [DEBUG] PORTX - New-UniversalBashWrapper called with PackageName='volatility', ToolName='vol'
2025-09-27 06:38:38.862 [DEBUG] SANITIZE - Sanitizing file: C:\App\PORTX\wrappers\posix\vol
2025-09-27 06:38:38.864 [DEBUG] SANITIZE - File sanitized: C:\App\PORTX\wrappers\posix\vol
2025-09-27 06:38:38.865 [DEBUG] PORTX - Created universal bash wrapper: C:\App\PORTX\wrappers\posix\vol
2025-09-27 06:38:38.865 [DEBUG] PORTX - New-UniversalCmdWrapper called with PackageName='volatility', ToolName='vol'
2025-09-27 06:38:38.868 [DEBUG] PORTX - Created universal CMD wrapper: C:\App\PORTX\wrappers\windows\vol.cmd
2025-09-27 06:38:38.869 [DEBUG] PORTX - About to create Go wrapper with: PackageName=volatility, ToolName=vol, ExecutablePath=vol.exe, DefaultArgs=''
2025-09-27 06:38:38.870 [INFO] PORTX -   Created 1 wrappers for volatility
2025-09-27 06:38:38.871 [DEBUG] VALIDATION - Starting wrapper validation for package: volatility
2025-09-27 06:38:38.872 [DEBUG] VALIDATION -   Wrapper validation passed for volatility
2025-09-27 06:38:38.873 [INFO] PORTX - Processing: watchexec
2025-09-27 06:38:38.874 [DEBUG] PORTX - Validating package: watchexec
2025-09-27 06:38:38.877 [DEBUG] PORTX - Package watchexec validation passed
2025-09-27 06:38:38.878 [INFO] PORTX -   Import type: wrap
2025-09-27 06:38:38.880 [INFO] PORTX -   WRAP: watchexec
2025-09-27 06:38:38.880 [DEBUG] PORTX - Processing tool: watchexec, path: watchexec.exe
2025-09-27 06:38:38.881 [DEBUG] PORTX - About to create bash wrapper with: PackageName=watchexec, ToolName=watchexec, ExecutablePath=watchexec.exe, DefaultArgs=''
2025-09-27 06:38:38.882 [DEBUG] PORTX - New-UniversalBashWrapper called with PackageName='watchexec', ToolName='watchexec'
2025-09-27 06:38:38.884 [DEBUG] SANITIZE - Sanitizing file: C:\App\PORTX\wrappers\posix\watchexec
2025-09-27 06:38:38.885 [DEBUG] SANITIZE - File sanitized: C:\App\PORTX\wrappers\posix\watchexec
2025-09-27 06:38:38.886 [DEBUG] PORTX - Created universal bash wrapper: C:\App\PORTX\wrappers\posix\watchexec
2025-09-27 06:38:38.887 [DEBUG] PORTX - New-UniversalCmdWrapper called with PackageName='watchexec', ToolName='watchexec'
2025-09-27 06:38:38.889 [DEBUG] PORTX - Created universal CMD wrapper: C:\App\PORTX\wrappers\windows\watchexec.cmd
2025-09-27 06:38:38.890 [DEBUG] PORTX - About to create Go wrapper with: PackageName=watchexec, ToolName=watchexec, ExecutablePath=watchexec.exe, DefaultArgs=''
2025-09-27 06:38:38.891 [INFO] PORTX -   Created 1 wrappers for watchexec
2025-09-27 06:38:38.893 [DEBUG] VALIDATION - Starting wrapper validation for package: watchexec
2025-09-27 06:38:38.893 [DEBUG] VALIDATION -   Wrapper validation passed for watchexec
2025-09-27 06:38:38.894 [INFO] PORTX - Processing: wget
2025-09-27 06:38:38.896 [DEBUG] PORTX - Validating package: wget
2025-09-27 06:38:38.898 [DEBUG] PORTX - Package wget validation passed
2025-09-27 06:38:38.900 [INFO] PORTX -   Import type: wrap
2025-09-27 06:38:38.901 [INFO] PORTX -   WRAP: wget
2025-09-27 06:38:38.902 [DEBUG] PORTX - Processing tool: wget, path: wget.exe
2025-09-27 06:38:38.903 [DEBUG] PORTX - About to create bash wrapper with: PackageName=wget, ToolName=wget, ExecutablePath=wget.exe, DefaultArgs=''
2025-09-27 06:38:38.904 [DEBUG] PORTX - New-UniversalBashWrapper called with PackageName='wget', ToolName='wget'
2025-09-27 06:38:38.905 [DEBUG] SANITIZE - Sanitizing file: C:\App\PORTX\wrappers\posix\wget
2025-09-27 06:38:38.907 [DEBUG] SANITIZE - File sanitized: C:\App\PORTX\wrappers\posix\wget
2025-09-27 06:38:38.909 [DEBUG] PORTX - Created universal bash wrapper: C:\App\PORTX\wrappers\posix\wget
2025-09-27 06:38:38.910 [DEBUG] PORTX - New-UniversalCmdWrapper called with PackageName='wget', ToolName='wget'
2025-09-27 06:38:38.912 [DEBUG] PORTX - Created universal CMD wrapper: C:\App\PORTX\wrappers\windows\wget.cmd
2025-09-27 06:38:38.913 [DEBUG] PORTX - About to create Go wrapper with: PackageName=wget, ToolName=wget, ExecutablePath=wget.exe, DefaultArgs=''
2025-09-27 06:38:38.914 [INFO] PORTX -   Created 1 wrappers for wget
2025-09-27 06:38:38.915 [DEBUG] VALIDATION - Starting wrapper validation for package: wget
2025-09-27 06:38:38.916 [DEBUG] VALIDATION -   Wrapper validation passed for wget
2025-09-27 06:38:38.917 [INFO] PORTX - Processing: wireshark-cli
2025-09-27 06:38:38.918 [DEBUG] PORTX - Validating package: wireshark-cli
2025-09-27 06:38:38.923 [DEBUG] PORTX - Package wireshark-cli validation passed
2025-09-27 06:38:38.925 [INFO] PORTX -   Import type: wrap
2025-09-27 06:38:38.926 [INFO] PORTX -   WRAP: wireshark-cli
2025-09-27 06:38:38.927 [DEBUG] PORTX - Processing tool: tshark, path: tshark.exe
2025-09-27 06:38:38.927 [DEBUG] PORTX - About to create bash wrapper with: PackageName=wireshark-cli, ToolName=tshark, ExecutablePath=tshark.exe, DefaultArgs=''
2025-09-27 06:38:38.928 [DEBUG] PORTX - New-UniversalBashWrapper called with PackageName='wireshark-cli', ToolName='tshark'
2025-09-27 06:38:38.930 [DEBUG] SANITIZE - Sanitizing file: C:\App\PORTX\wrappers\posix\tshark
2025-09-27 06:38:38.931 [DEBUG] SANITIZE - File sanitized: C:\App\PORTX\wrappers\posix\tshark
2025-09-27 06:38:38.932 [DEBUG] PORTX - Created universal bash wrapper: C:\App\PORTX\wrappers\posix\tshark
2025-09-27 06:38:38.933 [DEBUG] PORTX - New-UniversalCmdWrapper called with PackageName='wireshark-cli', ToolName='tshark'
2025-09-27 06:38:38.935 [DEBUG] PORTX - Created universal CMD wrapper: C:\App\PORTX\wrappers\windows\tshark.cmd
2025-09-27 06:38:38.936 [DEBUG] PORTX - About to create Go wrapper with: PackageName=wireshark-cli, ToolName=tshark, ExecutablePath=tshark.exe, DefaultArgs=''
2025-09-27 06:38:38.937 [DEBUG] PORTX - Processing tool: dumpcap, path: dumpcap.exe
2025-09-27 06:38:38.938 [DEBUG] PORTX - About to create bash wrapper with: PackageName=wireshark-cli, ToolName=dumpcap, ExecutablePath=dumpcap.exe, DefaultArgs=''
2025-09-27 06:38:38.939 [DEBUG] PORTX - New-UniversalBashWrapper called with PackageName='wireshark-cli', ToolName='dumpcap'
2025-09-27 06:38:38.940 [DEBUG] SANITIZE - Sanitizing file: C:\App\PORTX\wrappers\posix\dumpcap
2025-09-27 06:38:38.942 [DEBUG] SANITIZE - File sanitized: C:\App\PORTX\wrappers\posix\dumpcap
2025-09-27 06:38:38.943 [DEBUG] PORTX - Created universal bash wrapper: C:\App\PORTX\wrappers\posix\dumpcap
2025-09-27 06:38:38.943 [DEBUG] PORTX - New-UniversalCmdWrapper called with PackageName='wireshark-cli', ToolName='dumpcap'
2025-09-27 06:38:38.945 [DEBUG] PORTX - Created universal CMD wrapper: C:\App\PORTX\wrappers\windows\dumpcap.cmd
2025-09-27 06:38:38.946 [DEBUG] PORTX - About to create Go wrapper with: PackageName=wireshark-cli, ToolName=dumpcap, ExecutablePath=dumpcap.exe, DefaultArgs=''
2025-09-27 06:38:38.947 [DEBUG] PORTX - Processing tool: capinfos, path: capinfos.exe
2025-09-27 06:38:38.948 [DEBUG] PORTX - About to create bash wrapper with: PackageName=wireshark-cli, ToolName=capinfos, ExecutablePath=capinfos.exe, DefaultArgs=''
2025-09-27 06:38:38.949 [DEBUG] PORTX - New-UniversalBashWrapper called with PackageName='wireshark-cli', ToolName='capinfos'
2025-09-27 06:38:38.950 [DEBUG] SANITIZE - Sanitizing file: C:\App\PORTX\wrappers\posix\capinfos
2025-09-27 06:38:38.952 [DEBUG] SANITIZE - File sanitized: C:\App\PORTX\wrappers\posix\capinfos
2025-09-27 06:38:38.953 [DEBUG] PORTX - Created universal bash wrapper: C:\App\PORTX\wrappers\posix\capinfos
2025-09-27 06:38:38.954 [DEBUG] PORTX - New-UniversalCmdWrapper called with PackageName='wireshark-cli', ToolName='capinfos'
2025-09-27 06:38:38.956 [DEBUG] PORTX - Created universal CMD wrapper: C:\App\PORTX\wrappers\windows\capinfos.cmd
2025-09-27 06:38:38.957 [DEBUG] PORTX - About to create Go wrapper with: PackageName=wireshark-cli, ToolName=capinfos, ExecutablePath=capinfos.exe, DefaultArgs=''
2025-09-27 06:38:38.958 [INFO] PORTX -   Created 3 wrappers for wireshark-cli
2025-09-27 06:38:38.959 [DEBUG] VALIDATION - Starting wrapper validation for package: wireshark-cli
2025-09-27 06:38:38.960 [DEBUG] VALIDATION -   Wrapper validation passed for wireshark-cli
2025-09-27 06:38:38.961 [INFO] PORTX - Processing: wrk
2025-09-27 06:38:38.963 [DEBUG] PORTX - Validating package: wrk
2025-09-27 06:38:38.965 [DEBUG] PORTX - Package wrk validation passed
2025-09-27 06:38:38.967 [INFO] PORTX -   Import type: wrap
2025-09-27 06:38:38.968 [INFO] PORTX -   WRAP: wrk
2025-09-27 06:38:38.969 [DEBUG] PORTX - Processing tool: wrk, path: go-wrk.exe
2025-09-27 06:38:38.970 [DEBUG] PORTX - About to create bash wrapper with: PackageName=wrk, ToolName=wrk, ExecutablePath=go-wrk.exe, DefaultArgs=''
2025-09-27 06:38:38.971 [DEBUG] PORTX - New-UniversalBashWrapper called with PackageName='wrk', ToolName='wrk'
2025-09-27 06:38:38.973 [DEBUG] SANITIZE - Sanitizing file: C:\App\PORTX\wrappers\posix\wrk
2025-09-27 06:38:38.974 [DEBUG] SANITIZE - File sanitized: C:\App\PORTX\wrappers\posix\wrk
2025-09-27 06:38:38.975 [DEBUG] PORTX - Created universal bash wrapper: C:\App\PORTX\wrappers\posix\wrk
2025-09-27 06:38:38.976 [DEBUG] PORTX - New-UniversalCmdWrapper called with PackageName='wrk', ToolName='wrk'
2025-09-27 06:38:38.978 [DEBUG] PORTX - Created universal CMD wrapper: C:\App\PORTX\wrappers\windows\wrk.cmd
2025-09-27 06:38:38.979 [DEBUG] PORTX - About to create Go wrapper with: PackageName=wrk, ToolName=wrk, ExecutablePath=go-wrk.exe, DefaultArgs=''
2025-09-27 06:38:38.980 [INFO] PORTX -   Created 1 wrappers for wrk
2025-09-27 06:38:38.982 [DEBUG] VALIDATION - Starting wrapper validation for package: wrk
2025-09-27 06:38:38.983 [DEBUG] VALIDATION -   Wrapper validation passed for wrk
2025-09-27 06:38:38.984 [INFO] PORTX - Processing: xh
2025-09-27 06:38:38.985 [DEBUG] PORTX - Validating package: xh
2025-09-27 06:38:38.988 [DEBUG] PORTX - Package xh validation passed
2025-09-27 06:38:38.989 [INFO] PORTX -   Import type: wrap
2025-09-27 06:38:38.992 [INFO] PORTX -   WRAP: xh
2025-09-27 06:38:38.993 [DEBUG] PORTX - Processing tool: xh, path: xh.exe
2025-09-27 06:38:38.993 [DEBUG] PORTX - About to create bash wrapper with: PackageName=xh, ToolName=xh, ExecutablePath=xh.exe, DefaultArgs=''
2025-09-27 06:38:38.994 [DEBUG] PORTX - New-UniversalBashWrapper called with PackageName='xh', ToolName='xh'
2025-09-27 06:38:38.996 [DEBUG] SANITIZE - Sanitizing file: C:\App\PORTX\wrappers\posix\xh
2025-09-27 06:38:38.997 [DEBUG] SANITIZE - File sanitized: C:\App\PORTX\wrappers\posix\xh
2025-09-27 06:38:38.998 [DEBUG] PORTX - Created universal bash wrapper: C:\App\PORTX\wrappers\posix\xh
2025-09-27 06:38:38.999 [DEBUG] PORTX - New-UniversalCmdWrapper called with PackageName='xh', ToolName='xh'
2025-09-27 06:38:39.001 [DEBUG] PORTX - Created universal CMD wrapper: C:\App\PORTX\wrappers\windows\xh.cmd
2025-09-27 06:38:39.002 [DEBUG] PORTX - About to create Go wrapper with: PackageName=xh, ToolName=xh, ExecutablePath=xh.exe, DefaultArgs=''
2025-09-27 06:38:39.003 [INFO] PORTX -   Created 1 wrappers for xh
2025-09-27 06:38:39.004 [DEBUG] VALIDATION - Starting wrapper validation for package: xh
2025-09-27 06:38:39.005 [DEBUG] VALIDATION -   Wrapper validation passed for xh
2025-09-27 06:38:39.006 [INFO] PORTX - Processing: xsv
2025-09-27 06:38:39.007 [DEBUG] PORTX - Validating package: xsv
2025-09-27 06:38:39.010 [DEBUG] PORTX - Package xsv validation passed
2025-09-27 06:38:39.012 [INFO] PORTX -   Import type: wrap
2025-09-27 06:38:39.013 [INFO] PORTX -   WRAP: xsv
2025-09-27 06:38:39.013 [DEBUG] PORTX - Processing tool: xsv, path: xsv.exe
2025-09-27 06:38:39.014 [DEBUG] PORTX - About to create bash wrapper with: PackageName=xsv, ToolName=xsv, ExecutablePath=xsv.exe, DefaultArgs=''
2025-09-27 06:38:39.015 [DEBUG] PORTX - New-UniversalBashWrapper called with PackageName='xsv', ToolName='xsv'
2025-09-27 06:38:39.017 [DEBUG] SANITIZE - Sanitizing file: C:\App\PORTX\wrappers\posix\xsv
2025-09-27 06:38:39.018 [DEBUG] SANITIZE - File sanitized: C:\App\PORTX\wrappers\posix\xsv
2025-09-27 06:38:39.019 [DEBUG] PORTX - Created universal bash wrapper: C:\App\PORTX\wrappers\posix\xsv
2025-09-27 06:38:39.020 [DEBUG] PORTX - New-UniversalCmdWrapper called with PackageName='xsv', ToolName='xsv'
2025-09-27 06:38:39.022 [DEBUG] PORTX - Created universal CMD wrapper: C:\App\PORTX\wrappers\windows\xsv.cmd
2025-09-27 06:38:39.023 [DEBUG] PORTX - About to create Go wrapper with: PackageName=xsv, ToolName=xsv, ExecutablePath=xsv.exe, DefaultArgs=''
2025-09-27 06:38:39.024 [INFO] PORTX -   Created 1 wrappers for xsv
2025-09-27 06:38:39.025 [DEBUG] VALIDATION - Starting wrapper validation for package: xsv
2025-09-27 06:38:39.026 [DEBUG] VALIDATION -   Wrapper validation passed for xsv
2025-09-27 06:38:39.027 [INFO] PORTX - Processing: yajsv
2025-09-27 06:38:39.028 [DEBUG] PORTX - Validating package: yajsv
2025-09-27 06:38:39.031 [DEBUG] PORTX - Package yajsv validation passed
2025-09-27 06:38:39.032 [INFO] PORTX -   Import type: wrap
2025-09-27 06:38:39.033 [INFO] PORTX -   WRAP: yajsv
2025-09-27 06:38:39.034 [DEBUG] PORTX - Processing tool: yajsv, path: yajsv.exe
2025-09-27 06:38:39.035 [DEBUG] PORTX - About to create bash wrapper with: PackageName=yajsv, ToolName=yajsv, ExecutablePath=yajsv.exe, DefaultArgs=''
2025-09-27 06:38:39.036 [DEBUG] PORTX - New-UniversalBashWrapper called with PackageName='yajsv', ToolName='yajsv'
2025-09-27 06:38:39.037 [DEBUG] SANITIZE - Sanitizing file: C:\App\PORTX\wrappers\posix\yajsv
2025-09-27 06:38:39.039 [DEBUG] SANITIZE - File sanitized: C:\App\PORTX\wrappers\posix\yajsv
2025-09-27 06:38:39.040 [DEBUG] PORTX - Created universal bash wrapper: C:\App\PORTX\wrappers\posix\yajsv
2025-09-27 06:38:39.040 [DEBUG] PORTX - New-UniversalCmdWrapper called with PackageName='yajsv', ToolName='yajsv'
2025-09-27 06:38:39.043 [DEBUG] PORTX - Created universal CMD wrapper: C:\App\PORTX\wrappers\windows\yajsv.cmd
2025-09-27 06:38:39.043 [DEBUG] PORTX - About to create Go wrapper with: PackageName=yajsv, ToolName=yajsv, ExecutablePath=yajsv.exe, DefaultArgs=''
2025-09-27 06:38:39.045 [INFO] PORTX -   Created 1 wrappers for yajsv
2025-09-27 06:38:39.046 [DEBUG] VALIDATION - Starting wrapper validation for package: yajsv
2025-09-27 06:38:39.047 [DEBUG] VALIDATION -   Wrapper validation passed for yajsv
2025-09-27 06:38:39.048 [INFO] PORTX - Processing: yara
2025-09-27 06:38:39.049 [DEBUG] PORTX - Validating package: yara
2025-09-27 06:38:39.053 [DEBUG] PORTX - Package yara validation passed
2025-09-27 06:38:39.054 [INFO] PORTX -   Import type: wrap
2025-09-27 06:38:39.055 [INFO] PORTX -   WRAP: yara
2025-09-27 06:38:39.056 [DEBUG] PORTX - Processing tool: yara32, path: yara32.exe
2025-09-27 06:38:39.057 [DEBUG] PORTX - About to create bash wrapper with: PackageName=yara, ToolName=yara32, ExecutablePath=yara32.exe, DefaultArgs=''
2025-09-27 06:38:39.058 [DEBUG] PORTX - New-UniversalBashWrapper called with PackageName='yara', ToolName='yara32'
2025-09-27 06:38:39.059 [DEBUG] SANITIZE - Sanitizing file: C:\App\PORTX\wrappers\posix\yara32
2025-09-27 06:38:39.060 [DEBUG] SANITIZE - File sanitized: C:\App\PORTX\wrappers\posix\yara32
2025-09-27 06:38:39.061 [DEBUG] PORTX - Created universal bash wrapper: C:\App\PORTX\wrappers\posix\yara32
2025-09-27 06:38:39.062 [DEBUG] PORTX - New-UniversalCmdWrapper called with PackageName='yara', ToolName='yara32'
2025-09-27 06:38:39.064 [DEBUG] PORTX - Created universal CMD wrapper: C:\App\PORTX\wrappers\windows\yara32.cmd
2025-09-27 06:38:39.065 [DEBUG] PORTX - About to create Go wrapper with: PackageName=yara, ToolName=yara32, ExecutablePath=yara32.exe, DefaultArgs=''
2025-09-27 06:38:39.066 [DEBUG] PORTX - Processing tool: yarac32, path: yarac32.exe
2025-09-27 06:38:39.067 [DEBUG] PORTX - About to create bash wrapper with: PackageName=yara, ToolName=yarac32, ExecutablePath=yarac32.exe, DefaultArgs=''
2025-09-27 06:38:39.068 [DEBUG] PORTX - New-UniversalBashWrapper called with PackageName='yara', ToolName='yarac32'
2025-09-27 06:38:39.071 [DEBUG] SANITIZE - Sanitizing file: C:\App\PORTX\wrappers\posix\yarac32
2025-09-27 06:38:39.073 [DEBUG] SANITIZE - File sanitized: C:\App\PORTX\wrappers\posix\yarac32
2025-09-27 06:38:39.074 [DEBUG] PORTX - Created universal bash wrapper: C:\App\PORTX\wrappers\posix\yarac32
2025-09-27 06:38:39.074 [DEBUG] PORTX - New-UniversalCmdWrapper called with PackageName='yara', ToolName='yarac32'
2025-09-27 06:38:39.076 [DEBUG] PORTX - Created universal CMD wrapper: C:\App\PORTX\wrappers\windows\yarac32.cmd
2025-09-27 06:38:39.077 [DEBUG] PORTX - About to create Go wrapper with: PackageName=yara, ToolName=yarac32, ExecutablePath=yarac32.exe, DefaultArgs=''
2025-09-27 06:38:39.078 [INFO] PORTX -   Created 2 wrappers for yara
2025-09-27 06:38:39.080 [DEBUG] VALIDATION - Starting wrapper validation for package: yara
2025-09-27 06:38:39.081 [DEBUG] VALIDATION -   Wrapper validation passed for yara
2025-09-27 06:38:39.082 [INFO] PORTX - Processing: yarn
2025-09-27 06:38:39.083 [DEBUG] PORTX - Validating package: yarn
2025-09-27 06:38:39.085 [DEBUG] PORTX - Package yarn validation passed
2025-09-27 06:38:39.087 [INFO] PORTX -   Import type: wrap
2025-09-27 06:38:39.088 [INFO] PORTX -   WRAP: yarn
2025-09-27 06:38:39.089 [DEBUG] PORTX - Processing tool: yarn, path: yarn.cmd
2025-09-27 06:38:39.090 [DEBUG] PORTX - About to create bash wrapper with: PackageName=yarn, ToolName=yarn, ExecutablePath=yarn.cmd, DefaultArgs=''
2025-09-27 06:38:39.090 [DEBUG] PORTX - New-UniversalBashWrapper called with PackageName='yarn', ToolName='yarn'
2025-09-27 06:38:39.092 [DEBUG] SANITIZE - Sanitizing file: C:\App\PORTX\wrappers\posix\yarn
2025-09-27 06:38:39.094 [DEBUG] SANITIZE - File sanitized: C:\App\PORTX\wrappers\posix\yarn
2025-09-27 06:38:39.095 [DEBUG] PORTX - Created universal bash wrapper: C:\App\PORTX\wrappers\posix\yarn
2025-09-27 06:38:39.095 [DEBUG] PORTX - New-UniversalCmdWrapper called with PackageName='yarn', ToolName='yarn'
2025-09-27 06:38:39.097 [DEBUG] PORTX - Created universal CMD wrapper: C:\App\PORTX\wrappers\windows\yarn.cmd
2025-09-27 06:38:39.098 [DEBUG] PORTX - About to create Go wrapper with: PackageName=yarn, ToolName=yarn, ExecutablePath=yarn.cmd, DefaultArgs=''
2025-09-27 06:38:39.100 [INFO] PORTX -   Created 1 wrappers for yarn
2025-09-27 06:38:39.101 [DEBUG] VALIDATION - Starting wrapper validation for package: yarn
2025-09-27 06:38:39.102 [DEBUG] VALIDATION -   Wrapper validation passed for yarn
2025-09-27 06:38:39.103 [INFO] PORTX - Processing: yazi
2025-09-27 06:38:39.104 [DEBUG] PORTX - Validating package: yazi
2025-09-27 06:38:39.107 [DEBUG] PORTX - Package yazi validation passed
2025-09-27 06:38:39.108 [INFO] PORTX -   Import type: wrap
2025-09-27 06:38:39.109 [INFO] PORTX -   WRAP: yazi
2025-09-27 06:38:39.110 [DEBUG] PORTX - Processing tool: yazi, path: yazi.exe
2025-09-27 06:38:39.111 [DEBUG] PORTX - About to create bash wrapper with: PackageName=yazi, ToolName=yazi, ExecutablePath=yazi.exe, DefaultArgs=''
2025-09-27 06:38:39.112 [DEBUG] PORTX - New-UniversalBashWrapper called with PackageName='yazi', ToolName='yazi'
2025-09-27 06:38:39.114 [DEBUG] SANITIZE - Sanitizing file: C:\App\PORTX\wrappers\posix\yazi
2025-09-27 06:38:39.116 [DEBUG] SANITIZE - File sanitized: C:\App\PORTX\wrappers\posix\yazi
2025-09-27 06:38:39.116 [DEBUG] PORTX - Created universal bash wrapper: C:\App\PORTX\wrappers\posix\yazi
2025-09-27 06:38:39.117 [DEBUG] PORTX - New-UniversalCmdWrapper called with PackageName='yazi', ToolName='yazi'
2025-09-27 06:38:39.119 [DEBUG] PORTX - Created universal CMD wrapper: C:\App\PORTX\wrappers\windows\yazi.cmd
2025-09-27 06:38:39.120 [DEBUG] PORTX - About to create Go wrapper with: PackageName=yazi, ToolName=yazi, ExecutablePath=yazi.exe, DefaultArgs=''
2025-09-27 06:38:39.121 [INFO] PORTX -   Created 1 wrappers for yazi
2025-09-27 06:38:39.123 [DEBUG] VALIDATION - Starting wrapper validation for package: yazi
2025-09-27 06:38:39.124 [DEBUG] VALIDATION -   Wrapper validation passed for yazi
2025-09-27 06:38:39.125 [INFO] PORTX - Processing: yozefu
2025-09-27 06:38:39.126 [DEBUG] PORTX - Validating package: yozefu
2025-09-27 06:38:39.129 [DEBUG] PORTX - Package yozefu validation passed
2025-09-27 06:38:39.130 [INFO] PORTX -   Import type: wrap
2025-09-27 06:38:39.131 [INFO] PORTX -   WRAP: yozefu
2025-09-27 06:38:39.132 [DEBUG] PORTX - Processing tool: yozefu, path: bin/yozefu.exe
2025-09-27 06:38:39.133 [DEBUG] PORTX - About to create bash wrapper with: PackageName=yozefu, ToolName=yozefu, ExecutablePath=bin/yozefu.exe, DefaultArgs=''
2025-09-27 06:38:39.134 [DEBUG] PORTX - New-UniversalBashWrapper called with PackageName='yozefu', ToolName='yozefu'
2025-09-27 06:38:39.135 [DEBUG] SANITIZE - Sanitizing file: C:\App\PORTX\wrappers\posix\yozefu
2025-09-27 06:38:39.137 [DEBUG] SANITIZE - File sanitized: C:\App\PORTX\wrappers\posix\yozefu
2025-09-27 06:38:39.138 [DEBUG] PORTX - Created universal bash wrapper: C:\App\PORTX\wrappers\posix\yozefu
2025-09-27 06:38:39.138 [DEBUG] PORTX - New-UniversalCmdWrapper called with PackageName='yozefu', ToolName='yozefu'
2025-09-27 06:38:39.140 [DEBUG] PORTX - Created universal CMD wrapper: C:\App\PORTX\wrappers\windows\yozefu.cmd
2025-09-27 06:38:39.142 [DEBUG] PORTX - About to create Go wrapper with: PackageName=yozefu, ToolName=yozefu, ExecutablePath=bin/yozefu.exe, DefaultArgs=''
2025-09-27 06:38:39.143 [INFO] PORTX -   Created 1 wrappers for yozefu
2025-09-27 06:38:39.144 [DEBUG] VALIDATION - Starting wrapper validation for package: yozefu
2025-09-27 06:38:39.145 [DEBUG] VALIDATION -   Wrapper validation passed for yozefu
2025-09-27 06:38:39.146 [INFO] PORTX - Processing: yq
2025-09-27 06:38:39.147 [DEBUG] PORTX - Validating package: yq
2025-09-27 06:38:39.150 [DEBUG] PORTX - Package yq validation passed
2025-09-27 06:38:39.151 [INFO] PORTX -   Import type: wrap
2025-09-27 06:38:39.153 [INFO] PORTX -   WRAP: yq
2025-09-27 06:38:39.154 [DEBUG] PORTX - Processing tool: yq, path: yq.exe
2025-09-27 06:38:39.155 [DEBUG] PORTX - About to create bash wrapper with: PackageName=yq, ToolName=yq, ExecutablePath=yq.exe, DefaultArgs=''
2025-09-27 06:38:39.156 [DEBUG] PORTX - New-UniversalBashWrapper called with PackageName='yq', ToolName='yq'
2025-09-27 06:38:39.158 [DEBUG] SANITIZE - Sanitizing file: C:\App\PORTX\wrappers\posix\yq
2025-09-27 06:38:39.159 [DEBUG] SANITIZE - File sanitized: C:\App\PORTX\wrappers\posix\yq
2025-09-27 06:38:39.160 [DEBUG] PORTX - Created universal bash wrapper: C:\App\PORTX\wrappers\posix\yq
2025-09-27 06:38:39.161 [DEBUG] PORTX - New-UniversalCmdWrapper called with PackageName='yq', ToolName='yq'
2025-09-27 06:38:39.163 [DEBUG] PORTX - Created universal CMD wrapper: C:\App\PORTX\wrappers\windows\yq.cmd
2025-09-27 06:38:39.164 [DEBUG] PORTX - About to create Go wrapper with: PackageName=yq, ToolName=yq, ExecutablePath=yq.exe, DefaultArgs=''
2025-09-27 06:38:39.165 [INFO] PORTX -   Created 1 wrappers for yq
2025-09-27 06:38:39.166 [DEBUG] VALIDATION - Starting wrapper validation for package: yq
2025-09-27 06:38:39.167 [DEBUG] VALIDATION -   Wrapper validation passed for yq
2025-09-27 06:38:39.168 [INFO] PORTX - Processing: zig
2025-09-27 06:38:39.169 [DEBUG] PORTX - Validating package: zig
2025-09-27 06:38:39.172 [DEBUG] PORTX - Package zig validation passed
2025-09-27 06:38:39.173 [INFO] PORTX -   Import type: wrap
2025-09-27 06:38:39.174 [INFO] PORTX -   WRAP: zig
2025-09-27 06:38:39.175 [DEBUG] PORTX - Processing tool: zig, path: zig.exe
2025-09-27 06:38:39.176 [DEBUG] PORTX - About to create bash wrapper with: PackageName=zig, ToolName=zig, ExecutablePath=zig.exe, DefaultArgs=''
2025-09-27 06:38:39.177 [DEBUG] PORTX - New-UniversalBashWrapper called with PackageName='zig', ToolName='zig'
2025-09-27 06:38:39.178 [DEBUG] SANITIZE - Sanitizing file: C:\App\PORTX\wrappers\posix\zig
2025-09-27 06:38:39.180 [DEBUG] SANITIZE - File sanitized: C:\App\PORTX\wrappers\posix\zig
2025-09-27 06:38:39.181 [DEBUG] PORTX - Created universal bash wrapper: C:\App\PORTX\wrappers\posix\zig
2025-09-27 06:38:39.182 [DEBUG] PORTX - New-UniversalCmdWrapper called with PackageName='zig', ToolName='zig'
2025-09-27 06:38:39.184 [DEBUG] PORTX - Created universal CMD wrapper: C:\App\PORTX\wrappers\windows\zig.cmd
2025-09-27 06:38:39.185 [DEBUG] PORTX - About to create Go wrapper with: PackageName=zig, ToolName=zig, ExecutablePath=zig.exe, DefaultArgs=''
2025-09-27 06:38:39.185 [INFO] PORTX -   Created 1 wrappers for zig
2025-09-27 06:38:39.187 [DEBUG] VALIDATION - Starting wrapper validation for package: zig
2025-09-27 06:38:39.188 [DEBUG] VALIDATION -   Wrapper validation passed for zig
2025-09-27 06:38:39.189 [INFO] PORTX - Processing: zoxide
2025-09-27 06:38:39.190 [DEBUG] PORTX - Validating package: zoxide
2025-09-27 06:38:39.193 [DEBUG] PORTX - Package zoxide validation passed
2025-09-27 06:38:39.194 [INFO] PORTX -   Import type: wrap
2025-09-27 06:38:39.195 [INFO] PORTX -   WRAP: zoxide
2025-09-27 06:38:39.196 [DEBUG] PORTX - Processing tool: zoxide, path: zoxide.exe
2025-09-27 06:38:39.197 [DEBUG] PORTX - About to create bash wrapper with: PackageName=zoxide, ToolName=zoxide, ExecutablePath=zoxide.exe, DefaultArgs=''
2025-09-27 06:38:39.198 [DEBUG] PORTX - New-UniversalBashWrapper called with PackageName='zoxide', ToolName='zoxide'
2025-09-27 06:38:39.199 [DEBUG] SANITIZE - Sanitizing file: C:\App\PORTX\wrappers\posix\zoxide
2025-09-27 06:38:39.201 [DEBUG] SANITIZE - File sanitized: C:\App\PORTX\wrappers\posix\zoxide
2025-09-27 06:38:39.202 [DEBUG] PORTX - Created universal bash wrapper: C:\App\PORTX\wrappers\posix\zoxide
2025-09-27 06:38:39.203 [DEBUG] PORTX - New-UniversalCmdWrapper called with PackageName='zoxide', ToolName='zoxide'
2025-09-27 06:38:39.205 [DEBUG] PORTX - Created universal CMD wrapper: C:\App\PORTX\wrappers\windows\zoxide.cmd
2025-09-27 06:38:39.206 [DEBUG] PORTX - About to create Go wrapper with: PackageName=zoxide, ToolName=zoxide, ExecutablePath=zoxide.exe, DefaultArgs=''
2025-09-27 06:38:39.207 [INFO] PORTX -   Created 1 wrappers for zoxide
2025-09-27 06:38:39.208 [DEBUG] VALIDATION - Starting wrapper validation for package: zoxide
2025-09-27 06:38:39.209 [DEBUG] VALIDATION -   Wrapper validation passed for zoxide
2025-09-27 06:38:39.210 [INFO] PORTX - Processing: zstd
2025-09-27 06:38:39.211 [DEBUG] PORTX - Validating package: zstd
2025-09-27 06:38:39.214 [DEBUG] PORTX - Package zstd validation passed
2025-09-27 06:38:39.215 [INFO] PORTX -   Import type: wrap
2025-09-27 06:38:39.216 [INFO] PORTX -   WRAP: zstd
2025-09-27 06:38:39.217 [DEBUG] PORTX - Processing tool: zstd, path: zstd.exe
2025-09-27 06:38:39.218 [DEBUG] PORTX - About to create bash wrapper with: PackageName=zstd, ToolName=zstd, ExecutablePath=zstd.exe, DefaultArgs=''
2025-09-27 06:38:39.219 [DEBUG] PORTX - New-UniversalBashWrapper called with PackageName='zstd', ToolName='zstd'
2025-09-27 06:38:39.221 [DEBUG] SANITIZE - Sanitizing file: C:\App\PORTX\wrappers\posix\zstd
2025-09-27 06:38:39.222 [DEBUG] SANITIZE - File sanitized: C:\App\PORTX\wrappers\posix\zstd
2025-09-27 06:38:39.223 [DEBUG] PORTX - Created universal bash wrapper: C:\App\PORTX\wrappers\posix\zstd
2025-09-27 06:38:39.224 [DEBUG] PORTX - New-UniversalCmdWrapper called with PackageName='zstd', ToolName='zstd'
2025-09-27 06:38:39.226 [DEBUG] PORTX - Created universal CMD wrapper: C:\App\PORTX\wrappers\windows\zstd.cmd
2025-09-27 06:38:39.227 [DEBUG] PORTX - About to create Go wrapper with: PackageName=zstd, ToolName=zstd, ExecutablePath=zstd.exe, DefaultArgs=''
2025-09-27 06:38:39.228 [INFO] PORTX -   Created 1 wrappers for zstd
2025-09-27 06:38:39.229 [DEBUG] VALIDATION - Starting wrapper validation for package: zstd
2025-09-27 06:38:39.230 [DEBUG] VALIDATION -   Wrapper validation passed for zstd
2025-09-27 06:38:39.231 [INFO] PORTX - Import completed: 221/221 packages processed
2025-09-27 06:38:39.236 [INFO] PORTX - Generating packages path: C:\App\PORTX\path\portx_pkg_path
2025-09-27 06:38:39.239 [DEBUG] SANITIZE - Sanitizing file: C:\App\PORTX\path\portx_pkg_path
2025-09-27 06:38:39.240 [DEBUG] SANITIZE - File sanitized: C:\App\PORTX\path\portx_pkg_path
2025-09-27 06:38:39.241 [INFO] PORTX - Packages path created with 2 packages
2025-09-27 06:38:39.243 [INFO] PORTX - Import completed successfully!
